[2025-05-21 23:34:42] [ACCESS_ATTEMPT] User 'suthan@jobhunt.top' (Role: 'super_admin') attempting to access view: 'logs'.
[2025-05-21 23:35:41] [ACCESS_ATTEMPT] User 'suthan@jobhunt.top' (Role: 'super_admin') attempting to access view: 'logs'.
[2025-05-21 23:36:14] [ACCESS_ATTEMPT] User 'suthan@jobhunt.top' (Role: 'super_admin') attempting to access view: 'logs'.
[2025-05-21 23:36:20] [ACCESS_ATTEMPT] User 'suthan@jobhunt.top' (Role: 'super_admin') attempting to access view: 'logs'.
[2025-05-21 23:36:20] [ACCESS_GRANTED] User 'suthan@jobhunt.top' accessed 'logs' view.
[2025-05-21 23:36:22] [ACCESS_ATTEMPT] User 'suthan@jobhunt.top' (Role: 'super_admin') attempting to access view: 'logs'.
[2025-05-21 23:36:22] [ACCESS_GRANTED] User 'suthan@jobhunt.top' accessed 'logs' view.
[2025-05-21 23:36:32] [ACCESS_ATTEMPT] User 'suthan@jobhunt.top' (Role: 'super_admin') attempting to access view: 'logs'.
[2025-05-21 23:36:42] [ACCESS_ATTEMPT] User 'suthan@jobhunt.top' (Role: 'super_admin') attempting to access view: 'logs'.
[2025-05-21 23:36:52] [ACCESS_ATTEMPT] User 'suthan@jobhunt.top' (Role: 'super_admin') attempting to access view: 'logs'.
[2025-05-21 23:36:58] [ACCESS_ATTEMPT] User 'suthan@jobhunt.top' (Role: 'super_admin') attempting to access view: 'dashboard_overview'.
[2025-05-21 23:37:01] [ACCESS_ATTEMPT] User 'suthan@jobhunt.top' (Role: 'super_admin') attempting to access view: 'manage_jobs'.
[2025-05-21 23:37:02] [ACCESS_ATTEMPT] User 'suthan@jobhunt.top' (Role: 'super_admin') attempting to access view: 'post_job'.
[2025-05-21 23:37:12] [AI_SUMMARY_SKIP] AI Summary generation skipped for job 'Hari 41330': API Key is placeholder or empty.
[2025-05-21 23:37:14] [AI_SUMMARY_SUCCESS] AI summary generated successfully for job 'Hari 41330'.
[2025-05-21 23:37:14] [JOB_POST_REVIEW_READY] Job post by 'suthan@jobhunt.top' (Title: 'Hari 41330') ready for review. AI Summary generated (length: 429).
[2025-05-21 23:37:14] [ACCESS_ATTEMPT] User 'suthan@jobhunt.top' (Role: 'super_admin') attempting to access view: 'post_job'.
[2025-05-21 23:37:15] [JOB_POST_SUCCESS] Job ID '1747850835_9814' (Title: 'Hari 41330') posted successfully by 'suthan@jobhunt.top'.
[2025-05-21 23:37:15] [ACCESS_ATTEMPT] User 'suthan@jobhunt.top' (Role: 'super_admin') attempting to access view: 'manage_jobs'.
[2025-05-21 23:37:21] [ACCESS_ATTEMPT] User 'suthan@jobhunt.top' (Role: 'super_admin') attempting to access view: 'logs'.
[2025-05-21 23:37:21] [ACCESS_GRANTED] User 'suthan@jobhunt.top' accessed 'logs' view.
[2025-05-21 23:37:31] [ACCESS_ATTEMPT] User 'suthan@jobhunt.top' (Role: 'super_admin') attempting to access view: 'logs'.
[2025-05-21 23:37:41] [ACCESS_ATTEMPT] User 'suthan@jobhunt.top' (Role: 'super_admin') attempting to access view: 'logs'.
[2025-05-21 23:37:51] [ACCESS_ATTEMPT] User 'suthan@jobhunt.top' (Role: 'super_admin') attempting to access view: 'logs'.
[2025-05-21 23:38:02] [ACCESS_ATTEMPT] User 'suthan@jobhunt.top' (Role: 'super_admin') attempting to access view: 'logs'.
[2025-05-21 23:38:11] [ACCESS_ATTEMPT] User 'suthan@jobhunt.top' (Role: 'super_admin') attempting to access view: 'logs'.
[2025-05-21 23:38:21] [ACCESS_ATTEMPT] User 'suthan@jobhunt.top' (Role: 'super_admin') attempting to access view: 'logs'.
[2025-05-21 23:38:31] [ACCESS_ATTEMPT] User 'suthan@jobhunt.top' (Role: 'super_admin') attempting to access view: 'logs'.
[2025-05-21 23:38:42] [ACCESS_ATTEMPT] User 'suthan@jobhunt.top' (Role: 'super_admin') attempting to access view: 'logs'.
[2025-05-21 23:38:49] [ACCESS_ATTEMPT] User 'suthan@jobhunt.top' (Role: 'super_admin') attempting to access view: 'logs'.
[2025-05-21 23:38:49] [ACCESS_GRANTED] User 'suthan@jobhunt.top' accessed 'logs' view.
[2025-05-21 23:38:50] [ACCESS_ATTEMPT] User 'suthan@jobhunt.top' (Role: 'super_admin') attempting to access view: 'logs'.
[2025-05-21 23:38:50] [ACCESS_GRANTED] User 'suthan@jobhunt.top' accessed 'logs' view.
[2025-05-21 23:38:56] [ACCESS_ATTEMPT] User 'suthan@jobhunt.top' (Role: 'super_admin') attempting to access view: 'dashboard_overview'.
[2025-05-21 23:38:57] [ACCESS_ATTEMPT] User 'suthan@jobhunt.top' (Role: 'super_admin') attempting to access view: 'logs'.
[2025-05-21 23:38:57] [ACCESS_GRANTED] User 'suthan@jobhunt.top' accessed 'logs' view.
[2025-05-21 23:39:07] [ACCESS_ATTEMPT] User 'suthan@jobhunt.top' (Role: 'super_admin') attempting to access view: 'logs'.
[2025-05-21 23:39:18] [ACCESS_ATTEMPT] User 'suthan@jobhunt.top' (Role: 'super_admin') attempting to access view: 'logs'.
[2025-05-21 23:39:27] [ACCESS_ATTEMPT] User 'suthan@jobhunt.top' (Role: 'super_admin') attempting to access view: 'logs'.
[2025-05-21 23:39:38] [ACCESS_ATTEMPT] User 'suthan@jobhunt.top' (Role: 'super_admin') attempting to access view: 'logs'.
[2025-05-21 23:39:47] [ACCESS_ATTEMPT] User 'suthan@jobhunt.top' (Role: 'super_admin') attempting to access view: 'logs'.
[2025-05-21 23:39:57] [ACCESS_ATTEMPT] User 'suthan@jobhunt.top' (Role: 'super_admin') attempting to access view: 'logs'.
[2025-05-21 23:39:59] [ACCESS_ATTEMPT] User 'suthan@jobhunt.top' (Role: 'super_admin') attempting to access view: 'logs'.
[2025-05-21 23:39:59] [ACCESS_GRANTED] User 'suthan@jobhunt.top' accessed 'logs' view.
[2025-05-21 23:40:09] [ACCESS_ATTEMPT] User 'suthan@jobhunt.top' (Role: 'super_admin') attempting to access view: 'logs'.
[2025-05-21 23:40:19] [ACCESS_ATTEMPT] User 'suthan@jobhunt.top' (Role: 'super_admin') attempting to access view: 'logs'.
[2025-05-21 23:40:29] [ACCESS_ATTEMPT] User 'suthan@jobhunt.top' (Role: 'super_admin') attempting to access view: 'logs'.
[2025-05-21 23:40:40] [ACCESS_ATTEMPT] User 'suthan@jobhunt.top' (Role: 'super_admin') attempting to access view: 'logs'.
[2025-05-21 23:40:49] [ACCESS_ATTEMPT] User 'suthan@jobhunt.top' (Role: 'super_admin') attempting to access view: 'logs'.
[2025-05-21 23:41:00] [ACCESS_ATTEMPT] User 'suthan@jobhunt.top' (Role: 'super_admin') attempting to access view: 'logs'.
[2025-05-21 23:41:10] [ACCESS_ATTEMPT] User 'suthan@jobhunt.top' (Role: 'super_admin') attempting to access view: 'logs'.
[2025-05-21 23:41:19] [ACCESS_ATTEMPT] User 'suthan@jobhunt.top' (Role: 'super_admin') attempting to access view: 'logs'.
[2025-05-21 23:41:28] [ACCESS_ATTEMPT] User 'suthan@jobhunt.top' (Role: 'super_admin') attempting to access view: 'logs'.
[2025-05-21 23:41:28] [ACCESS_GRANTED] User 'suthan@jobhunt.top' accessed 'logs' view.
[2025-05-21 23:41:35] [ACCESS_ATTEMPT] User 'suthan@jobhunt.top' (Role: 'super_admin') attempting to access view: 'logs'.
[2025-05-21 23:41:35] [ACCESS_GRANTED] User 'suthan@jobhunt.top' accessed 'logs' view.
[2025-05-21 23:41:45] [ACCESS_ATTEMPT] User 'suthan@jobhunt.top' (Role: 'super_admin') attempting to access view: 'logs'.
[2025-05-21 23:41:55] [ACCESS_ATTEMPT] User 'suthan@jobhunt.top' (Role: 'super_admin') attempting to access view: 'logs'.
[2025-05-21 23:42:05] [ACCESS_ATTEMPT] User 'suthan@jobhunt.top' (Role: 'super_admin') attempting to access view: 'logs'.
[2025-05-21 23:42:09] [ACCESS_ATTEMPT] User 'suthan@jobhunt.top' (Role: 'super_admin') attempting to access view: 'generate_message'.
[2025-05-21 23:42:09] [ACCESS_GRANTED] User 'suthan@jobhunt.top' accessed 'generate_message' view. WhatsApp generated: Yes. Telegram generated: Yes.
[2025-05-21 23:42:10] [ACCESS_ATTEMPT] User 'suthan@jobhunt.top' (Role: 'super_admin') attempting to access view: 'logs'.
[2025-05-21 23:42:10] [ACCESS_GRANTED] User 'suthan@jobhunt.top' accessed 'logs' view.
[2025-05-21 23:42:17] [ACCESS_ATTEMPT] User 'suthan@jobhunt.top' (Role: 'super_admin') attempting to access view: 'dashboard_overview'.
[2025-05-21 23:42:20] [ACCESS_ATTEMPT] User 'suthan@jobhunt.top' (Role: 'super_admin') attempting to access view: 'dashboard_service_one'.
[2025-05-21 23:42:20] [ACCESS_GRANTED] User 'suthan@jobhunt.top' accessed 'dashboard_service_one' view.
[2025-05-21 23:42:24] [ACCESS_ATTEMPT] User 'suthan@jobhunt.top' (Role: 'super_admin') attempting to access view: 'server_management'.
[2025-05-21 23:42:24] [ACCESS_GRANTED] User 'suthan@jobhunt.top' accessed 'server_management' view.
[2025-05-21 23:43:41] [ACCESS_ATTEMPT] User 'suthan@jobhunt.top' (Role: 'super_admin') attempting to access view: 'logs'.
[2025-05-21 23:43:41] [ACCESS_GRANTED] User 'suthan@jobhunt.top' accessed 'logs' view.
[2025-05-21 23:43:51] [ACCESS_ATTEMPT] User 'suthan@jobhunt.top' (Role: 'super_admin') attempting to access view: 'logs'.
[2025-05-21 23:44:02] [ACCESS_ATTEMPT] User 'suthan@jobhunt.top' (Role: 'super_admin') attempting to access view: 'logs'.
[2025-05-21 23:44:11] [ACCESS_ATTEMPT] User 'suthan@jobhunt.top' (Role: 'super_admin') attempting to access view: 'logs'.
[2025-05-21 23:44:21] [ACCESS_ATTEMPT] User 'suthan@jobhunt.top' (Role: 'super_admin') attempting to access view: 'logs'.
[2025-05-21 23:44:31] [ACCESS_ATTEMPT] User 'suthan@jobhunt.top' (Role: 'super_admin') attempting to access view: 'logs'.
[2025-05-21 23:44:41] [ACCESS_ATTEMPT] User 'suthan@jobhunt.top' (Role: 'super_admin') attempting to access view: 'logs'.
[2025-05-21 23:44:52] [ACCESS_ATTEMPT] User 'suthan@jobhunt.top' (Role: 'super_admin') attempting to access view: 'logs'.
[2025-05-21 23:45:01] [ACCESS_ATTEMPT] User 'suthan@jobhunt.top' (Role: 'super_admin') attempting to access view: 'logs'.
[2025-05-21 23:45:11] [ACCESS_ATTEMPT] User 'suthan@jobhunt.top' (Role: 'super_admin') attempting to access view: 'logs'.
[2025-05-21 23:45:21] [ACCESS_ATTEMPT] User 'suthan@jobhunt.top' (Role: 'super_admin') attempting to access view: 'logs'.
[2025-05-21 23:45:31] [ACCESS_ATTEMPT] User 'suthan@jobhunt.top' (Role: 'super_admin') attempting to access view: 'logs'.
[2025-05-21 23:45:41] [ACCESS_ATTEMPT] User 'suthan@jobhunt.top' (Role: 'super_admin') attempting to access view: 'logs'.
[2025-05-21 23:45:52] [ACCESS_ATTEMPT] User 'suthan@jobhunt.top' (Role: 'super_admin') attempting to access view: 'logs'.
[2025-05-21 23:46:01] [ACCESS_ATTEMPT] User 'suthan@jobhunt.top' (Role: 'super_admin') attempting to access view: 'logs'.
[2025-05-21 23:46:26] [ACCESS_ATTEMPT] User 'suthan@jobhunt.top' (Role: 'super_admin') attempting to access view: 'logs'.
[2025-05-21 23:46:31] [ACCESS_ATTEMPT] User 'suthan@jobhunt.top' (Role: 'super_admin') attempting to access view: 'logs'.
[2025-05-21 23:46:41] [ACCESS_ATTEMPT] User 'suthan@jobhunt.top' (Role: 'super_admin') attempting to access view: 'logs'.
[2025-05-21 23:46:51] [ACCESS_ATTEMPT] User 'suthan@jobhunt.top' (Role: 'super_admin') attempting to access view: 'logs'.
[2025-05-21 23:47:01] [ACCESS_ATTEMPT] User 'suthan@jobhunt.top' (Role: 'super_admin') attempting to access view: 'logs'.
[2025-05-21 23:47:11] [ACCESS_ATTEMPT] User 'suthan@jobhunt.top' (Role: 'super_admin') attempting to access view: 'logs'.
[2025-05-21 23:47:22] [ACCESS_ATTEMPT] User 'suthan@jobhunt.top' (Role: 'super_admin') attempting to access view: 'logs'.
[2025-05-21 23:47:41] [ACCESS_ATTEMPT] User 'suthan@jobhunt.top' (Role: 'super_admin') attempting to access view: 'logs'.
[2025-05-21 23:48:41] [ACCESS_ATTEMPT] User 'suthan@jobhunt.top' (Role: 'super_admin') attempting to access view: 'logs'.
[2025-05-21 23:49:41] [ACCESS_ATTEMPT] User 'suthan@jobhunt.top' (Role: 'super_admin') attempting to access view: 'logs'.
[2025-05-21 23:50:41] [ACCESS_ATTEMPT] User 'suthan@jobhunt.top' (Role: 'super_admin') attempting to access view: 'logs'.
[2025-05-21 23:51:00] [ACCESS_ATTEMPT] User 'suthan@jobhunt.top' (Role: 'super_admin') attempting to access view: 'logs'.
[2025-05-21 23:51:01] [ACCESS_ATTEMPT] User 'suthan@jobhunt.top' (Role: 'super_admin') attempting to access view: 'logs'.
[2025-05-21 23:51:03] [ACCESS_ATTEMPT] User 'suthan@jobhunt.top' (Role: 'super_admin') attempting to access view: 'dashboard_overview'.
[2025-05-21 23:51:04] [ACCESS_ATTEMPT] User 'suthan@jobhunt.top' (Role: 'super_admin') attempting to access view: 'dashboard_overview'.
[2025-05-21 23:51:06] [ACCESS_ATTEMPT] User 'suthan@jobhunt.top' (Role: 'super_admin') attempting to access view: 'server_management'.
[2025-05-21 23:51:06] [ACCESS_GRANTED] User 'suthan@jobhunt.top' accessed 'server_management' view.
[2025-05-21 23:59:28] [BACKUP_TRIGGER] Data backup to GitHub triggered by 'suthan@jobhunt.top'. Output: 'bash' is not recognized as an internal or external command,operable program or batch file.
[2025-05-21 23:59:28] [ACCESS_ATTEMPT] User 'suthan@jobhunt.top' (Role: 'super_admin') attempting to access view: 'server_management'.
[2025-05-21 23:59:28] [ACCESS_GRANTED] User 'suthan@jobhunt.top' accessed 'server_management' view.
[2025-05-21 23:59:53] [ACCESS_ATTEMPT] User 'suthan@jobhunt.top' (Role: 'super_admin') attempting to access view: 'manage_jobs'.
[2025-05-21 23:59:53] [ACCESS_ATTEMPT] User 'suthan@jobhunt.top' (Role: 'super_admin') attempting to access view: 'dashboard_overview'.
[2025-05-21 23:59:55] [ACCESS_ATTEMPT] User 'suthan@jobhunt.top' (Role: 'super_admin') attempting to access view: 'dashboard_service_one'.
[2025-05-21 23:59:55] [ACCESS_GRANTED] User 'suthan@jobhunt.top' accessed 'dashboard_service_one' view.
[2025-05-21 23:59:56] [ACCESS_ATTEMPT] User 'suthan@jobhunt.top' (Role: 'super_admin') attempting to access view: 'dashboard_user_info'.
[2025-05-21 23:59:56] [ACCESS_GRANTED] User 'suthan@jobhunt.top' accessed 'dashboard_user_info' view.
[2025-05-21 23:59:57] [ACCESS_ATTEMPT] User 'suthan@jobhunt.top' (Role: 'super_admin') attempting to access view: 'dashboard_service_two'.
[2025-05-21 23:59:57] [ACCESS_GRANTED] User 'suthan@jobhunt.top' accessed 'dashboard_service_two' view.
[2025-05-22 00:00:00] [ACCESS_ATTEMPT] User 'suthan@jobhunt.top' (Role: 'super_admin') attempting to access view: 'dashboard_user_info'.
[2025-05-22 00:00:00] [ACCESS_GRANTED] User 'suthan@jobhunt.top' accessed 'dashboard_user_info' view.
[2025-05-22 00:00:09] [ACCESS_ATTEMPT] User 'suthan@jobhunt.top' (Role: 'super_admin') attempting to access view: 'dashboard_service_one'.
[2025-05-22 00:00:09] [ACCESS_GRANTED] User 'suthan@jobhunt.top' accessed 'dashboard_service_one' view.
[2025-05-22 00:00:12] [ACCESS_ATTEMPT] User 'suthan@jobhunt.top' (Role: 'super_admin') attempting to access view: 'dashboard_user_info'.
[2025-05-22 00:00:12] [ACCESS_GRANTED] User 'suthan@jobhunt.top' accessed 'dashboard_user_info' view.
[2025-05-22 00:01:09] [ACCESS_ATTEMPT] User 'suthan@jobhunt.top' (Role: 'super_admin') attempting to access view: 'dashboard_overview'.
[2025-05-22 00:05:34] [ACCESS_ATTEMPT] User 'suthan@jobhunt.top' (Role: 'super_admin') attempting to access view: 'dashboard_overview'.
[2025-05-22 00:05:39] [ACCESS_ATTEMPT] User 'suthan@jobhunt.top' (Role: 'super_admin') attempting to access view: 'dashboard_service_one'.
[2025-05-22 00:05:39] [ACCESS_GRANTED] User 'suthan@jobhunt.top' accessed 'dashboard_service_one' view.
[2025-05-22 00:05:40] [ACCESS_ATTEMPT] User 'suthan@jobhunt.top' (Role: 'super_admin') attempting to access view: 'dashboard_user_info'.
[2025-05-22 00:05:40] [ACCESS_GRANTED] User 'suthan@jobhunt.top' accessed 'dashboard_user_info' view.
[2025-05-22 00:05:50] [ACCESS_ATTEMPT] User 'suthan@jobhunt.top' (Role: 'super_admin') attempting to access view: 'manage_jobs'.
[2025-05-22 00:06:04] [ACCESS_ATTEMPT] User 'suthan@jobhunt.top' (Role: 'super_admin') attempting to access view: 'dashboard_overview'.
[2025-05-22 00:06:12] [ACCESS_ATTEMPT] User 'suthan@jobhunt.top' (Role: 'super_admin') attempting to access view: 'dashboard_service_one'.
[2025-05-22 00:06:12] [ACCESS_GRANTED] User 'suthan@jobhunt.top' accessed 'dashboard_service_one' view.
[2025-05-22 00:06:12] [ACCESS_ATTEMPT] User 'suthan@jobhunt.top' (Role: 'super_admin') attempting to access view: 'dashboard_user_info'.
[2025-05-22 00:06:12] [ACCESS_GRANTED] User 'suthan@jobhunt.top' accessed 'dashboard_user_info' view.
[2025-05-22 00:08:14] [ACCESS_ATTEMPT] User 'suthan@jobhunt.top' (Role: 'super_admin') attempting to access view: 'dashboard_service_two'.
[2025-05-22 00:08:14] [ACCESS_GRANTED] User 'suthan@jobhunt.top' accessed 'dashboard_service_two' view.
[2025-05-22 00:08:18] [ACCESS_ATTEMPT] User 'suthan@jobhunt.top' (Role: 'super_admin') attempting to access view: 'dashboard_user_info'.
[2025-05-22 00:08:18] [ACCESS_GRANTED] User 'suthan@jobhunt.top' accessed 'dashboard_user_info' view.
[2025-05-22 00:08:20] [ACCESS_ATTEMPT] User 'suthan@jobhunt.top' (Role: 'super_admin') attempting to access view: 'dashboard_service_one'.
[2025-05-22 00:08:20] [ACCESS_GRANTED] User 'suthan@jobhunt.top' accessed 'dashboard_service_one' view.
[2025-05-22 00:10:54] [ACCESS_ATTEMPT] User 'suthan@jobhunt.top' (Role: 'super_admin') attempting to access view: 'dashboard_service_one'.
[2025-05-22 00:10:54] [ACCESS_GRANTED] User 'suthan@jobhunt.top' accessed 'dashboard_service_one' view.
[2025-05-22 00:10:55] [ACCESS_ATTEMPT] User 'suthan@jobhunt.top' (Role: 'super_admin') attempting to access view: 'dashboard_visitors_info'.
[2025-05-22 00:10:55] [ACCESS_GRANTED] User 'suthan@jobhunt.top' accessed 'dashboard_visitors_info' view.
[2025-05-22 00:11:21] [ACCESS_ATTEMPT] User 'suthan@jobhunt.top' (Role: 'super_admin') attempting to access view: 'dashboard_overview'.
[2025-05-22 00:11:28] [ACCESS_ATTEMPT] User 'suthan@jobhunt.top' (Role: 'super_admin') attempting to access view: 'dashboard_visitors_info'.
[2025-05-22 00:11:28] [ACCESS_GRANTED] User 'suthan@jobhunt.top' accessed 'dashboard_visitors_info' view.
[2025-05-22 00:12:30] [ACCESS_ATTEMPT] User 'suthan@jobhunt.top' (Role: 'super_admin') attempting to access view: 'dashboard_overview'.
[2025-05-22 00:12:38] [ACCESS_ATTEMPT] User 'suthan@jobhunt.top' (Role: 'super_admin') attempting to access view: 'dashboard_service_one'.
[2025-05-22 00:12:38] [ACCESS_GRANTED] User 'suthan@jobhunt.top' accessed 'dashboard_service_one' view.
[2025-05-22 00:12:39] [ACCESS_ATTEMPT] User 'suthan@jobhunt.top' (Role: 'super_admin') attempting to access view: 'dashboard_user_info'.
[2025-05-22 00:12:39] [ACCESS_GRANTED] User 'suthan@jobhunt.top' accessed 'dashboard_user_info' view.
[2025-05-22 00:13:20] [ACCESS_ATTEMPT] User 'suthan@jobhunt.top' (Role: 'super_admin') attempting to access view: 'manage_jobs'.
[2025-05-22 00:13:22] [ACCESS_ATTEMPT] User 'suthan@jobhunt.top' (Role: 'super_admin') attempting to access view: 'dashboard_overview'.
[2025-05-22 00:14:04] [ACCESS_ATTEMPT] User 'suthan@jobhunt.top' (Role: 'super_admin') attempting to access view: 'dashboard_overview'.
[2025-05-22 00:14:08] [ACCESS_ATTEMPT] User 'suthan@jobhunt.top' (Role: 'super_admin') attempting to access view: 'dashboard_visitors_info'.
[2025-05-22 00:14:08] [ACCESS_GRANTED] User 'suthan@jobhunt.top' accessed 'dashboard_visitors_info' view.
[2025-05-22 00:14:11] [ACCESS_ATTEMPT] User 'suthan@jobhunt.top' (Role: 'super_admin') attempting to access view: 'dashboard_qoe'.
[2025-05-22 00:14:11] [ACCESS_GRANTED] User 'suthan@jobhunt.top' accessed 'dashboard_qoe' view.
[2025-05-22 00:14:11] [DATA_MISMATCH] Job ID '1716250000_9012' (views: 220) from job_views.json not found in allJobs for QOE tab.
[2025-05-22 00:14:11] [DATA_MISMATCH] Job ID 'another_job_id_3456' (views: 180) from job_views.json not found in allJobs for QOE tab.
[2025-05-22 00:14:11] [DATA_MISMATCH] Job ID '1716260000_1234' (views: 150) from job_views.json not found in allJobs for QOE tab.
[2025-05-22 00:14:11] [DATA_MISMATCH] Job ID 'some_other_job_id_5678' (views: 75) from job_views.json not found in allJobs for QOE tab.
[2025-05-22 00:14:11] [DATA_MISMATCH] Job ID 'yet_another_id_7890' (views: 50) from job_views.json not found in allJobs for QOE tab.
[2025-05-22 00:14:19] [ACCESS_ATTEMPT] User 'suthan@jobhunt.top' (Role: 'super_admin') attempting to access view: 'dashboard_visitors_info'.
[2025-05-22 00:14:19] [ACCESS_GRANTED] User 'suthan@jobhunt.top' accessed 'dashboard_visitors_info' view.
[2025-05-22 00:14:20] [ACCESS_ATTEMPT] User 'suthan@jobhunt.top' (Role: 'super_admin') attempting to access view: 'dashboard_service_two'.
[2025-05-22 00:14:20] [ACCESS_GRANTED] User 'suthan@jobhunt.top' accessed 'dashboard_service_two' view.
[2025-05-22 00:14:22] [ACCESS_ATTEMPT] User 'suthan@jobhunt.top' (Role: 'super_admin') attempting to access view: 'dashboard_user_info'.
[2025-05-22 00:14:22] [ACCESS_GRANTED] User 'suthan@jobhunt.top' accessed 'dashboard_user_info' view.
[2025-05-22 00:14:35] [ACCESS_ATTEMPT] User 'suthan@jobhunt.top' (Role: 'super_admin') attempting to access view: 'dashboard_service_two'.
[2025-05-22 00:14:35] [ACCESS_GRANTED] User 'suthan@jobhunt.top' accessed 'dashboard_service_two' view.
[2025-05-22 00:15:50] [ACCESS_ATTEMPT] User 'suthan@jobhunt.top' (Role: 'super_admin') attempting to access view: 'dashboard_visitors_info'.
[2025-05-22 00:15:50] [ACCESS_GRANTED] User 'suthan@jobhunt.top' accessed 'dashboard_visitors_info' view.
[2025-05-22 00:15:53] [ACCESS_ATTEMPT] User 'suthan@jobhunt.top' (Role: 'super_admin') attempting to access view: 'dashboard_overview'.
[2025-05-22 00:15:59] [ACCESS_ATTEMPT] User 'suthan@jobhunt.top' (Role: 'super_admin') attempting to access view: 'dashboard_visitors_info'.
[2025-05-22 00:15:59] [ACCESS_GRANTED] User 'suthan@jobhunt.top' accessed 'dashboard_visitors_info' view.
[2025-05-22 00:18:24] [ACCESS_ATTEMPT] User 'suthan@jobhunt.top' (Role: 'super_admin') attempting to access view: 'dashboard_visitors_info'.
[2025-05-22 00:18:24] [ACCESS_GRANTED] User 'suthan@jobhunt.top' accessed 'dashboard_visitors_info' view.
[2025-05-22 00:18:26] [ACCESS_ATTEMPT] User 'suthan@jobhunt.top' (Role: 'super_admin') attempting to access view: 'dashboard_job_stats'.
[2025-05-22 00:18:26] [ACCESS_GRANTED] User 'suthan@jobhunt.top' accessed 'dashboard_job_stats' view.
[2025-05-22 00:19:07] [ACCESS_ATTEMPT] User 'suthan@jobhunt.top' (Role: 'super_admin') attempting to access view: 'dashboard_visitors_info'.
[2025-05-22 00:19:07] [ACCESS_GRANTED] User 'suthan@jobhunt.top' accessed 'dashboard_visitors_info' view.
[2025-05-22 00:26:43] [ACCESS_ATTEMPT] User 'suthan@jobhunt.top' (Role: 'super_admin') attempting to access view: 'dashboard_visitors_info'.
[2025-05-22 00:26:43] [ACCESS_GRANTED] User 'suthan@jobhunt.top' accessed 'dashboard_visitors_info' view.
[2025-05-22 00:28:19] [ACCESS_ATTEMPT] User 'suthan@jobhunt.top' (Role: 'super_admin') attempting to access view: 'dashboard_visitors_info'.
[2025-05-22 00:28:19] [ACCESS_GRANTED] User 'suthan@jobhunt.top' accessed 'dashboard_visitors_info' view.
[2025-05-22 00:29:23] [ACCESS_ATTEMPT] User 'suthan@jobhunt.top' (Role: 'super_admin') attempting to access view: 'dashboard_visitors_info'.
[2025-05-22 00:29:23] [ACCESS_GRANTED] User 'suthan@jobhunt.top' accessed 'dashboard_visitors_info' view.
[2025-05-22 00:29:47] [ACCESS_ATTEMPT] User 'suthan@jobhunt.top' (Role: 'super_admin') attempting to access view: 'dashboard_service_two'.
[2025-05-22 00:29:47] [ACCESS_GRANTED] User 'suthan@jobhunt.top' accessed 'dashboard_service_two' view.
[2025-05-22 00:29:48] [ACCESS_ATTEMPT] User 'suthan@jobhunt.top' (Role: 'super_admin') attempting to access view: 'dashboard_job_stats'.
[2025-05-22 00:29:48] [ACCESS_GRANTED] User 'suthan@jobhunt.top' accessed 'dashboard_job_stats' view.
[2025-05-22 00:29:59] [ACCESS_ATTEMPT] User 'suthan@jobhunt.top' (Role: 'super_admin') attempting to access view: 'dashboard_visitors_info'.
[2025-05-22 00:29:59] [ACCESS_GRANTED] User 'suthan@jobhunt.top' accessed 'dashboard_visitors_info' view.
[2025-05-22 00:30:05] [ACCESS_ATTEMPT] User 'suthan@jobhunt.top' (Role: 'super_admin') attempting to access view: 'dashboard_job_stats'.
[2025-05-22 00:30:05] [ACCESS_GRANTED] User 'suthan@jobhunt.top' accessed 'dashboard_job_stats' view.
[2025-05-22 00:30:19] [ACCESS_ATTEMPT] User 'suthan@jobhunt.top' (Role: 'super_admin') attempting to access view: 'dashboard_service_two'.
[2025-05-22 00:30:19] [ACCESS_GRANTED] User 'suthan@jobhunt.top' accessed 'dashboard_service_two' view.
[2025-05-22 00:30:21] [ACCESS_ATTEMPT] User 'suthan@jobhunt.top' (Role: 'super_admin') attempting to access view: 'dashboard_user_info'.
[2025-05-22 00:30:21] [ACCESS_GRANTED] User 'suthan@jobhunt.top' accessed 'dashboard_user_info' view.
[2025-05-22 00:30:28] [ACCESS_ATTEMPT] User 'suthan@jobhunt.top' (Role: 'super_admin') attempting to access view: 'dashboard_service_one'.
[2025-05-22 00:30:28] [ACCESS_GRANTED] User 'suthan@jobhunt.top' accessed 'dashboard_service_one' view.
[2025-05-22 00:31:49] [ACCESS_ATTEMPT] User 'suthan@jobhunt.top' (Role: 'super_admin') attempting to access view: 'dashboard_overview'.
[2025-05-22 00:32:09] [ACCESS_ATTEMPT] User 'suthan@jobhunt.top' (Role: 'super_admin') attempting to access view: 'dashboard_job_stats'.
[2025-05-22 00:32:09] [ACCESS_GRANTED] User 'suthan@jobhunt.top' accessed 'dashboard_job_stats' view.
[2025-05-22 00:33:00] [ACCESS_ATTEMPT] User 'suthan@jobhunt.top' (Role: 'super_admin') attempting to access view: 'dashboard_overview'.
[2025-05-22 00:33:02] [ACCESS_ATTEMPT] User 'suthan@jobhunt.top' (Role: 'super_admin') attempting to access view: 'dashboard_job_stats'.
[2025-05-22 00:33:02] [ACCESS_GRANTED] User 'suthan@jobhunt.top' accessed 'dashboard_job_stats' view.
[2025-05-22 00:33:08] [ACCESS_ATTEMPT] User 'suthan@jobhunt.top' (Role: 'super_admin') attempting to access view: 'dashboard_visitors_info'.
[2025-05-22 00:33:08] [ACCESS_GRANTED] User 'suthan@jobhunt.top' accessed 'dashboard_visitors_info' view.
[2025-05-22 00:35:15] [ACCESS_ATTEMPT] User 'suthan@jobhunt.top' (Role: 'super_admin') attempting to access view: 'dashboard_visitors_info'.
[2025-05-22 00:35:15] [ACCESS_GRANTED] User 'suthan@jobhunt.top' accessed 'dashboard_visitors_info' view.
[2025-05-22 00:35:16] [ACCESS_ATTEMPT] User 'suthan@jobhunt.top' (Role: 'super_admin') attempting to access view: 'dashboard_service_one'.
[2025-05-22 00:35:16] [ACCESS_GRANTED] User 'suthan@jobhunt.top' accessed 'dashboard_service_one' view.
[2025-05-22 00:37:45] [ACCESS_ATTEMPT] User 'suthan@jobhunt.top' (Role: 'super_admin') attempting to access view: 'dashboard_service_one'.
[2025-05-22 00:37:45] [ACCESS_GRANTED] User 'suthan@jobhunt.top' accessed 'dashboard_service_one' view.
[2025-05-22 00:37:51] [ACCESS_ATTEMPT] User 'suthan@jobhunt.top' (Role: 'super_admin') attempting to access view: 'dashboard_user_info'.
[2025-05-22 00:37:51] [ACCESS_GRANTED] User 'suthan@jobhunt.top' accessed 'dashboard_user_info' view.
[2025-05-22 00:38:21] [ACCESS_ATTEMPT] User 'suthan@jobhunt.top' (Role: 'super_admin') attempting to access view: 'dashboard_job_stats'.
[2025-05-22 00:38:21] [ACCESS_GRANTED] User 'suthan@jobhunt.top' accessed 'dashboard_job_stats' view.
[2025-05-22 00:38:25] [ACCESS_ATTEMPT] User 'suthan@jobhunt.top' (Role: 'super_admin') attempting to access view: 'dashboard_service_two'.
[2025-05-22 00:38:25] [ACCESS_GRANTED] User 'suthan@jobhunt.top' accessed 'dashboard_service_two' view.
[2025-05-22 00:38:27] [ACCESS_ATTEMPT] User 'suthan@jobhunt.top' (Role: 'super_admin') attempting to access view: 'dashboard_visitors_info'.
[2025-05-22 00:38:27] [ACCESS_GRANTED] User 'suthan@jobhunt.top' accessed 'dashboard_visitors_info' view.
[2025-05-22 00:39:59] [ACCESS_ATTEMPT] User 'suthan@jobhunt.top' (Role: 'super_admin') attempting to access view: 'dashboard_visitors_info'.
[2025-05-22 00:39:59] [ACCESS_GRANTED] User 'suthan@jobhunt.top' accessed 'dashboard_visitors_info' view.
[2025-05-22 00:40:18] [ACCESS_ATTEMPT] User 'suthan@jobhunt.top' (Role: 'super_admin') attempting to access view: 'dashboard_qoe'.
[2025-05-22 00:40:18] [ACCESS_GRANTED] User 'suthan@jobhunt.top' accessed 'dashboard_qoe' view.
[2025-05-22 00:40:18] [DATA_MISMATCH] Job ID '1716250000_9012' (views: 220) from job_views.json not found in allJobs for QOE tab.
[2025-05-22 00:40:18] [DATA_MISMATCH] Job ID 'another_job_id_3456' (views: 180) from job_views.json not found in allJobs for QOE tab.
[2025-05-22 00:40:18] [DATA_MISMATCH] Job ID '1716260000_1234' (views: 150) from job_views.json not found in allJobs for QOE tab.
[2025-05-22 00:40:18] [DATA_MISMATCH] Job ID 'some_other_job_id_5678' (views: 75) from job_views.json not found in allJobs for QOE tab.
[2025-05-22 00:40:18] [DATA_MISMATCH] Job ID 'yet_another_id_7890' (views: 50) from job_views.json not found in allJobs for QOE tab.
[2025-05-22 00:40:21] [ACCESS_ATTEMPT] User 'suthan@jobhunt.top' (Role: 'super_admin') attempting to access view: 'dashboard_user_info'.
[2025-05-22 00:40:21] [ACCESS_GRANTED] User 'suthan@jobhunt.top' accessed 'dashboard_user_info' view.
[2025-05-22 00:40:22] [ACCESS_ATTEMPT] User 'suthan@jobhunt.top' (Role: 'super_admin') attempting to access view: 'dashboard_service_one'.
[2025-05-22 00:40:22] [ACCESS_GRANTED] User 'suthan@jobhunt.top' accessed 'dashboard_service_one' view.
[2025-05-22 00:40:34] [ACCESS_ATTEMPT] User 'suthan@jobhunt.top' (Role: 'super_admin') attempting to access view: 'dashboard_job_stats'.
[2025-05-22 00:40:34] [ACCESS_GRANTED] User 'suthan@jobhunt.top' accessed 'dashboard_job_stats' view.
[2025-05-22 00:40:35] [ACCESS_ATTEMPT] User 'suthan@jobhunt.top' (Role: 'super_admin') attempting to access view: 'dashboard_service_one'.
[2025-05-22 00:40:35] [ACCESS_GRANTED] User 'suthan@jobhunt.top' accessed 'dashboard_service_one' view.
[2025-05-22 00:40:39] [ACCESS_ATTEMPT] User 'suthan@jobhunt.top' (Role: 'super_admin') attempting to access view: 'dashboard_job_stats'.
[2025-05-22 00:40:39] [ACCESS_GRANTED] User 'suthan@jobhunt.top' accessed 'dashboard_job_stats' view.
[2025-05-22 00:43:58] [ACCESS_ATTEMPT] User 'suthan@jobhunt.top' (Role: 'super_admin') attempting to access view: 'dashboard_visitors_info'.
[2025-05-22 00:43:58] [ACCESS_GRANTED] User 'suthan@jobhunt.top' accessed 'dashboard_visitors_info' view.
[2025-05-22 00:46:52] [ACCESS_ATTEMPT] User 'suthan@jobhunt.top' (Role: 'super_admin') attempting to access view: 'dashboard_visitors_info'.
[2025-05-22 00:46:52] [ACCESS_GRANTED] User 'suthan@jobhunt.top' accessed 'dashboard_visitors_info' view.
[2025-05-22 00:46:55] [ACCESS_ATTEMPT] User 'suthan@jobhunt.top' (Role: 'super_admin') attempting to access view: 'dashboard_qoe'.
[2025-05-22 00:46:55] [ACCESS_GRANTED] User 'suthan@jobhunt.top' accessed 'dashboard_qoe' view.
[2025-05-22 00:46:55] [DATA_MISMATCH] Job ID '1716250000_9012' (views: 220) from job_views.json not found in allJobs for QOE tab.
[2025-05-22 00:46:55] [DATA_MISMATCH] Job ID 'another_job_id_3456' (views: 180) from job_views.json not found in allJobs for QOE tab.
[2025-05-22 00:46:56] [DATA_MISMATCH] Job ID '1716260000_1234' (views: 150) from job_views.json not found in allJobs for QOE tab.
[2025-05-22 00:46:56] [DATA_MISMATCH] Job ID 'some_other_job_id_5678' (views: 75) from job_views.json not found in allJobs for QOE tab.
[2025-05-22 00:46:56] [DATA_MISMATCH] Job ID 'yet_another_id_7890' (views: 50) from job_views.json not found in allJobs for QOE tab.
[2025-05-22 00:46:57] [ACCESS_ATTEMPT] User 'suthan@jobhunt.top' (Role: 'super_admin') attempting to access view: 'dashboard_overview'.
[2025-05-22 00:47:05] [ACCESS_ATTEMPT] User 'suthan@jobhunt.top' (Role: 'super_admin') attempting to access view: 'dashboard_service_one'.
[2025-05-22 00:47:05] [ACCESS_GRANTED] User 'suthan@jobhunt.top' accessed 'dashboard_service_one' view.
[2025-05-22 00:47:22] [ACCESS_ATTEMPT] User 'suthan@jobhunt.top' (Role: 'super_admin') attempting to access view: 'dashboard_visitors_info'.
[2025-05-22 00:47:22] [ACCESS_GRANTED] User 'suthan@jobhunt.top' accessed 'dashboard_visitors_info' view.
[2025-05-22 00:50:12] [ACCESS_ATTEMPT] User 'suthan@jobhunt.top' (Role: 'super_admin') attempting to access view: 'dashboard_overview'.
[2025-05-22 00:50:18] [ACCESS_ATTEMPT] User 'suthan@jobhunt.top' (Role: 'super_admin') attempting to access view: 'dashboard_job_stats'.
[2025-05-22 00:50:18] [ACCESS_GRANTED] User 'suthan@jobhunt.top' accessed 'dashboard_job_stats' view.
[2025-05-22 00:50:18] [ACCESS_ATTEMPT] User 'suthan@jobhunt.top' (Role: 'super_admin') attempting to access view: 'dashboard_user_info'.
[2025-05-22 00:50:18] [ACCESS_GRANTED] User 'suthan@jobhunt.top' accessed 'dashboard_user_info' view.
[2025-05-22 00:50:19] [ACCESS_ATTEMPT] User 'suthan@jobhunt.top' (Role: 'super_admin') attempting to access view: 'dashboard_job_stats'.
[2025-05-22 00:50:19] [ACCESS_GRANTED] User 'suthan@jobhunt.top' accessed 'dashboard_job_stats' view.
[2025-05-22 00:50:22] [ACCESS_ATTEMPT] User 'suthan@jobhunt.top' (Role: 'super_admin') attempting to access view: 'dashboard_user_info'.
[2025-05-22 00:50:22] [ACCESS_GRANTED] User 'suthan@jobhunt.top' accessed 'dashboard_user_info' view.
[2025-05-22 00:50:25] [ACCESS_ATTEMPT] User 'suthan@jobhunt.top' (Role: 'super_admin') attempting to access view: 'dashboard_visitors_info'.
[2025-05-22 00:50:25] [ACCESS_GRANTED] User 'suthan@jobhunt.top' accessed 'dashboard_visitors_info' view.
[2025-05-22 00:50:32] [ACCESS_ATTEMPT] User 'suthan@jobhunt.top' (Role: 'super_admin') attempting to access view: 'dashboard_job_stats'.
[2025-05-22 00:50:32] [ACCESS_GRANTED] User 'suthan@jobhunt.top' accessed 'dashboard_job_stats' view.
[2025-05-22 00:50:38] [ACCESS_ATTEMPT] User 'suthan@jobhunt.top' (Role: 'super_admin') attempting to access view: 'dashboard_visitors_info'.
[2025-05-22 00:50:38] [ACCESS_GRANTED] User 'suthan@jobhunt.top' accessed 'dashboard_visitors_info' view.
[2025-05-22 00:51:54] [ACCESS_ATTEMPT] User 'suthan@jobhunt.top' (Role: 'super_admin') attempting to access view: 'dashboard_visitors_info'.
[2025-05-22 00:51:54] [ACCESS_GRANTED] User 'suthan@jobhunt.top' accessed 'dashboard_visitors_info' view.
[2025-05-22 00:52:11] [ACCESS_ATTEMPT] User 'suthan@jobhunt.top' (Role: 'super_admin') attempting to access view: 'dashboard_visitors_info'.
[2025-05-22 00:52:11] [ACCESS_GRANTED] User 'suthan@jobhunt.top' accessed 'dashboard_visitors_info' view.
[2025-05-22 00:52:16] [ACCESS_ATTEMPT] User 'suthan@jobhunt.top' (Role: 'super_admin') attempting to access view: 'dashboard_overview'.
[2025-05-22 00:53:25] [ACCESS_ATTEMPT] User 'suthan@jobhunt.top' (Role: 'super_admin') attempting to access view: 'dashboard_user_info'.
[2025-05-22 00:53:25] [ACCESS_GRANTED] User 'suthan@jobhunt.top' accessed 'dashboard_user_info' view.
[2025-05-22 00:53:26] [ACCESS_ATTEMPT] User 'suthan@jobhunt.top' (Role: 'super_admin') attempting to access view: 'dashboard_visitors_info'.
[2025-05-22 00:53:26] [ACCESS_GRANTED] User 'suthan@jobhunt.top' accessed 'dashboard_visitors_info' view.
[2025-05-22 00:53:54] [ACCESS_ATTEMPT] User 'suthan@jobhunt.top' (Role: 'super_admin') attempting to access view: 'dashboard_qoe'.
[2025-05-22 00:53:54] [ACCESS_GRANTED] User 'suthan@jobhunt.top' accessed 'dashboard_qoe' view.
[2025-05-22 00:53:54] [DATA_MISMATCH] Job ID '1716250000_9012' (views: 220) from job_views.json not found in allJobs for QOE tab.
[2025-05-22 00:53:54] [DATA_MISMATCH] Job ID 'another_job_id_3456' (views: 180) from job_views.json not found in allJobs for QOE tab.
[2025-05-22 00:53:54] [DATA_MISMATCH] Job ID '1716260000_1234' (views: 150) from job_views.json not found in allJobs for QOE tab.
[2025-05-22 00:53:54] [DATA_MISMATCH] Job ID 'some_other_job_id_5678' (views: 75) from job_views.json not found in allJobs for QOE tab.
[2025-05-22 00:53:54] [DATA_MISMATCH] Job ID 'yet_another_id_7890' (views: 50) from job_views.json not found in allJobs for QOE tab.
[2025-05-22 00:55:39] [ACCESS_ATTEMPT] User 'suthan@jobhunt.top' (Role: 'super_admin') attempting to access view: 'dashboard_visitors_info'.
[2025-05-22 00:55:39] [ACCESS_GRANTED] User 'suthan@jobhunt.top' accessed 'dashboard_visitors_info' view.
[2025-05-22 00:55:41] [ACCESS_ATTEMPT] User 'suthan@jobhunt.top' (Role: 'super_admin') attempting to access view: 'dashboard_qoe'.
[2025-05-22 00:55:41] [ACCESS_GRANTED] User 'suthan@jobhunt.top' accessed 'dashboard_qoe' view.
[2025-05-22 00:55:41] [DATA_MISMATCH] Job ID '1716250000_9012' (views: 220) from job_views.json not found in allJobs for QOE tab.
[2025-05-22 00:55:41] [DATA_MISMATCH] Job ID 'another_job_id_3456' (views: 180) from job_views.json not found in allJobs for QOE tab.
[2025-05-22 00:55:41] [DATA_MISMATCH] Job ID '1716260000_1234' (views: 150) from job_views.json not found in allJobs for QOE tab.
[2025-05-22 00:55:41] [DATA_MISMATCH] Job ID 'some_other_job_id_5678' (views: 75) from job_views.json not found in allJobs for QOE tab.
[2025-05-22 00:55:41] [DATA_MISMATCH] Job ID 'yet_another_id_7890' (views: 50) from job_views.json not found in allJobs for QOE tab.
[2025-05-22 00:57:38] [ACCESS_ATTEMPT] User 'suthan@jobhunt.top' (Role: 'super_admin') attempting to access view: 'dashboard_qoe'.
[2025-05-22 00:57:38] [ACCESS_GRANTED] User 'suthan@jobhunt.top' accessed 'dashboard_qoe' view.
[2025-05-22 00:57:38] [DATA_MISMATCH] Job ID '1716250000_9012' (views: 220) from job_views.json not found in allJobs for QOE tab.
[2025-05-22 00:57:38] [DATA_MISMATCH] Job ID 'another_job_id_3456' (views: 180) from job_views.json not found in allJobs for QOE tab.
[2025-05-22 00:57:38] [DATA_MISMATCH] Job ID '1716260000_1234' (views: 150) from job_views.json not found in allJobs for QOE tab.
[2025-05-22 00:57:38] [DATA_MISMATCH] Job ID 'some_other_job_id_5678' (views: 75) from job_views.json not found in allJobs for QOE tab.
[2025-05-22 00:57:38] [DATA_MISMATCH] Job ID 'yet_another_id_7890' (views: 50) from job_views.json not found in allJobs for QOE tab.
[2025-05-22 00:57:42] [ACCESS_ATTEMPT] User 'suthan@jobhunt.top' (Role: 'super_admin') attempting to access view: 'dashboard_overview'.
[2025-05-22 01:03:26] [ACCESS_ATTEMPT] User 'suthan@jobhunt.top' (Role: 'super_admin') attempting to access view: 'dashboard_overview'.
[2025-05-22 01:03:41] [ACCESS_ATTEMPT] User 'suthan@jobhunt.top' (Role: 'super_admin') attempting to access view: 'dashboard_overview'.
[2025-05-22 01:03:42] [ACCESS_ATTEMPT] User 'suthan@jobhunt.top' (Role: 'super_admin') attempting to access view: 'dashboard_service_one'.
[2025-05-22 01:03:42] [ACCESS_GRANTED] User 'suthan@jobhunt.top' accessed 'dashboard_service_one' view.
[2025-05-22 01:03:43] [ACCESS_ATTEMPT] User 'suthan@jobhunt.top' (Role: 'super_admin') attempting to access view: 'dashboard_overview'.
[2025-05-22 01:03:52] [ACCESS_ATTEMPT] User 'suthan@jobhunt.top' (Role: 'super_admin') attempting to access view: 'dashboard_service_one'.
[2025-05-22 01:03:52] [ACCESS_GRANTED] User 'suthan@jobhunt.top' accessed 'dashboard_service_one' view.
[2025-05-22 01:03:53] [ACCESS_ATTEMPT] User 'suthan@jobhunt.top' (Role: 'super_admin') attempting to access view: 'dashboard_overview'.
[2025-05-22 01:04:31] [ACCESS_ATTEMPT] User 'suthan@jobhunt.top' (Role: 'super_admin') attempting to access view: 'dashboard_overview'.
[2025-05-22 02:52:16] [AUTH_SUCCESS] User 'suthan@jobhunt.top' logged in successfully. Role: 'super_admin'.
[2025-05-22 02:52:16] [ACCESS_ATTEMPT] User 'suthan@jobhunt.top' (Role: 'super_admin') attempting to access view: 'dashboard_overview'.
[2025-05-22 02:53:40] [ACCESS_ATTEMPT] User 'suthan@jobhunt.top' (Role: 'super_admin') attempting to access view: 'dashboard_visitors_info'.
[2025-05-22 02:53:40] [ACCESS_GRANTED] User 'suthan@jobhunt.top' accessed 'dashboard_visitors_info' view.
[2025-05-22 02:53:52] [ACCESS_ATTEMPT] User 'suthan@jobhunt.top' (Role: 'super_admin') attempting to access view: 'dashboard_service_two'.
[2025-05-22 02:53:52] [ACCESS_GRANTED] User 'suthan@jobhunt.top' accessed 'dashboard_service_two' view.
[2025-05-22 02:53:55] [ACCESS_ATTEMPT] User 'suthan@jobhunt.top' (Role: 'super_admin') attempting to access view: 'dashboard_job_stats'.
[2025-05-22 02:53:55] [ACCESS_GRANTED] User 'suthan@jobhunt.top' accessed 'dashboard_job_stats' view.
[2025-05-22 02:54:29] [ACCESS_ATTEMPT] User 'suthan@jobhunt.top' (Role: 'super_admin') attempting to access view: 'dashboard_user_info'.
[2025-05-22 02:54:29] [ACCESS_GRANTED] User 'suthan@jobhunt.top' accessed 'dashboard_user_info' view.
[2025-05-22 02:57:07] [ACCESS_ATTEMPT] User 'suthan@jobhunt.top' (Role: 'super_admin') attempting to access view: 'dashboard_overview'.
[2025-05-22 02:58:00] [ACCESS_ATTEMPT] User 'suthan@jobhunt.top' (Role: 'super_admin') attempting to access view: 'logs'.
[2025-05-22 02:58:00] [ACCESS_GRANTED] User 'suthan@jobhunt.top' accessed 'logs' view.
[2025-05-22 02:58:10] [ACCESS_ATTEMPT] User 'suthan@jobhunt.top' (Role: 'super_admin') attempting to access view: 'logs'.
[2025-05-22 02:58:20] [ACCESS_ATTEMPT] User 'suthan@jobhunt.top' (Role: 'super_admin') attempting to access view: 'logs'.
[2025-05-22 02:58:31] [ACCESS_ATTEMPT] User 'suthan@jobhunt.top' (Role: 'super_admin') attempting to access view: 'logs'.
[2025-05-22 02:58:41] [ACCESS_ATTEMPT] User 'suthan@jobhunt.top' (Role: 'super_admin') attempting to access view: 'logs'.
[2025-05-22 02:58:50] [ACCESS_ATTEMPT] User 'suthan@jobhunt.top' (Role: 'super_admin') attempting to access view: 'logs'.
[2025-05-22 02:59:01] [ACCESS_ATTEMPT] User 'suthan@jobhunt.top' (Role: 'super_admin') attempting to access view: 'logs'.
[2025-05-22 02:59:11] [ACCESS_ATTEMPT] User 'suthan@jobhunt.top' (Role: 'super_admin') attempting to access view: 'logs'.
[2025-05-22 02:59:30] [ACCESS_ATTEMPT] User 'suthan@jobhunt.top' (Role: 'super_admin') attempting to access view: 'logs'.
[2025-05-22 02:59:40] [ACCESS_ATTEMPT] User 'suthan@jobhunt.top' (Role: 'super_admin') attempting to access view: 'logs'.
[2025-05-22 02:59:51] [ACCESS_ATTEMPT] User 'suthan@jobhunt.top' (Role: 'super_admin') attempting to access view: 'logs'.
[2025-05-22 03:00:01] [ACCESS_ATTEMPT] User 'suthan@jobhunt.top' (Role: 'super_admin') attempting to access view: 'logs'.
[2025-05-22 03:00:10] [ACCESS_ATTEMPT] User 'suthan@jobhunt.top' (Role: 'super_admin') attempting to access view: 'logs'.
[2025-05-22 03:00:21] [ACCESS_ATTEMPT] User 'suthan@jobhunt.top' (Role: 'super_admin') attempting to access view: 'logs'.
[2025-05-22 03:00:30] [ACCESS_ATTEMPT] User 'suthan@jobhunt.top' (Role: 'super_admin') attempting to access view: 'logs'.
[2025-05-22 03:00:42] [ACCESS_ATTEMPT] User 'suthan@jobhunt.top' (Role: 'super_admin') attempting to access view: 'logs'.
[2025-05-22 03:01:38] [ACCESS_ATTEMPT] User 'suthan@jobhunt.top' (Role: 'super_admin') attempting to access view: 'logs'.
[2025-05-22 03:01:40] [ACCESS_ATTEMPT] User 'suthan@jobhunt.top' (Role: 'super_admin') attempting to access view: 'dashboard_overview'.
[2025-05-22 03:40:37] [ACCESS_ATTEMPT] User 'suthan@jobhunt.top' (Role: 'super_admin') attempting to access view: 'dashboard_overview'.
[2025-05-22 03:40:46] [ACCESS_ATTEMPT] User 'suthan@jobhunt.top' (Role: 'super_admin') attempting to access view: 'manage_jobs'.
[2025-05-22 03:40:47] [ACCESS_ATTEMPT] User 'suthan@jobhunt.top' (Role: 'super_admin') attempting to access view: 'post_job'.
[2025-05-22 03:40:58] [AI_SUMMARY_SKIP] AI Summary generation skipped for job 'gvgvkh': API Key is placeholder or empty.
[2025-05-22 03:41:00] [AI_SUMMARY_SUCCESS] AI summary generated successfully for job 'gvgvkh'.
[2025-05-22 03:41:00] [JOB_POST_REVIEW_READY] Job post by 'suthan@jobhunt.top' (Title: 'gvgvkh') ready for review. AI Summary generated (length: 249).
[2025-05-22 03:41:00] [AI_SUMMARY_SKIP] AI Summary generation skipped for job 'gvgvkh': API Key is placeholder or empty.
[2025-05-22 03:41:02] [AI_SUMMARY_SUCCESS] AI summary generated successfully for job 'gvgvkh'.
[2025-05-22 03:41:02] [JOB_POST_REVIEW_READY] Job post by 'suthan@jobhunt.top' (Title: 'gvgvkh') ready for review. AI Summary generated (length: 244).
[2025-05-22 03:41:02] [ACCESS_ATTEMPT] User 'suthan@jobhunt.top' (Role: 'super_admin') attempting to access view: 'post_job'.
[2025-05-22 03:41:04] [JOB_POST_SUCCESS] Job ID '1747865464_1124' (Title: 'gvgvkh') posted successfully by 'suthan@jobhunt.top'.
[2025-05-22 03:41:04] [ACCESS_ATTEMPT] User 'suthan@jobhunt.top' (Role: 'super_admin') attempting to access view: 'manage_jobs'.
[2025-05-22 03:41:09] [ACCESS_ATTEMPT] User 'suthan@jobhunt.top' (Role: 'super_admin') attempting to access view: 'dashboard_overview'.
[2025-05-22 03:41:22] [ACCESS_ATTEMPT] User 'suthan@jobhunt.top' (Role: 'super_admin') attempting to access view: 'dashboard_overview'.
[2025-05-22 03:43:44] [ACCESS_ATTEMPT] User 'suthan@jobhunt.top' (Role: 'super_admin') attempting to access view: 'dashboard_qoe'.
[2025-05-22 03:43:44] [ACCESS_GRANTED] User 'suthan@jobhunt.top' accessed 'dashboard_qoe' view.
[2025-05-22 03:43:44] [DATA_MISMATCH] Job ID '1716250000_9012' (views: 220) from job_views.json not found in allJobs for QOE tab.
[2025-05-22 03:43:44] [DATA_MISMATCH] Job ID 'another_job_id_3456' (views: 180) from job_views.json not found in allJobs for QOE tab.
[2025-05-22 03:43:44] [DATA_MISMATCH] Job ID '1716260000_1234' (views: 151) from job_views.json not found in allJobs for QOE tab.
[2025-05-22 03:43:44] [DATA_MISMATCH] Job ID 'some_other_job_id_5678' (views: 75) from job_views.json not found in allJobs for QOE tab.
[2025-05-22 03:43:44] [DATA_MISMATCH] Job ID 'yet_another_id_7890' (views: 50) from job_views.json not found in allJobs for QOE tab.
[2025-05-22 03:43:44] [DATA_MISMATCH] Job ID 'CSA_001' (views: 0) from job_views.json not found in allJobs for QOE tab.
[2025-05-22 03:45:38] [ACCESS_ATTEMPT] User 'suthan@jobhunt.top' (Role: 'super_admin') attempting to access view: 'dashboard_visitors_info'.
[2025-05-22 03:45:38] [ACCESS_GRANTED] User 'suthan@jobhunt.top' accessed 'dashboard_visitors_info' view.
[2025-05-22 03:45:43] [ACCESS_ATTEMPT] User 'suthan@jobhunt.top' (Role: 'super_admin') attempting to access view: 'dashboard_job_stats'.
[2025-05-22 03:45:43] [ACCESS_GRANTED] User 'suthan@jobhunt.top' accessed 'dashboard_job_stats' view.
[2025-05-22 03:45:45] [ACCESS_ATTEMPT] User 'suthan@jobhunt.top' (Role: 'super_admin') attempting to access view: 'dashboard_qoe'.
[2025-05-22 03:45:45] [ACCESS_GRANTED] User 'suthan@jobhunt.top' accessed 'dashboard_qoe' view.
[2025-05-22 03:45:45] [DATA_MISMATCH] Job ID '1716250000_9012' (views: 220) from job_views.json not found in allJobs for QOE tab.
[2025-05-22 03:45:45] [DATA_MISMATCH] Job ID 'another_job_id_3456' (views: 180) from job_views.json not found in allJobs for QOE tab.
[2025-05-22 03:45:45] [DATA_MISMATCH] Job ID '1716260000_1234' (views: 151) from job_views.json not found in allJobs for QOE tab.
[2025-05-22 03:45:45] [DATA_MISMATCH] Job ID 'some_other_job_id_5678' (views: 75) from job_views.json not found in allJobs for QOE tab.
[2025-05-22 03:45:45] [DATA_MISMATCH] Job ID 'yet_another_id_7890' (views: 50) from job_views.json not found in allJobs for QOE tab.
[2025-05-22 03:45:45] [DATA_MISMATCH] Job ID 'CSA_001' (views: 0) from job_views.json not found in allJobs for QOE tab.
[2025-05-22 03:47:36] [ACCESS_ATTEMPT] User 'suthan@jobhunt.top' (Role: 'super_admin') attempting to access view: 'dashboard_service_one'.
[2025-05-22 03:47:36] [ACCESS_GRANTED] User 'suthan@jobhunt.top' accessed 'dashboard_service_one' view.
[2025-05-22 03:47:37] [ACCESS_ATTEMPT] User 'suthan@jobhunt.top' (Role: 'super_admin') attempting to access view: 'dashboard_user_info'.
[2025-05-22 03:47:37] [ACCESS_GRANTED] User 'suthan@jobhunt.top' accessed 'dashboard_user_info' view.
[2025-05-22 03:47:43] [ACCESS_ATTEMPT] User 'suthan@jobhunt.top' (Role: 'super_admin') attempting to access view: 'dashboard_job_stats'.
[2025-05-22 03:47:43] [ACCESS_GRANTED] User 'suthan@jobhunt.top' accessed 'dashboard_job_stats' view.
[2025-05-22 03:47:47] [ACCESS_ATTEMPT] User 'suthan@jobhunt.top' (Role: 'super_admin') attempting to access view: 'dashboard_service_two'.
[2025-05-22 03:47:47] [ACCESS_GRANTED] User 'suthan@jobhunt.top' accessed 'dashboard_service_two' view.
[2025-05-22 03:47:51] [ACCESS_ATTEMPT] User 'suthan@jobhunt.top' (Role: 'super_admin') attempting to access view: 'dashboard_visitors_info'.
[2025-05-22 03:47:51] [ACCESS_GRANTED] User 'suthan@jobhunt.top' accessed 'dashboard_visitors_info' view.
[2025-05-22 03:49:55] [ACCESS_ATTEMPT] User 'suthan@jobhunt.top' (Role: 'super_admin') attempting to access view: 'dashboard_visitors_info'.
[2025-05-22 03:49:55] [ACCESS_GRANTED] User 'suthan@jobhunt.top' accessed 'dashboard_visitors_info' view.
[2025-05-22 03:49:58] [ACCESS_ATTEMPT] User 'suthan@jobhunt.top' (Role: 'super_admin') attempting to access view: 'dashboard_overview'.
[2025-05-22 03:51:04] [ACCESS_ATTEMPT] User 'suthan@jobhunt.top' (Role: 'super_admin') attempting to access view: 'dashboard_overview'.
[2025-05-22 03:51:38] [ACCESS_ATTEMPT] User 'suthan@jobhunt.top' (Role: 'super_admin') attempting to access view: 'dashboard_overview'.
[2025-05-22 03:53:18] [ACCESS_ATTEMPT] User 'suthan@jobhunt.top' (Role: 'super_admin') attempting to access view: 'dashboard_overview'.
[2025-05-22 03:53:19] [ACCESS_ATTEMPT] User 'suthan@jobhunt.top' (Role: 'super_admin') attempting to access view: 'dashboard_overview'.
[2025-05-22 03:54:17] [ACCESS_ATTEMPT] User 'suthan@jobhunt.top' (Role: 'super_admin') attempting to access view: 'dashboard_overview'.
[2025-05-22 03:54:18] [ACCESS_ATTEMPT] User 'suthan@jobhunt.top' (Role: 'super_admin') attempting to access view: 'dashboard_overview'.
[2025-05-22 04:00:48] [ACCESS_ATTEMPT] User 'suthan@jobhunt.top' (Role: 'super_admin') attempting to access view: 'dashboard_overview'.
[2025-05-22 04:02:13] [ACCESS_ATTEMPT] User 'suthan@jobhunt.top' (Role: 'super_admin') attempting to access view: 'dashboard_overview'.
[2025-05-22 04:02:19] [ACCESS_ATTEMPT] User 'suthan@jobhunt.top' (Role: 'super_admin') attempting to access view: 'dashboard_overview'.
[2025-05-22 04:02:34] [ACCESS_ATTEMPT] User 'suthan@jobhunt.top' (Role: 'super_admin') attempting to access view: 'dashboard_overview'.
[2025-05-22 04:02:48] [ACCESS_ATTEMPT] User 'suthan@jobhunt.top' (Role: 'super_admin') attempting to access view: 'dashboard_overview'.
[2025-05-22 04:02:50] [ACCESS_ATTEMPT] User 'suthan@jobhunt.top' (Role: 'super_admin') attempting to access view: 'dashboard_overview'.
[2025-05-22 04:03:00] [ACCESS_ATTEMPT] User 'suthan@jobhunt.top' (Role: 'super_admin') attempting to access view: 'dashboard_overview'.
[2025-05-22 04:03:08] [ACCESS_ATTEMPT] User 'suthan@jobhunt.top' (Role: 'super_admin') attempting to access view: 'dashboard_overview'.
[2025-05-22 04:05:07] [ACCESS_ATTEMPT] User 'suthan@jobhunt.top' (Role: 'super_admin') attempting to access view: 'dashboard_service_one'.
[2025-05-22 04:05:07] [ACCESS_GRANTED] User 'suthan@jobhunt.top' accessed 'dashboard_service_one' view.
[2025-05-22 04:05:09] [ACCESS_ATTEMPT] User 'suthan@jobhunt.top' (Role: 'super_admin') attempting to access view: 'dashboard_user_info'.
[2025-05-22 04:05:09] [ACCESS_GRANTED] User 'suthan@jobhunt.top' accessed 'dashboard_user_info' view.
[2025-05-22 04:05:16] [ACCESS_ATTEMPT] User 'suthan@jobhunt.top' (Role: 'super_admin') attempting to access view: 'dashboard_job_stats'.
[2025-05-22 04:05:16] [ACCESS_GRANTED] User 'suthan@jobhunt.top' accessed 'dashboard_job_stats' view.
[2025-05-22 04:06:40] [ACCESS_ATTEMPT] User 'suthan@jobhunt.top' (Role: 'super_admin') attempting to access view: 'dashboard_qoe'.
[2025-05-22 04:06:40] [ACCESS_GRANTED] User 'suthan@jobhunt.top' accessed 'dashboard_qoe' view.
[2025-05-22 04:06:52] [ACCESS_ATTEMPT] User 'suthan@jobhunt.top' (Role: 'super_admin') attempting to access view: 'dashboard_job_stats'.
[2025-05-22 04:06:52] [ACCESS_GRANTED] User 'suthan@jobhunt.top' accessed 'dashboard_job_stats' view.
[2025-05-22 04:08:33] [ACCESS_ATTEMPT] User 'suthan@jobhunt.top' (Role: 'super_admin') attempting to access view: 'dashboard_overview'.
[2025-05-22 04:11:11] [ACCESS_ATTEMPT] User 'suthan@jobhunt.top' (Role: 'super_admin') attempting to access view: 'dashboard_overview'.
[2025-05-22 04:11:15] [ACCESS_ATTEMPT] User 'suthan@jobhunt.top' (Role: 'super_admin') attempting to access view: 'dashboard_job_stats'.
[2025-05-22 04:11:15] [ACCESS_GRANTED] User 'suthan@jobhunt.top' accessed 'dashboard_job_stats' view.
[2025-05-22 04:11:42] [ACCESS_ATTEMPT] User 'suthan@jobhunt.top' (Role: 'super_admin') attempting to access view: 'dashboard_job_stats'.
[2025-05-22 04:11:42] [ACCESS_GRANTED] User 'suthan@jobhunt.top' accessed 'dashboard_job_stats' view.
[2025-05-22 04:13:46] [ACCESS_ATTEMPT] User 'suthan@jobhunt.top' (Role: 'super_admin') attempting to access view: 'dashboard_overview'.
[2025-05-22 04:13:46] [ACCESS_ATTEMPT] User 'suthan@jobhunt.top' (Role: 'super_admin') attempting to access view: 'dashboard_overview'.
[2025-05-22 04:23:05] [ACCESS_ATTEMPT] User 'suthan@jobhunt.top' (Role: 'super_admin') attempting to access view: 'dashboard_overview'.
[2025-05-22 04:23:09] [ACCESS_ATTEMPT] User 'suthan@jobhunt.top' (Role: 'super_admin') attempting to access view: 'dashboard_job_stats'.
[2025-05-22 04:23:09] [ACCESS_GRANTED] User 'suthan@jobhunt.top' accessed 'dashboard_job_stats' view.
[2025-05-22 04:24:21] [ACCESS_ATTEMPT] User 'suthan@jobhunt.top' (Role: 'super_admin') attempting to access view: 'dashboard_job_stats'.
[2025-05-22 04:24:21] [ACCESS_GRANTED] User 'suthan@jobhunt.top' accessed 'dashboard_job_stats' view.
[2025-05-22 04:42:21] [ACCESS_ATTEMPT] User 'suthan@jobhunt.top' (Role: 'super_admin') attempting to access view: 'dashboard_job_stats'.
[2025-05-22 04:42:21] [ACCESS_GRANTED] User 'suthan@jobhunt.top' accessed 'dashboard_job_stats' view.
[2025-05-22 04:42:27] [ACCESS_ATTEMPT] User 'suthan@jobhunt.top' (Role: 'super_admin') attempting to access view: 'dashboard_overview'.
[2025-05-22 04:42:42] [ACCESS_ATTEMPT] User 'suthan@jobhunt.top' (Role: 'super_admin') attempting to access view: 'dashboard_service_one'.
[2025-05-22 04:42:42] [ACCESS_GRANTED] User 'suthan@jobhunt.top' accessed 'dashboard_service_one' view.
[2025-05-22 04:42:44] [ACCESS_ATTEMPT] User 'suthan@jobhunt.top' (Role: 'super_admin') attempting to access view: 'dashboard_user_info'.
[2025-05-22 04:42:44] [ACCESS_GRANTED] User 'suthan@jobhunt.top' accessed 'dashboard_user_info' view.
[2025-05-22 04:42:45] [ACCESS_ATTEMPT] User 'suthan@jobhunt.top' (Role: 'super_admin') attempting to access view: 'dashboard_job_stats'.
[2025-05-22 04:42:45] [ACCESS_GRANTED] User 'suthan@jobhunt.top' accessed 'dashboard_job_stats' view.
[2025-05-22 04:42:52] [ACCESS_ATTEMPT] User 'suthan@jobhunt.top' (Role: 'super_admin') attempting to access view: 'dashboard_service_two'.
[2025-05-22 04:42:52] [ACCESS_GRANTED] User 'suthan@jobhunt.top' accessed 'dashboard_service_two' view.
[2025-05-22 04:42:53] [ACCESS_ATTEMPT] User 'suthan@jobhunt.top' (Role: 'super_admin') attempting to access view: 'dashboard_visitors_info'.
[2025-05-22 04:42:53] [ACCESS_GRANTED] User 'suthan@jobhunt.top' accessed 'dashboard_visitors_info' view.
[2025-05-22 04:43:00] [ACCESS_ATTEMPT] User 'suthan@jobhunt.top' (Role: 'super_admin') attempting to access view: 'dashboard_job_stats'.
[2025-05-22 04:43:00] [ACCESS_GRANTED] User 'suthan@jobhunt.top' accessed 'dashboard_job_stats' view.
[2025-05-22 04:44:57] [ACCESS_ATTEMPT] User 'suthan@jobhunt.top' (Role: 'super_admin') attempting to access view: 'dashboard_job_stats'.
[2025-05-22 04:44:57] [ACCESS_GRANTED] User 'suthan@jobhunt.top' accessed 'dashboard_job_stats' view.
[2025-05-22 04:44:58] [ACCESS_ATTEMPT] User 'suthan@jobhunt.top' (Role: 'super_admin') attempting to access view: 'dashboard_user_info'.
[2025-05-22 04:44:58] [ACCESS_GRANTED] User 'suthan@jobhunt.top' accessed 'dashboard_user_info' view.
[2025-05-22 04:44:59] [ACCESS_ATTEMPT] User 'suthan@jobhunt.top' (Role: 'super_admin') attempting to access view: 'dashboard_job_stats'.
[2025-05-22 04:44:59] [ACCESS_GRANTED] User 'suthan@jobhunt.top' accessed 'dashboard_job_stats' view.
[2025-05-22 04:46:12] [ACCESS_ATTEMPT] User 'suthan@jobhunt.top' (Role: 'super_admin') attempting to access view: 'dashboard_job_stats'.
[2025-05-22 04:46:12] [ACCESS_GRANTED] User 'suthan@jobhunt.top' accessed 'dashboard_job_stats' view.
[2025-05-22 04:46:13] [ACCESS_ATTEMPT] User 'suthan@jobhunt.top' (Role: 'super_admin') attempting to access view: 'dashboard_job_stats'.
[2025-05-22 04:46:13] [ACCESS_GRANTED] User 'suthan@jobhunt.top' accessed 'dashboard_job_stats' view.
[2025-05-22 04:46:15] [ACCESS_ATTEMPT] User 'suthan@jobhunt.top' (Role: 'super_admin') attempting to access view: 'dashboard_overview'.
[2025-05-22 04:46:47] [ACCESS_ATTEMPT] User 'suthan@jobhunt.top' (Role: 'super_admin') attempting to access view: 'dashboard_overview'.
[2025-05-22 04:47:04] [ACCESS_ATTEMPT] User 'suthan@jobhunt.top' (Role: 'super_admin') attempting to access view: 'dashboard_overview'.
[2025-05-22 04:49:25] [ACCESS_ATTEMPT] User 'suthan@jobhunt.top' (Role: 'super_admin') attempting to access view: 'dashboard_overview'.
[2025-05-22 04:49:30] [ACCESS_ATTEMPT] User 'suthan@jobhunt.top' (Role: 'super_admin') attempting to access view: 'dashboard_user_info'.
[2025-05-22 04:49:30] [ACCESS_GRANTED] User 'suthan@jobhunt.top' accessed 'dashboard_user_info' view.
[2025-05-22 04:49:31] [ACCESS_ATTEMPT] User 'suthan@jobhunt.top' (Role: 'super_admin') attempting to access view: 'dashboard_job_stats'.
[2025-05-22 04:49:31] [ACCESS_GRANTED] User 'suthan@jobhunt.top' accessed 'dashboard_job_stats' view.
[2025-05-22 04:52:10] [ACCESS_ATTEMPT] User 'suthan@jobhunt.top' (Role: 'super_admin') attempting to access view: 'dashboard_job_stats'.
[2025-05-22 04:52:10] [ACCESS_GRANTED] User 'suthan@jobhunt.top' accessed 'dashboard_job_stats' view.
[2025-05-22 04:52:19] [ACCESS_ATTEMPT] User 'suthan@jobhunt.top' (Role: 'super_admin') attempting to access view: 'dashboard_overview'.
[2025-05-22 04:52:32] [ACCESS_ATTEMPT] User 'suthan@jobhunt.top' (Role: 'super_admin') attempting to access view: 'dashboard_job_stats'.
[2025-05-22 04:52:32] [ACCESS_GRANTED] User 'suthan@jobhunt.top' accessed 'dashboard_job_stats' view.
[2025-05-22 04:52:58] [ACCESS_ATTEMPT] User 'suthan@jobhunt.top' (Role: 'super_admin') attempting to access view: 'dashboard_overview'.
[2025-05-22 04:53:46] [ACCESS_ATTEMPT] User 'suthan@jobhunt.top' (Role: 'super_admin') attempting to access view: 'dashboard_overview'.
[2025-05-22 04:55:18] [ACCESS_ATTEMPT] User 'suthan@jobhunt.top' (Role: 'super_admin') attempting to access view: 'dashboard_visitors_info'.
[2025-05-22 04:55:18] [ACCESS_GRANTED] User 'suthan@jobhunt.top' accessed 'dashboard_visitors_info' view.
[2025-05-22 04:55:28] [ACCESS_ATTEMPT] User 'suthan@jobhunt.top' (Role: 'super_admin') attempting to access view: 'dashboard_job_stats'.
[2025-05-22 04:55:28] [ACCESS_GRANTED] User 'suthan@jobhunt.top' accessed 'dashboard_job_stats' view.
[2025-05-22 04:58:02] [ACCESS_ATTEMPT] User 'suthan@jobhunt.top' (Role: 'super_admin') attempting to access view: 'dashboard_job_stats'.
[2025-05-22 04:58:02] [ACCESS_GRANTED] User 'suthan@jobhunt.top' accessed 'dashboard_job_stats' view.
[2025-05-22 04:58:11] [ACCESS_ATTEMPT] User 'suthan@jobhunt.top' (Role: 'super_admin') attempting to access view: 'dashboard_user_info'.
[2025-05-22 04:58:11] [ACCESS_GRANTED] User 'suthan@jobhunt.top' accessed 'dashboard_user_info' view.
[2025-05-22 04:58:11] [ACCESS_ATTEMPT] User 'suthan@jobhunt.top' (Role: 'super_admin') attempting to access view: 'dashboard_job_stats'.
[2025-05-22 04:58:11] [ACCESS_GRANTED] User 'suthan@jobhunt.top' accessed 'dashboard_job_stats' view.
[2025-05-22 04:59:34] [ACCESS_ATTEMPT] User 'suthan@jobhunt.top' (Role: 'super_admin') attempting to access view: 'dashboard_overview'.
[2025-05-22 05:00:49] [ACCESS_ATTEMPT] User 'suthan@jobhunt.top' (Role: 'super_admin') attempting to access view: 'dashboard_job_stats'.
[2025-05-22 05:00:49] [ACCESS_GRANTED] User 'suthan@jobhunt.top' accessed 'dashboard_job_stats' view.
[2025-05-22 05:02:33] [ACCESS_ATTEMPT] User 'suthan@jobhunt.top' (Role: 'super_admin') attempting to access view: 'dashboard_job_stats'.
[2025-05-22 05:02:33] [ACCESS_GRANTED] User 'suthan@jobhunt.top' accessed 'dashboard_job_stats' view.
[2025-05-22 05:02:55] [ACCESS_ATTEMPT] User 'suthan@jobhunt.top' (Role: 'super_admin') attempting to access view: 'dashboard_overview'.
[2025-05-22 05:04:38] [ACCESS_ATTEMPT] User 'suthan@jobhunt.top' (Role: 'super_admin') attempting to access view: 'dashboard_user_info'.
[2025-05-22 05:04:38] [ACCESS_GRANTED] User 'suthan@jobhunt.top' accessed 'dashboard_user_info' view.
[2025-05-22 05:04:50] [ACCESS_ATTEMPT] User 'suthan@jobhunt.top' (Role: 'super_admin') attempting to access view: 'dashboard_job_stats'.
[2025-05-22 05:04:50] [ACCESS_GRANTED] User 'suthan@jobhunt.top' accessed 'dashboard_job_stats' view.
[2025-05-22 05:04:51] [ACCESS_ATTEMPT] User 'suthan@jobhunt.top' (Role: 'super_admin') attempting to access view: 'dashboard_service_two'.
[2025-05-22 05:04:51] [ACCESS_GRANTED] User 'suthan@jobhunt.top' accessed 'dashboard_service_two' view.
[2025-05-22 05:04:54] [ACCESS_ATTEMPT] User 'suthan@jobhunt.top' (Role: 'super_admin') attempting to access view: 'dashboard_visitors_info'.
[2025-05-22 05:04:54] [ACCESS_GRANTED] User 'suthan@jobhunt.top' accessed 'dashboard_visitors_info' view.
[2025-05-22 05:05:06] [ACCESS_ATTEMPT] User 'suthan@jobhunt.top' (Role: 'super_admin') attempting to access view: 'dashboard_job_stats'.
[2025-05-22 05:05:06] [ACCESS_GRANTED] User 'suthan@jobhunt.top' accessed 'dashboard_job_stats' view.
[2025-05-22 05:05:16] [ACCESS_ATTEMPT] User 'suthan@jobhunt.top' (Role: 'super_admin') attempting to access view: 'dashboard_service_two'.
[2025-05-22 05:05:16] [ACCESS_GRANTED] User 'suthan@jobhunt.top' accessed 'dashboard_service_two' view.
[2025-05-22 05:05:17] [ACCESS_ATTEMPT] User 'suthan@jobhunt.top' (Role: 'super_admin') attempting to access view: 'dashboard_visitors_info'.
[2025-05-22 05:05:17] [ACCESS_GRANTED] User 'suthan@jobhunt.top' accessed 'dashboard_visitors_info' view.
[2025-05-22 05:06:22] [ACCESS_ATTEMPT] User 'suthan@jobhunt.top' (Role: 'super_admin') attempting to access view: 'dashboard_visitors_info'.
[2025-05-22 05:06:22] [ACCESS_GRANTED] User 'suthan@jobhunt.top' accessed 'dashboard_visitors_info' view.
[2025-05-22 05:06:24] [ACCESS_ATTEMPT] User 'suthan@jobhunt.top' (Role: 'super_admin') attempting to access view: 'dashboard_overview'.
[2025-05-22 05:06:29] [ACCESS_ATTEMPT] User 'suthan@jobhunt.top' (Role: 'super_admin') attempting to access view: 'dashboard_service_one'.
[2025-05-22 05:06:29] [ACCESS_GRANTED] User 'suthan@jobhunt.top' accessed 'dashboard_service_one' view.
[2025-05-22 05:06:35] [ACCESS_ATTEMPT] User 'suthan@jobhunt.top' (Role: 'super_admin') attempting to access view: 'dashboard_overview'.
[2025-05-22 05:07:24] [ACCESS_ATTEMPT] User 'suthan@jobhunt.top' (Role: 'super_admin') attempting to access view: 'dashboard_user_info'.
[2025-05-22 05:07:24] [ACCESS_GRANTED] User 'suthan@jobhunt.top' accessed 'dashboard_user_info' view.
[2025-05-22 05:07:28] [ACCESS_ATTEMPT] User 'suthan@jobhunt.top' (Role: 'super_admin') attempting to access view: 'dashboard_job_stats'.
[2025-05-22 05:07:28] [ACCESS_GRANTED] User 'suthan@jobhunt.top' accessed 'dashboard_job_stats' view.
[2025-05-22 05:07:30] [ACCESS_ATTEMPT] User 'suthan@jobhunt.top' (Role: 'super_admin') attempting to access view: 'dashboard_visitors_info'.
[2025-05-22 05:07:30] [ACCESS_GRANTED] User 'suthan@jobhunt.top' accessed 'dashboard_visitors_info' view.
[2025-05-22 05:12:08] [ACCESS_ATTEMPT] User 'suthan@jobhunt.top' (Role: 'super_admin') attempting to access view: 'dashboard_visitors_info'.
[2025-05-22 05:12:08] [ACCESS_GRANTED] User 'suthan@jobhunt.top' accessed 'dashboard_visitors_info' view.
[2025-05-22 05:12:09] [ACCESS_ATTEMPT] User 'suthan@jobhunt.top' (Role: 'super_admin') attempting to access view: 'dashboard_overview'.
[2025-05-22 05:12:33] [ACCESS_ATTEMPT] User 'suthan@jobhunt.top' (Role: 'super_admin') attempting to access view: 'dashboard_job_stats'.
[2025-05-22 05:12:33] [ACCESS_GRANTED] User 'suthan@jobhunt.top' accessed 'dashboard_job_stats' view.
[2025-05-22 05:13:05] [ACCESS_ATTEMPT] User 'suthan@jobhunt.top' (Role: 'super_admin') attempting to access view: 'dashboard_overview'.
[2025-05-22 05:17:55] [ACCESS_ATTEMPT] User 'suthan@jobhunt.top' (Role: 'super_admin') attempting to access view: 'dashboard_overview'.
[2025-05-22 05:18:07] [ACCESS_ATTEMPT] User 'suthan@jobhunt.top' (Role: 'super_admin') attempting to access view: 'dashboard_job_stats'.
[2025-05-22 05:18:07] [ACCESS_GRANTED] User 'suthan@jobhunt.top' accessed 'dashboard_job_stats' view.
[2025-05-22 05:18:25] [ACCESS_ATTEMPT] User 'suthan@jobhunt.top' (Role: 'super_admin') attempting to access view: 'dashboard_overview'.
[2025-05-22 05:25:40] [ACCESS_ATTEMPT] User 'suthan@jobhunt.top' (Role: 'super_admin') attempting to access view: 'dashboard_overview'.
[2025-05-22 05:25:52] [ACCESS_ATTEMPT] User 'suthan@jobhunt.top' (Role: 'super_admin') attempting to access view: 'dashboard_job_stats'.
[2025-05-22 05:25:52] [ACCESS_GRANTED] User 'suthan@jobhunt.top' accessed 'dashboard_job_stats' view.
[2025-05-22 05:25:57] [ACCESS_ATTEMPT] User 'suthan@jobhunt.top' (Role: 'super_admin') attempting to access view: 'dashboard_overview'.
[2025-05-22 05:31:11] [ACCESS_ATTEMPT] User 'suthan@jobhunt.top' (Role: 'super_admin') attempting to access view: 'dashboard_overview'.
[2025-05-22 05:31:13] [ACCESS_ATTEMPT] User 'suthan@jobhunt.top' (Role: 'super_admin') attempting to access view: 'dashboard_overview'.
[2025-05-22 05:32:38] [ACCESS_ATTEMPT] User 'suthan@jobhunt.top' (Role: 'super_admin') attempting to access view: 'dashboard_overview'.
[2025-05-22 05:33:07] [ACCESS_ATTEMPT] User 'suthan@jobhunt.top' (Role: 'super_admin') attempting to access view: 'dashboard_overview'.
[2025-05-22 05:33:09] [ACCESS_ATTEMPT] User 'suthan@jobhunt.top' (Role: 'super_admin') attempting to access view: 'dashboard_overview'.
[2025-05-22 05:34:12] [ACCESS_ATTEMPT] User 'suthan@jobhunt.top' (Role: 'super_admin') attempting to access view: 'dashboard_overview'.
[2025-05-22 05:34:13] [ACCESS_ATTEMPT] User 'suthan@jobhunt.top' (Role: 'super_admin') attempting to access view: 'dashboard_overview'.
[2025-05-22 05:34:28] [ACCESS_ATTEMPT] User 'suthan@jobhunt.top' (Role: 'super_admin') attempting to access view: 'dashboard_overview'.
[2025-05-22 05:34:29] [ACCESS_ATTEMPT] User 'suthan@jobhunt.top' (Role: 'super_admin') attempting to access view: 'dashboard_overview'.
[2025-05-22 05:34:49] [ACCESS_ATTEMPT] User 'suthan@jobhunt.top' (Role: 'super_admin') attempting to access view: 'dashboard_overview'.
[2025-05-22 05:35:00] [ACCESS_ATTEMPT] User 'suthan@jobhunt.top' (Role: 'super_admin') attempting to access view: 'dashboard_user_info'.
[2025-05-22 05:35:00] [ACCESS_GRANTED] User 'suthan@jobhunt.top' accessed 'dashboard_user_info' view.
[2025-05-22 05:37:43] [ACCESS_ATTEMPT] User 'suthan@jobhunt.top' (Role: 'super_admin') attempting to access view: 'dashboard_user_info'.
[2025-05-22 05:37:43] [ACCESS_GRANTED] User 'suthan@jobhunt.top' accessed 'dashboard_user_info' view.
[2025-05-22 05:37:47] [ACCESS_ATTEMPT] User 'suthan@jobhunt.top' (Role: 'super_admin') attempting to access view: 'dashboard_overview'.
[2025-05-22 05:43:05] [ACCESS_ATTEMPT] User 'suthan@jobhunt.top' (Role: 'super_admin') attempting to access view: 'dashboard_overview'.
[2025-05-22 05:44:11] [ACCESS_ATTEMPT] User 'suthan@jobhunt.top' (Role: 'super_admin') attempting to access view: 'dashboard_overview'.
[2025-05-22 05:44:12] [ACCESS_ATTEMPT] User 'suthan@jobhunt.top' (Role: 'super_admin') attempting to access view: 'dashboard_overview'.
[2025-05-22 05:44:18] [ACCESS_ATTEMPT] User 'suthan@jobhunt.top' (Role: 'super_admin') attempting to access view: 'dashboard_overview'.
[2025-05-22 05:45:54] [ACCESS_ATTEMPT] User 'suthan@jobhunt.top' (Role: 'super_admin') attempting to access view: 'dashboard_service_one'.
[2025-05-22 05:45:54] [ACCESS_GRANTED] User 'suthan@jobhunt.top' accessed 'dashboard_service_one' view.
[2025-05-22 05:45:55] [ACCESS_ATTEMPT] User 'suthan@jobhunt.top' (Role: 'super_admin') attempting to access view: 'dashboard_user_info'.
[2025-05-22 05:45:55] [ACCESS_GRANTED] User 'suthan@jobhunt.top' accessed 'dashboard_user_info' view.
[2025-05-22 05:46:51] [ACCESS_ATTEMPT] User 'suthan@jobhunt.top' (Role: 'super_admin') attempting to access view: 'dashboard_overview'.
[2025-05-22 05:47:39] [ACCESS_ATTEMPT] User 'suthan@jobhunt.top' (Role: 'super_admin') attempting to access view: 'dashboard_overview'.
[2025-05-22 05:47:56] [ACCESS_ATTEMPT] User 'suthan@jobhunt.top' (Role: 'super_admin') attempting to access view: 'dashboard_overview'.
[2025-05-22 05:48:10] [ACCESS_ATTEMPT] User 'suthan@jobhunt.top' (Role: 'super_admin') attempting to access view: 'dashboard_overview'.
[2025-05-22 05:48:30] [ACCESS_ATTEMPT] User 'suthan@jobhunt.top' (Role: 'super_admin') attempting to access view: 'dashboard_overview'.
[2025-05-22 05:49:29] [ACCESS_ATTEMPT] User 'suthan@jobhunt.top' (Role: 'super_admin') attempting to access view: 'dashboard_overview'.
[2025-05-22 05:49:49] [ACCESS_ATTEMPT] User 'suthan@jobhunt.top' (Role: 'super_admin') attempting to access view: 'dashboard_overview'.
[2025-05-22 05:50:08] [ACCESS_ATTEMPT] User 'suthan@jobhunt.top' (Role: 'super_admin') attempting to access view: 'dashboard_overview'.
[2025-05-22 05:50:10] [ACCESS_ATTEMPT] User 'suthan@jobhunt.top' (Role: 'super_admin') attempting to access view: 'dashboard_overview'.
[2025-05-22 05:50:20] [ACCESS_ATTEMPT] User 'suthan@jobhunt.top' (Role: 'super_admin') attempting to access view: 'dashboard_overview'.
[2025-05-22 05:50:32] [ACCESS_ATTEMPT] User 'suthan@jobhunt.top' (Role: 'super_admin') attempting to access view: 'dashboard_overview'.
[2025-05-22 05:50:44] [ACCESS_ATTEMPT] User 'suthan@jobhunt.top' (Role: 'super_admin') attempting to access view: 'dashboard_overview'.
[2025-05-22 05:51:39] [ACCESS_ATTEMPT] User 'suthan@jobhunt.top' (Role: 'super_admin') attempting to access view: 'dashboard_overview'.
[2025-05-22 05:51:48] [ACCESS_ATTEMPT] User 'suthan@jobhunt.top' (Role: 'super_admin') attempting to access view: 'dashboard_overview'.
[2025-05-22 05:51:58] [ACCESS_ATTEMPT] User 'suthan@jobhunt.top' (Role: 'super_admin') attempting to access view: 'dashboard_user_info'.
[2025-05-22 05:51:58] [ACCESS_GRANTED] User 'suthan@jobhunt.top' accessed 'dashboard_user_info' view.
[2025-05-22 05:52:00] [ACCESS_ATTEMPT] User 'suthan@jobhunt.top' (Role: 'super_admin') attempting to access view: 'dashboard_job_stats'.
[2025-05-22 05:52:00] [ACCESS_GRANTED] User 'suthan@jobhunt.top' accessed 'dashboard_job_stats' view.
[2025-05-22 05:52:11] [ACCESS_ATTEMPT] User 'suthan@jobhunt.top' (Role: 'super_admin') attempting to access view: 'dashboard_visitors_info'.
[2025-05-22 05:52:11] [ACCESS_GRANTED] User 'suthan@jobhunt.top' accessed 'dashboard_visitors_info' view.
[2025-05-22 05:52:18] [ACCESS_ATTEMPT] User 'suthan@jobhunt.top' (Role: 'super_admin') attempting to access view: 'dashboard_job_stats'.
[2025-05-22 05:52:18] [ACCESS_GRANTED] User 'suthan@jobhunt.top' accessed 'dashboard_job_stats' view.
[2025-05-22 05:52:46] [ACCESS_ATTEMPT] User 'suthan@jobhunt.top' (Role: 'super_admin') attempting to access view: 'dashboard_overview'.
[2025-05-22 05:52:47] [ACCESS_ATTEMPT] User 'suthan@jobhunt.top' (Role: 'super_admin') attempting to access view: 'dashboard_job_stats'.
[2025-05-22 05:52:47] [ACCESS_GRANTED] User 'suthan@jobhunt.top' accessed 'dashboard_job_stats' view.
[2025-05-22 05:53:36] [ACCESS_ATTEMPT] User 'suthan@jobhunt.top' (Role: 'super_admin') attempting to access view: 'dashboard_overview'.
[2025-05-22 05:55:03] [ACCESS_ATTEMPT] User 'suthan@jobhunt.top' (Role: 'super_admin') attempting to access view: 'dashboard_overview'.
[2025-05-22 05:55:08] [ACCESS_ATTEMPT] User 'suthan@jobhunt.top' (Role: 'super_admin') attempting to access view: 'dashboard_user_info'.
[2025-05-22 05:55:08] [ACCESS_GRANTED] User 'suthan@jobhunt.top' accessed 'dashboard_user_info' view.
[2025-05-22 05:55:12] [ACCESS_ATTEMPT] User 'suthan@jobhunt.top' (Role: 'super_admin') attempting to access view: 'dashboard_job_stats'.
[2025-05-22 05:55:12] [ACCESS_GRANTED] User 'suthan@jobhunt.top' accessed 'dashboard_job_stats' view.
[2025-05-22 05:56:19] [ACCESS_ATTEMPT] User 'suthan@jobhunt.top' (Role: 'super_admin') attempting to access view: 'dashboard_overview'.
[2025-05-22 05:56:57] [ACCESS_ATTEMPT] User 'suthan@jobhunt.top' (Role: 'super_admin') attempting to access view: 'dashboard_overview'.
[2025-05-22 05:57:50] [ACCESS_ATTEMPT] User 'suthan@jobhunt.top' (Role: 'super_admin') attempting to access view: 'dashboard_overview'.
[2025-05-22 05:58:12] [ACCESS_ATTEMPT] User 'suthan@jobhunt.top' (Role: 'super_admin') attempting to access view: 'dashboard_overview'.
[2025-05-22 05:59:16] [ACCESS_ATTEMPT] User 'suthan@jobhunt.top' (Role: 'super_admin') attempting to access view: 'dashboard_user_info'.
[2025-05-22 05:59:16] [ACCESS_GRANTED] User 'suthan@jobhunt.top' accessed 'dashboard_user_info' view.
[2025-05-22 05:59:17] [ACCESS_ATTEMPT] User 'suthan@jobhunt.top' (Role: 'super_admin') attempting to access view: 'dashboard_job_stats'.
[2025-05-22 05:59:17] [ACCESS_GRANTED] User 'suthan@jobhunt.top' accessed 'dashboard_job_stats' view.
[2025-05-22 05:59:40] [ACCESS_ATTEMPT] User 'suthan@jobhunt.top' (Role: 'super_admin') attempting to access view: 'dashboard_overview'.
[2025-05-22 06:01:09] [ACCESS_ATTEMPT] User 'suthan@jobhunt.top' (Role: 'super_admin') attempting to access view: 'dashboard_overview'.
[2025-05-22 06:03:47] [ACCESS_ATTEMPT] User 'suthan@jobhunt.top' (Role: 'super_admin') attempting to access view: 'dashboard_overview'.
[2025-05-22 06:05:17] [ACCESS_ATTEMPT] User 'suthan@jobhunt.top' (Role: 'super_admin') attempting to access view: 'dashboard_overview'.
[2025-05-22 06:06:28] [ACCESS_ATTEMPT] User 'suthan@jobhunt.top' (Role: 'super_admin') attempting to access view: 'dashboard_overview'.
[2025-05-22 06:08:27] [ACCESS_ATTEMPT] User 'suthan@jobhunt.top' (Role: 'super_admin') attempting to access view: 'dashboard_overview'.
[2025-05-22 06:10:24] [ACCESS_ATTEMPT] User 'suthan@jobhunt.top' (Role: 'super_admin') attempting to access view: 'dashboard_user_info'.
[2025-05-22 06:10:24] [ACCESS_GRANTED] User 'suthan@jobhunt.top' accessed 'dashboard_user_info' view.
[2025-05-22 06:10:25] [ACCESS_ATTEMPT] User 'suthan@jobhunt.top' (Role: 'super_admin') attempting to access view: 'dashboard_job_stats'.
[2025-05-22 06:10:25] [ACCESS_GRANTED] User 'suthan@jobhunt.top' accessed 'dashboard_job_stats' view.
[2025-05-22 06:12:55] [ACCESS_ATTEMPT] User 'suthan@jobhunt.top' (Role: 'super_admin') attempting to access view: 'dashboard_job_stats'.
[2025-05-22 06:12:55] [ACCESS_GRANTED] User 'suthan@jobhunt.top' accessed 'dashboard_job_stats' view.
[2025-05-22 06:12:59] [ACCESS_ATTEMPT] User 'suthan@jobhunt.top' (Role: 'super_admin') attempting to access view: 'dashboard_visitors_info'.
[2025-05-22 06:12:59] [ACCESS_GRANTED] User 'suthan@jobhunt.top' accessed 'dashboard_visitors_info' view.
[2025-05-22 06:15:31] [ACCESS_ATTEMPT] User 'suthan@jobhunt.top' (Role: 'super_admin') attempting to access view: 'dashboard_service_two'.
[2025-05-22 06:15:31] [ACCESS_GRANTED] User 'suthan@jobhunt.top' accessed 'dashboard_service_two' view.
[2025-05-22 06:15:32] [ACCESS_ATTEMPT] User 'suthan@jobhunt.top' (Role: 'super_admin') attempting to access view: 'dashboard_visitors_info'.
[2025-05-22 06:15:32] [ACCESS_GRANTED] User 'suthan@jobhunt.top' accessed 'dashboard_visitors_info' view.
[2025-05-22 06:17:31] [ACCESS_ATTEMPT] User 'suthan@jobhunt.top' (Role: 'super_admin') attempting to access view: 'dashboard_visitors_info'.
[2025-05-22 06:17:31] [ACCESS_GRANTED] User 'suthan@jobhunt.top' accessed 'dashboard_visitors_info' view.
[2025-05-22 06:18:11] [ACCESS_ATTEMPT] User 'suthan@jobhunt.top' (Role: 'super_admin') attempting to access view: 'dashboard_visitors_info'.
[2025-05-22 06:18:11] [ACCESS_GRANTED] User 'suthan@jobhunt.top' accessed 'dashboard_visitors_info' view.
[2025-05-22 06:18:21] [ACCESS_ATTEMPT] User 'suthan@jobhunt.top' (Role: 'super_admin') attempting to access view: 'dashboard_job_stats'.
[2025-05-22 06:18:21] [ACCESS_GRANTED] User 'suthan@jobhunt.top' accessed 'dashboard_job_stats' view.
[2025-05-22 06:19:05] [ACCESS_ATTEMPT] User 'suthan@jobhunt.top' (Role: 'super_admin') attempting to access view: 'dashboard_job_stats'.
[2025-05-22 06:19:05] [ACCESS_GRANTED] User 'suthan@jobhunt.top' accessed 'dashboard_job_stats' view.
[2025-05-22 06:20:14] [ACCESS_ATTEMPT] User 'suthan@jobhunt.top' (Role: 'super_admin') attempting to access view: 'dashboard_job_stats'.
[2025-05-22 06:20:14] [ACCESS_GRANTED] User 'suthan@jobhunt.top' accessed 'dashboard_job_stats' view.
[2025-05-22 06:20:20] [ACCESS_ATTEMPT] User 'suthan@jobhunt.top' (Role: 'super_admin') attempting to access view: 'dashboard_visitors_info'.
[2025-05-22 06:20:20] [ACCESS_GRANTED] User 'suthan@jobhunt.top' accessed 'dashboard_visitors_info' view.
[2025-05-22 06:21:00] [ACCESS_ATTEMPT] User 'suthan@jobhunt.top' (Role: 'super_admin') attempting to access view: 'dashboard_visitors_info'.
[2025-05-22 06:21:00] [ACCESS_GRANTED] User 'suthan@jobhunt.top' accessed 'dashboard_visitors_info' view.
[2025-05-22 06:21:03] [ACCESS_ATTEMPT] User 'suthan@jobhunt.top' (Role: 'super_admin') attempting to access view: 'dashboard_visitors_info'.
[2025-05-22 06:21:03] [ACCESS_GRANTED] User 'suthan@jobhunt.top' accessed 'dashboard_visitors_info' view.
[2025-05-22 06:21:35] [ACCESS_ATTEMPT] User 'suthan@jobhunt.top' (Role: 'super_admin') attempting to access view: 'dashboard_visitors_info'.
[2025-05-22 06:21:35] [ACCESS_GRANTED] User 'suthan@jobhunt.top' accessed 'dashboard_visitors_info' view.
[2025-05-22 06:23:22] [ACCESS_ATTEMPT] User 'suthan@jobhunt.top' (Role: 'super_admin') attempting to access view: 'dashboard_visitors_info'.
[2025-05-22 06:23:22] [ACCESS_GRANTED] User 'suthan@jobhunt.top' accessed 'dashboard_visitors_info' view.
[2025-05-22 06:23:41] [ACCESS_ATTEMPT] User 'suthan@jobhunt.top' (Role: 'super_admin') attempting to access view: 'dashboard_visitors_info'.
[2025-05-22 06:23:41] [ACCESS_GRANTED] User 'suthan@jobhunt.top' accessed 'dashboard_visitors_info' view.
[2025-05-22 06:25:31] [ACCESS_ATTEMPT] User 'suthan@jobhunt.top' (Role: 'super_admin') attempting to access view: 'dashboard_visitors_info'.
[2025-05-22 06:25:31] [ACCESS_GRANTED] User 'suthan@jobhunt.top' accessed 'dashboard_visitors_info' view.
[2025-05-22 06:28:48] [ACCESS_ATTEMPT] User 'suthan@jobhunt.top' (Role: 'super_admin') attempting to access view: 'dashboard_visitors_info'.
[2025-05-22 06:28:48] [ACCESS_GRANTED] User 'suthan@jobhunt.top' accessed 'dashboard_visitors_info' view.
[2025-05-22 06:29:14] [ACCESS_ATTEMPT] User 'suthan@jobhunt.top' (Role: 'super_admin') attempting to access view: 'dashboard_visitors_info'.
[2025-05-22 06:29:14] [ACCESS_GRANTED] User 'suthan@jobhunt.top' accessed 'dashboard_visitors_info' view.
[2025-05-22 06:29:52] [ACCESS_ATTEMPT] User 'suthan@jobhunt.top' (Role: 'super_admin') attempting to access view: 'dashboard_visitors_info'.
[2025-05-22 06:29:52] [ACCESS_GRANTED] User 'suthan@jobhunt.top' accessed 'dashboard_visitors_info' view.
[2025-05-22 06:29:53] [ACCESS_ATTEMPT] User 'suthan@jobhunt.top' (Role: 'super_admin') attempting to access view: 'dashboard_visitors_info'.
[2025-05-22 06:29:53] [ACCESS_GRANTED] User 'suthan@jobhunt.top' accessed 'dashboard_visitors_info' view.
[2025-05-22 06:30:03] [ACCESS_ATTEMPT] User 'suthan@jobhunt.top' (Role: 'super_admin') attempting to access view: 'dashboard_visitors_info'.
[2025-05-22 06:30:03] [ACCESS_GRANTED] User 'suthan@jobhunt.top' accessed 'dashboard_visitors_info' view.
[2025-05-22 06:31:08] [ACCESS_ATTEMPT] User 'suthan@jobhunt.top' (Role: 'super_admin') attempting to access view: 'dashboard_visitors_info'.
[2025-05-22 06:31:08] [ACCESS_GRANTED] User 'suthan@jobhunt.top' accessed 'dashboard_visitors_info' view.
[2025-05-22 06:31:43] [ACCESS_ATTEMPT] User 'suthan@jobhunt.top' (Role: 'super_admin') attempting to access view: 'dashboard_visitors_info'.
[2025-05-22 06:31:43] [ACCESS_GRANTED] User 'suthan@jobhunt.top' accessed 'dashboard_visitors_info' view.
[2025-05-22 06:32:54] [ACCESS_ATTEMPT] User 'suthan@jobhunt.top' (Role: 'super_admin') attempting to access view: 'dashboard_visitors_info'.
[2025-05-22 06:32:54] [ACCESS_GRANTED] User 'suthan@jobhunt.top' accessed 'dashboard_visitors_info' view.
[2025-05-22 06:32:55] [ACCESS_ATTEMPT] User 'suthan@jobhunt.top' (Role: 'super_admin') attempting to access view: 'dashboard_visitors_info'.
[2025-05-22 06:32:55] [ACCESS_GRANTED] User 'suthan@jobhunt.top' accessed 'dashboard_visitors_info' view.
[2025-05-22 06:33:02] [ACCESS_ATTEMPT] User 'suthan@jobhunt.top' (Role: 'super_admin') attempting to access view: 'dashboard_visitors_info'.
[2025-05-22 06:33:02] [ACCESS_GRANTED] User 'suthan@jobhunt.top' accessed 'dashboard_visitors_info' view.
[2025-05-22 06:33:13] [ACCESS_ATTEMPT] User 'suthan@jobhunt.top' (Role: 'super_admin') attempting to access view: 'dashboard_visitors_info'.
[2025-05-22 06:33:13] [ACCESS_GRANTED] User 'suthan@jobhunt.top' accessed 'dashboard_visitors_info' view.
[2025-05-22 06:33:13] [ACCESS_ATTEMPT] User 'suthan@jobhunt.top' (Role: 'super_admin') attempting to access view: 'dashboard_visitors_info'.
[2025-05-22 06:33:13] [ACCESS_GRANTED] User 'suthan@jobhunt.top' accessed 'dashboard_visitors_info' view.
[2025-05-22 06:33:34] [ACCESS_ATTEMPT] User 'suthan@jobhunt.top' (Role: 'super_admin') attempting to access view: 'dashboard_visitors_info'.
[2025-05-22 06:33:34] [ACCESS_GRANTED] User 'suthan@jobhunt.top' accessed 'dashboard_visitors_info' view.
[2025-05-22 06:33:35] [ACCESS_ATTEMPT] User 'suthan@jobhunt.top' (Role: 'super_admin') attempting to access view: 'dashboard_visitors_info'.
[2025-05-22 06:33:35] [ACCESS_GRANTED] User 'suthan@jobhunt.top' accessed 'dashboard_visitors_info' view.
[2025-05-22 06:33:44] [ACCESS_ATTEMPT] User 'suthan@jobhunt.top' (Role: 'super_admin') attempting to access view: 'dashboard_visitors_info'.
[2025-05-22 06:33:44] [ACCESS_GRANTED] User 'suthan@jobhunt.top' accessed 'dashboard_visitors_info' view.
[2025-05-22 06:34:11] [ACCESS_ATTEMPT] User 'suthan@jobhunt.top' (Role: 'super_admin') attempting to access view: 'dashboard_visitors_info'.
[2025-05-22 06:34:11] [ACCESS_GRANTED] User 'suthan@jobhunt.top' accessed 'dashboard_visitors_info' view.
[2025-05-22 06:34:40] [ACCESS_ATTEMPT] User 'suthan@jobhunt.top' (Role: 'super_admin') attempting to access view: 'dashboard_job_stats'.
[2025-05-22 06:34:40] [ACCESS_GRANTED] User 'suthan@jobhunt.top' accessed 'dashboard_job_stats' view.
[2025-05-22 06:35:02] [ACCESS_ATTEMPT] User 'suthan@jobhunt.top' (Role: 'super_admin') attempting to access view: 'dashboard_visitors_info'.
[2025-05-22 06:35:02] [ACCESS_GRANTED] User 'suthan@jobhunt.top' accessed 'dashboard_visitors_info' view.
[2025-05-22 06:35:03] [ACCESS_ATTEMPT] User 'suthan@jobhunt.top' (Role: 'super_admin') attempting to access view: 'dashboard_service_two'.
[2025-05-22 06:35:03] [ACCESS_GRANTED] User 'suthan@jobhunt.top' accessed 'dashboard_service_two' view.
[2025-05-22 06:35:05] [ACCESS_ATTEMPT] User 'suthan@jobhunt.top' (Role: 'super_admin') attempting to access view: 'dashboard_job_stats'.
[2025-05-22 06:35:05] [ACCESS_GRANTED] User 'suthan@jobhunt.top' accessed 'dashboard_job_stats' view.
[2025-05-22 06:35:06] [ACCESS_ATTEMPT] User 'suthan@jobhunt.top' (Role: 'super_admin') attempting to access view: 'dashboard_user_info'.
[2025-05-22 06:35:06] [ACCESS_GRANTED] User 'suthan@jobhunt.top' accessed 'dashboard_user_info' view.
[2025-05-22 06:35:09] [ACCESS_ATTEMPT] User 'suthan@jobhunt.top' (Role: 'super_admin') attempting to access view: 'dashboard_service_one'.
[2025-05-22 06:35:09] [ACCESS_GRANTED] User 'suthan@jobhunt.top' accessed 'dashboard_service_one' view.
[2025-05-22 06:35:10] [ACCESS_ATTEMPT] User 'suthan@jobhunt.top' (Role: 'super_admin') attempting to access view: 'dashboard_user_info'.
[2025-05-22 06:35:10] [ACCESS_GRANTED] User 'suthan@jobhunt.top' accessed 'dashboard_user_info' view.
[2025-05-22 06:35:51] [ACCESS_ATTEMPT] User 'suthan@jobhunt.top' (Role: 'super_admin') attempting to access view: 'dashboard_visitors_info'.
[2025-05-22 06:35:51] [ACCESS_GRANTED] User 'suthan@jobhunt.top' accessed 'dashboard_visitors_info' view.
[2025-05-22 06:40:05] [ACCESS_ATTEMPT] User 'suthan@jobhunt.top' (Role: 'super_admin') attempting to access view: 'dashboard_visitors_info'.
[2025-05-22 06:40:05] [ACCESS_GRANTED] User 'suthan@jobhunt.top' accessed 'dashboard_visitors_info' view.
[2025-05-22 06:44:41] [ACCESS_ATTEMPT] User 'suthan@jobhunt.top' (Role: 'super_admin') attempting to access view: 'dashboard_user_info'.
[2025-05-22 06:44:41] [ACCESS_GRANTED] User 'suthan@jobhunt.top' accessed 'dashboard_user_info' view.
[2025-05-22 06:44:49] [ACCESS_ATTEMPT] User 'suthan@jobhunt.top' (Role: 'super_admin') attempting to access view: 'dashboard_visitors_info'.
[2025-05-22 06:44:49] [ACCESS_GRANTED] User 'suthan@jobhunt.top' accessed 'dashboard_visitors_info' view.
[2025-05-22 06:45:44] [ACCESS_ATTEMPT] User 'suthan@jobhunt.top' (Role: 'super_admin') attempting to access view: 'dashboard_user_info'.
[2025-05-22 06:45:44] [ACCESS_GRANTED] User 'suthan@jobhunt.top' accessed 'dashboard_user_info' view.
[2025-05-22 06:45:44] [ACCESS_ATTEMPT] User 'suthan@jobhunt.top' (Role: 'super_admin') attempting to access view: 'dashboard_job_stats'.
[2025-05-22 06:45:44] [ACCESS_GRANTED] User 'suthan@jobhunt.top' accessed 'dashboard_job_stats' view.
[2025-05-22 06:46:24] [ACCESS_ATTEMPT] User 'suthan@jobhunt.top' (Role: 'super_admin') attempting to access view: 'dashboard_job_stats'.
[2025-05-22 06:46:24] [ACCESS_GRANTED] User 'suthan@jobhunt.top' accessed 'dashboard_job_stats' view.
[2025-05-22 06:46:57] [ACCESS_ATTEMPT] User 'suthan@jobhunt.top' (Role: 'super_admin') attempting to access view: 'dashboard_job_stats'.
[2025-05-22 06:46:57] [ACCESS_GRANTED] User 'suthan@jobhunt.top' accessed 'dashboard_job_stats' view.
[2025-05-22 06:47:10] [ACCESS_ATTEMPT] User 'suthan@jobhunt.top' (Role: 'super_admin') attempting to access view: 'dashboard_user_info'.
[2025-05-22 06:47:10] [ACCESS_GRANTED] User 'suthan@jobhunt.top' accessed 'dashboard_user_info' view.
[2025-05-22 06:47:10] [ACCESS_ATTEMPT] User 'suthan@jobhunt.top' (Role: 'super_admin') attempting to access view: 'dashboard_service_one'.
[2025-05-22 06:47:10] [ACCESS_GRANTED] User 'suthan@jobhunt.top' accessed 'dashboard_service_one' view.
[2025-05-22 06:47:11] [ACCESS_ATTEMPT] User 'suthan@jobhunt.top' (Role: 'super_admin') attempting to access view: 'dashboard_service_two'.
[2025-05-22 06:47:11] [ACCESS_GRANTED] User 'suthan@jobhunt.top' accessed 'dashboard_service_two' view.
[2025-05-22 06:47:12] [ACCESS_ATTEMPT] User 'suthan@jobhunt.top' (Role: 'super_admin') attempting to access view: 'dashboard_visitors_info'.
[2025-05-22 06:47:12] [ACCESS_GRANTED] User 'suthan@jobhunt.top' accessed 'dashboard_visitors_info' view.
[2025-05-22 06:47:30] [ACCESS_ATTEMPT] User 'suthan@jobhunt.top' (Role: 'super_admin') attempting to access view: 'dashboard_visitors_info'.
[2025-05-22 06:47:30] [ACCESS_GRANTED] User 'suthan@jobhunt.top' accessed 'dashboard_visitors_info' view.
[2025-05-22 06:48:37] [ACCESS_ATTEMPT] User 'suthan@jobhunt.top' (Role: 'super_admin') attempting to access view: 'dashboard_visitors_info'.
[2025-05-22 06:48:37] [ACCESS_GRANTED] User 'suthan@jobhunt.top' accessed 'dashboard_visitors_info' view.
[2025-05-22 06:48:40] [ACCESS_ATTEMPT] User 'suthan@jobhunt.top' (Role: 'super_admin') attempting to access view: 'dashboard_visitors_info'.
[2025-05-22 06:48:40] [ACCESS_GRANTED] User 'suthan@jobhunt.top' accessed 'dashboard_visitors_info' view.
[2025-05-22 06:49:16] [ACCESS_ATTEMPT] User 'suthan@jobhunt.top' (Role: 'super_admin') attempting to access view: 'dashboard_visitors_info'.
[2025-05-22 06:49:16] [ACCESS_GRANTED] User 'suthan@jobhunt.top' accessed 'dashboard_visitors_info' view.
[2025-05-22 06:49:17] [ACCESS_ATTEMPT] User 'suthan@jobhunt.top' (Role: 'super_admin') attempting to access view: 'dashboard_visitors_info'.
[2025-05-22 06:49:17] [ACCESS_GRANTED] User 'suthan@jobhunt.top' accessed 'dashboard_visitors_info' view.
[2025-05-22 06:50:02] [ACCESS_ATTEMPT] User 'suthan@jobhunt.top' (Role: 'super_admin') attempting to access view: 'dashboard_visitors_info'.
[2025-05-22 06:50:02] [ACCESS_GRANTED] User 'suthan@jobhunt.top' accessed 'dashboard_visitors_info' view.
[2025-05-22 06:51:03] [ACCESS_ATTEMPT] User 'suthan@jobhunt.top' (Role: 'super_admin') attempting to access view: 'dashboard_visitors_info'.
[2025-05-22 06:51:03] [ACCESS_GRANTED] User 'suthan@jobhunt.top' accessed 'dashboard_visitors_info' view.
[2025-05-22 06:51:03] [ACCESS_ATTEMPT] User 'suthan@jobhunt.top' (Role: 'super_admin') attempting to access view: 'dashboard_visitors_info'.
[2025-05-22 06:51:03] [ACCESS_GRANTED] User 'suthan@jobhunt.top' accessed 'dashboard_visitors_info' view.
[2025-05-22 06:51:31] [ACCESS_ATTEMPT] User 'suthan@jobhunt.top' (Role: 'super_admin') attempting to access view: 'dashboard_visitors_info'.
[2025-05-22 06:51:31] [ACCESS_GRANTED] User 'suthan@jobhunt.top' accessed 'dashboard_visitors_info' view.
[2025-05-22 06:51:32] [ACCESS_ATTEMPT] User 'suthan@jobhunt.top' (Role: 'super_admin') attempting to access view: 'dashboard_visitors_info'.
[2025-05-22 06:51:32] [ACCESS_GRANTED] User 'suthan@jobhunt.top' accessed 'dashboard_visitors_info' view.
[2025-05-22 06:51:33] [ACCESS_ATTEMPT] User 'suthan@jobhunt.top' (Role: 'super_admin') attempting to access view: 'dashboard_visitors_info'.
[2025-05-22 06:51:33] [ACCESS_GRANTED] User 'suthan@jobhunt.top' accessed 'dashboard_visitors_info' view.
[2025-05-22 06:52:57] [ACCESS_ATTEMPT] User 'suthan@jobhunt.top' (Role: 'super_admin') attempting to access view: 'dashboard_visitors_info'.
[2025-05-22 06:52:57] [ACCESS_GRANTED] User 'suthan@jobhunt.top' accessed 'dashboard_visitors_info' view.
[2025-05-22 06:53:39] [AUTH_SUCCESS] User 'suthan@jobhunt.top' logged in successfully. Role: 'super_admin'.
[2025-05-22 06:53:39] [ACCESS_ATTEMPT] User 'suthan@jobhunt.top' (Role: 'super_admin') attempting to access view: 'dashboard_overview'.
[2025-05-22 06:53:43] [ACCESS_ATTEMPT] User 'suthan@jobhunt.top' (Role: 'super_admin') attempting to access view: 'dashboard_visitors_info'.
[2025-05-22 06:53:43] [ACCESS_GRANTED] User 'suthan@jobhunt.top' accessed 'dashboard_visitors_info' view.
[2025-05-22 06:55:14] [ACCESS_ATTEMPT] User 'suthan@jobhunt.top' (Role: 'super_admin') attempting to access view: 'manage_jobs'.
[2025-05-22 06:55:15] [ACCESS_ATTEMPT] User 'suthan@jobhunt.top' (Role: 'super_admin') attempting to access view: 'dashboard_overview'.
[2025-05-22 06:55:30] [ACCESS_ATTEMPT] User 'suthan@jobhunt.top' (Role: 'super_admin') attempting to access view: 'dashboard_service_one'.
[2025-05-22 06:55:30] [ACCESS_GRANTED] User 'suthan@jobhunt.top' accessed 'dashboard_service_one' view.
[2025-05-22 06:55:31] [ACCESS_ATTEMPT] User 'suthan@jobhunt.top' (Role: 'super_admin') attempting to access view: 'dashboard_user_info'.
[2025-05-22 06:55:31] [ACCESS_GRANTED] User 'suthan@jobhunt.top' accessed 'dashboard_user_info' view.
[2025-05-22 06:55:33] [ACCESS_ATTEMPT] User 'suthan@jobhunt.top' (Role: 'super_admin') attempting to access view: 'dashboard_job_stats'.
[2025-05-22 06:55:33] [ACCESS_GRANTED] User 'suthan@jobhunt.top' accessed 'dashboard_job_stats' view.
[2025-05-22 06:55:34] [ACCESS_ATTEMPT] User 'suthan@jobhunt.top' (Role: 'super_admin') attempting to access view: 'dashboard_job_stats'.
[2025-05-22 06:55:34] [ACCESS_GRANTED] User 'suthan@jobhunt.top' accessed 'dashboard_job_stats' view.
[2025-05-22 06:55:38] [ACCESS_ATTEMPT] User 'suthan@jobhunt.top' (Role: 'super_admin') attempting to access view: 'dashboard_service_two'.
[2025-05-22 06:55:38] [ACCESS_GRANTED] User 'suthan@jobhunt.top' accessed 'dashboard_service_two' view.
[2025-05-22 06:55:40] [ACCESS_ATTEMPT] User 'suthan@jobhunt.top' (Role: 'super_admin') attempting to access view: 'dashboard_visitors_info'.
[2025-05-22 06:55:40] [ACCESS_GRANTED] User 'suthan@jobhunt.top' accessed 'dashboard_visitors_info' view.
[2025-05-22 06:56:15] [AUTH_SUCCESS] User 'Suthan@jobhunt.top' logged in successfully. Role: 'super_admin'.
[2025-05-22 06:56:15] [ACCESS_ATTEMPT] User 'suthan@jobhunt.top' (Role: 'super_admin') attempting to access view: 'dashboard_overview'.
[2025-05-22 06:56:25] [ACCESS_ATTEMPT] User 'suthan@jobhunt.top' (Role: 'super_admin') attempting to access view: 'dashboard_service_two'.
[2025-05-22 06:56:25] [ACCESS_GRANTED] User 'suthan@jobhunt.top' accessed 'dashboard_service_two' view.
[2025-05-22 06:56:29] [ACCESS_ATTEMPT] User 'suthan@jobhunt.top' (Role: 'super_admin') attempting to access view: 'dashboard_user_info'.
[2025-05-22 06:56:29] [ACCESS_GRANTED] User 'suthan@jobhunt.top' accessed 'dashboard_user_info' view.
[2025-05-22 06:56:34] [ACCESS_ATTEMPT] User 'suthan@jobhunt.top' (Role: 'super_admin') attempting to access view: 'dashboard_visitors_info'.
[2025-05-22 06:56:34] [ACCESS_GRANTED] User 'suthan@jobhunt.top' accessed 'dashboard_visitors_info' view.
[2025-05-22 06:56:59] [ACCESS_ATTEMPT] User 'suthan@jobhunt.top' (Role: 'super_admin') attempting to access view: 'dashboard_visitors_info'.
[2025-05-22 06:56:59] [ACCESS_GRANTED] User 'suthan@jobhunt.top' accessed 'dashboard_visitors_info' view.
[2025-05-22 06:57:01] [ACCESS_ATTEMPT] User 'suthan@jobhunt.top' (Role: 'super_admin') attempting to access view: 'dashboard_visitors_info'.
[2025-05-22 06:57:01] [ACCESS_GRANTED] User 'suthan@jobhunt.top' accessed 'dashboard_visitors_info' view.
[2025-05-22 06:57:42] [ACCESS_ATTEMPT] User 'suthan@jobhunt.top' (Role: 'super_admin') attempting to access view: 'dashboard_visitors_info'.
[2025-05-22 06:57:42] [ACCESS_GRANTED] User 'suthan@jobhunt.top' accessed 'dashboard_visitors_info' view.
[2025-05-22 06:57:56] [ACCESS_ATTEMPT] User 'suthan@jobhunt.top' (Role: 'super_admin') attempting to access view: 'dashboard_overview'.
[2025-05-22 06:58:08] [ACCESS_ATTEMPT] User 'suthan@jobhunt.top' (Role: 'super_admin') attempting to access view: 'dashboard_overview'.
[2025-05-22 06:58:50] [ACCESS_ATTEMPT] User 'suthan@jobhunt.top' (Role: 'super_admin') attempting to access view: 'dashboard_overview'.
[2025-05-22 06:59:05] [ACCESS_ATTEMPT] User 'suthan@jobhunt.top' (Role: 'super_admin') attempting to access view: 'dashboard_overview'.
[2025-05-22 06:59:11] [ACCESS_ATTEMPT] User 'suthan@jobhunt.top' (Role: 'super_admin') attempting to access view: 'dashboard_visitors_info'.
[2025-05-22 06:59:11] [ACCESS_GRANTED] User 'suthan@jobhunt.top' accessed 'dashboard_visitors_info' view.
[2025-05-22 07:01:12] [ACCESS_ATTEMPT] User 'suthan@jobhunt.top' (Role: 'super_admin') attempting to access view: 'dashboard_visitors_info'.
[2025-05-22 07:01:12] [ACCESS_GRANTED] User 'suthan@jobhunt.top' accessed 'dashboard_visitors_info' view.
[2025-05-22 07:02:41] [ACCESS_ATTEMPT] User 'suthan@jobhunt.top' (Role: 'super_admin') attempting to access view: 'dashboard_visitors_info'.
[2025-05-22 07:02:41] [ACCESS_GRANTED] User 'suthan@jobhunt.top' accessed 'dashboard_visitors_info' view.
[2025-05-22 07:05:27] [ACCESS_ATTEMPT] User 'suthan@jobhunt.top' (Role: 'super_admin') attempting to access view: 'dashboard_visitors_info'.
[2025-05-22 07:05:27] [ACCESS_GRANTED] User 'suthan@jobhunt.top' accessed 'dashboard_visitors_info' view.
[2025-05-22 07:06:06] [ACCESS_ATTEMPT] User 'suthan@jobhunt.top' (Role: 'super_admin') attempting to access view: 'dashboard_visitors_info'.
[2025-05-22 07:06:06] [ACCESS_GRANTED] User 'suthan@jobhunt.top' accessed 'dashboard_visitors_info' view.
[2025-05-22 07:06:18] [ACCESS_ATTEMPT] User 'suthan@jobhunt.top' (Role: 'super_admin') attempting to access view: 'dashboard_visitors_info'.
[2025-05-22 07:06:18] [ACCESS_GRANTED] User 'suthan@jobhunt.top' accessed 'dashboard_visitors_info' view.
[2025-05-22 07:07:01] [ACCESS_ATTEMPT] User 'suthan@jobhunt.top' (Role: 'super_admin') attempting to access view: 'dashboard_visitors_info'.
[2025-05-22 07:07:01] [ACCESS_GRANTED] User 'suthan@jobhunt.top' accessed 'dashboard_visitors_info' view.
[2025-05-22 07:07:16] [ACCESS_ATTEMPT] User 'suthan@jobhunt.top' (Role: 'super_admin') attempting to access view: 'dashboard_visitors_info'.
[2025-05-22 07:07:16] [ACCESS_GRANTED] User 'suthan@jobhunt.top' accessed 'dashboard_visitors_info' view.
[2025-05-22 07:07:27] [ACCESS_ATTEMPT] User 'suthan@jobhunt.top' (Role: 'super_admin') attempting to access view: 'dashboard_visitors_info'.
[2025-05-22 07:07:27] [ACCESS_GRANTED] User 'suthan@jobhunt.top' accessed 'dashboard_visitors_info' view.
[2025-05-22 07:08:22] [ACCESS_ATTEMPT] User 'suthan@jobhunt.top' (Role: 'super_admin') attempting to access view: 'dashboard_visitors_info'.
[2025-05-22 07:08:22] [ACCESS_GRANTED] User 'suthan@jobhunt.top' accessed 'dashboard_visitors_info' view.
[2025-05-22 07:08:30] [ACCESS_ATTEMPT] User 'suthan@jobhunt.top' (Role: 'super_admin') attempting to access view: 'dashboard_visitors_info'.
[2025-05-22 07:08:30] [ACCESS_GRANTED] User 'suthan@jobhunt.top' accessed 'dashboard_visitors_info' view.
[2025-05-22 07:08:43] [ACCESS_ATTEMPT] User 'suthan@jobhunt.top' (Role: 'super_admin') attempting to access view: 'dashboard_visitors_info'.
[2025-05-22 07:08:43] [ACCESS_GRANTED] User 'suthan@jobhunt.top' accessed 'dashboard_visitors_info' view.
[2025-05-22 07:09:02] [ACCESS_ATTEMPT] User 'suthan@jobhunt.top' (Role: 'super_admin') attempting to access view: 'dashboard_visitors_info'.
[2025-05-22 07:09:02] [ACCESS_GRANTED] User 'suthan@jobhunt.top' accessed 'dashboard_visitors_info' view.
[2025-05-22 07:09:31] [ACCESS_ATTEMPT] User 'suthan@jobhunt.top' (Role: 'super_admin') attempting to access view: 'dashboard_visitors_info'.
[2025-05-22 07:09:31] [ACCESS_GRANTED] User 'suthan@jobhunt.top' accessed 'dashboard_visitors_info' view.
[2025-05-22 07:09:52] [ACCESS_ATTEMPT] User 'suthan@jobhunt.top' (Role: 'super_admin') attempting to access view: 'dashboard_overview'.
[2025-05-22 07:09:58] [ACCESS_ATTEMPT] User 'suthan@jobhunt.top' (Role: 'super_admin') attempting to access view: 'dashboard_user_info'.
[2025-05-22 07:09:58] [ACCESS_GRANTED] User 'suthan@jobhunt.top' accessed 'dashboard_user_info' view.
[2025-05-22 07:11:03] [ACCESS_ATTEMPT] User 'suthan@jobhunt.top' (Role: 'super_admin') attempting to access view: 'dashboard_job_stats'.
[2025-05-22 07:11:03] [ACCESS_GRANTED] User 'suthan@jobhunt.top' accessed 'dashboard_job_stats' view.
[2025-05-22 07:11:21] [ACCESS_ATTEMPT] User 'suthan@jobhunt.top' (Role: 'super_admin') attempting to access view: 'dashboard_qoe'.
[2025-05-22 07:11:21] [ACCESS_GRANTED] User 'suthan@jobhunt.top' accessed 'dashboard_qoe' view.
[2025-05-22 07:11:21] [DATA_MISMATCH] Job ID '1747171583_6204' (views: 110) from job_views.json not found in allJobs for QOE tab.
[2025-05-22 07:11:21] [DATA_MISMATCH] Job ID '1747550916_6935' (views: 70) from job_views.json not found in allJobs for QOE tab.
[2025-05-22 07:22:04] [ACCESS_ATTEMPT] User 'suthan@jobhunt.top' (Role: 'super_admin') attempting to access view: 'dashboard_overview'.
[2025-05-22 07:22:06] [ACCESS_ATTEMPT] User 'suthan@jobhunt.top' (Role: 'super_admin') attempting to access view: 'dashboard_job_stats'.
[2025-05-22 07:22:06] [ACCESS_GRANTED] User 'suthan@jobhunt.top' accessed 'dashboard_job_stats' view.
[2025-05-22 07:22:10] [ACCESS_ATTEMPT] User 'suthan@jobhunt.top' (Role: 'super_admin') attempting to access view: 'dashboard_visitors_info'.
[2025-05-22 07:22:10] [ACCESS_GRANTED] User 'suthan@jobhunt.top' accessed 'dashboard_visitors_info' view.
[2025-05-22 07:22:23] [ACCESS_ATTEMPT] User 'suthan@jobhunt.top' (Role: 'super_admin') attempting to access view: 'dashboard_qoe'.
[2025-05-22 07:22:23] [ACCESS_GRANTED] User 'suthan@jobhunt.top' accessed 'dashboard_qoe' view.
[2025-05-22 07:22:23] [DATA_MISMATCH] Job ID '1747171583_6204' (views: 110) from job_views.json not found in allJobs for QOE tab.
[2025-05-22 07:22:23] [DATA_MISMATCH] Job ID '1747550916_6935' (views: 70) from job_views.json not found in allJobs for QOE tab.
[2025-05-22 07:24:26] [ACCESS_ATTEMPT] User 'suthan@jobhunt.top' (Role: 'super_admin') attempting to access view: 'dashboard_qoe'.
[2025-05-22 07:24:26] [ACCESS_GRANTED] User 'suthan@jobhunt.top' accessed 'dashboard_qoe' view.
[2025-05-22 07:24:26] [DATA_MISMATCH] Job ID '1747171583_6204' (views: 110) from job_views.json not found in allJobs for QOE tab.
[2025-05-22 07:24:26] [DATA_MISMATCH] Job ID '1747550916_6935' (views: 70) from job_views.json not found in allJobs for QOE tab.
[2025-05-22 07:26:18] [ACCESS_ATTEMPT] User 'suthan@jobhunt.top' (Role: 'super_admin') attempting to access view: 'dashboard_visitors_info'.
[2025-05-22 07:26:18] [ACCESS_GRANTED] User 'suthan@jobhunt.top' accessed 'dashboard_visitors_info' view.
[2025-05-22 07:26:30] [ACCESS_ATTEMPT] User 'suthan@jobhunt.top' (Role: 'super_admin') attempting to access view: 'dashboard_service_two'.
[2025-05-22 07:26:30] [ACCESS_GRANTED] User 'suthan@jobhunt.top' accessed 'dashboard_service_two' view.
[2025-05-22 07:26:33] [ACCESS_ATTEMPT] User 'suthan@jobhunt.top' (Role: 'super_admin') attempting to access view: 'dashboard_job_stats'.
[2025-05-22 07:26:33] [ACCESS_GRANTED] User 'suthan@jobhunt.top' accessed 'dashboard_job_stats' view.
[2025-05-22 07:26:38] [ACCESS_ATTEMPT] User 'suthan@jobhunt.top' (Role: 'super_admin') attempting to access view: 'dashboard_user_info'.
[2025-05-22 07:26:38] [ACCESS_GRANTED] User 'suthan@jobhunt.top' accessed 'dashboard_user_info' view.
[2025-05-22 07:27:14] [ACCESS_ATTEMPT] User 'suthan@jobhunt.top' (Role: 'super_admin') attempting to access view: 'dashboard_qoe'.
[2025-05-22 07:27:14] [ACCESS_GRANTED] User 'suthan@jobhunt.top' accessed 'dashboard_qoe' view.
[2025-05-22 07:27:14] [DATA_MISMATCH] Job ID '1747171583_6204' (views: 110) from job_views.json not found in allJobs for QOE tab.
[2025-05-22 07:27:14] [DATA_MISMATCH] Job ID '1747550916_6935' (views: 70) from job_views.json not found in allJobs for QOE tab.
[2025-05-22 07:27:55] [ACCESS_ATTEMPT] User 'suthan@jobhunt.top' (Role: 'super_admin') attempting to access view: 'dashboard_qoe'.
[2025-05-22 07:27:55] [ACCESS_GRANTED] User 'suthan@jobhunt.top' accessed 'dashboard_qoe' view.
[2025-05-22 07:27:55] [DATA_WARNING] QOE metrics history file not found: C:\Users\Public\Job_Post\admin/../data/qoe_metrics_history.json
[2025-05-22 07:28:11] [ACCESS_ATTEMPT] User 'suthan@jobhunt.top' (Role: 'super_admin') attempting to access view: 'dashboard_qoe'.
[2025-05-22 07:28:11] [ACCESS_GRANTED] User 'suthan@jobhunt.top' accessed 'dashboard_qoe' view.
[2025-05-22 07:28:11] [DATA_WARNING] QOE metrics history file not found: C:\Users\Public\Job_Post\admin/../data/qoe_metrics_history.json
[2025-05-22 07:30:15] [ACCESS_ATTEMPT] User 'suthan@jobhunt.top' (Role: 'super_admin') attempting to access view: 'dashboard_qoe'.
[2025-05-22 07:30:15] [ACCESS_GRANTED] User 'suthan@jobhunt.top' accessed 'dashboard_qoe' view.
[2025-05-22 07:30:16] [ACCESS_ATTEMPT] User 'suthan@jobhunt.top' (Role: 'super_admin') attempting to access view: 'dashboard_qoe'.
[2025-05-22 07:30:16] [ACCESS_GRANTED] User 'suthan@jobhunt.top' accessed 'dashboard_qoe' view.
[2025-05-22 07:30:55] [ACCESS_ATTEMPT] User 'suthan@jobhunt.top' (Role: 'super_admin') attempting to access view: 'dashboard_visitors_info'.
[2025-05-22 07:30:55] [ACCESS_GRANTED] User 'suthan@jobhunt.top' accessed 'dashboard_visitors_info' view.
[2025-05-22 07:31:15] [ACCESS_ATTEMPT] User 'suthan@jobhunt.top' (Role: 'super_admin') attempting to access view: 'dashboard_service_two'.
[2025-05-22 07:31:15] [ACCESS_GRANTED] User 'suthan@jobhunt.top' accessed 'dashboard_service_two' view.
[2025-05-22 07:31:18] [ACCESS_ATTEMPT] User 'suthan@jobhunt.top' (Role: 'super_admin') attempting to access view: 'dashboard_job_stats'.
[2025-05-22 07:31:18] [ACCESS_GRANTED] User 'suthan@jobhunt.top' accessed 'dashboard_job_stats' view.
[2025-05-22 07:31:21] [ACCESS_ATTEMPT] User 'suthan@jobhunt.top' (Role: 'super_admin') attempting to access view: 'dashboard_user_info'.
[2025-05-22 07:31:21] [ACCESS_GRANTED] User 'suthan@jobhunt.top' accessed 'dashboard_user_info' view.
[2025-05-22 07:31:22] [ACCESS_ATTEMPT] User 'suthan@jobhunt.top' (Role: 'super_admin') attempting to access view: 'dashboard_service_one'.
[2025-05-22 07:31:22] [ACCESS_GRANTED] User 'suthan@jobhunt.top' accessed 'dashboard_service_one' view.
[2025-05-22 07:31:24] [ACCESS_ATTEMPT] User 'suthan@jobhunt.top' (Role: 'super_admin') attempting to access view: 'dashboard_user_info'.
[2025-05-22 07:31:24] [ACCESS_GRANTED] User 'suthan@jobhunt.top' accessed 'dashboard_user_info' view.
[2025-05-22 07:32:00] [ACCESS_ATTEMPT] User 'suthan@jobhunt.top' (Role: 'super_admin') attempting to access view: 'dashboard_qoe'.
[2025-05-22 07:32:00] [ACCESS_GRANTED] User 'suthan@jobhunt.top' accessed 'dashboard_qoe' view.
[2025-05-22 07:32:02] [ACCESS_ATTEMPT] User 'suthan@jobhunt.top' (Role: 'super_admin') attempting to access view: 'dashboard_qoe'.
[2025-05-22 07:32:02] [ACCESS_GRANTED] User 'suthan@jobhunt.top' accessed 'dashboard_qoe' view.
[2025-05-22 07:41:24] [ACCESS_ATTEMPT] User 'suthan@jobhunt.top' (Role: 'super_admin') attempting to access view: 'dashboard_qoe'.
[2025-05-22 07:41:24] [ACCESS_GRANTED] User 'suthan@jobhunt.top' accessed 'dashboard_qoe' view.
[2025-05-22 07:41:43] [ACCESS_ATTEMPT] User 'suthan@jobhunt.top' (Role: 'super_admin') attempting to access view: 'dashboard_overview'.
[2025-05-22 07:42:07] [ACCESS_ATTEMPT] User 'suthan@jobhunt.top' (Role: 'super_admin') attempting to access view: 'dashboard_service_one'.
[2025-05-22 07:42:07] [ACCESS_GRANTED] User 'suthan@jobhunt.top' accessed 'dashboard_service_one' view.
[2025-05-22 07:42:43] [AUTH_SUCCESS] User 'suthan@jobhunt.top' logged in successfully. Role: 'super_admin'.
[2025-05-22 07:42:43] [ACCESS_ATTEMPT] User 'suthan@jobhunt.top' (Role: 'super_admin') attempting to access view: 'dashboard_overview'.
[2025-05-22 07:42:45] [ACCESS_ATTEMPT] User 'suthan@jobhunt.top' (Role: 'super_admin') attempting to access view: 'dashboard_user_info'.
[2025-05-22 07:42:45] [ACCESS_GRANTED] User 'suthan@jobhunt.top' accessed 'dashboard_user_info' view.
[2025-05-22 07:42:46] [ACCESS_ATTEMPT] User 'suthan@jobhunt.top' (Role: 'super_admin') attempting to access view: 'dashboard_job_stats'.
[2025-05-22 07:42:46] [ACCESS_GRANTED] User 'suthan@jobhunt.top' accessed 'dashboard_job_stats' view.
[2025-05-22 07:42:51] [ACCESS_ATTEMPT] User 'suthan@jobhunt.top' (Role: 'super_admin') attempting to access view: 'dashboard_service_two'.
[2025-05-22 07:42:51] [ACCESS_GRANTED] User 'suthan@jobhunt.top' accessed 'dashboard_service_two' view.
[2025-05-22 07:42:53] [ACCESS_ATTEMPT] User 'suthan@jobhunt.top' (Role: 'super_admin') attempting to access view: 'dashboard_visitors_info'.
[2025-05-22 07:42:53] [ACCESS_GRANTED] User 'suthan@jobhunt.top' accessed 'dashboard_visitors_info' view.
[2025-05-22 07:43:12] [ACCESS_ATTEMPT] User 'suthan@jobhunt.top' (Role: 'super_admin') attempting to access view: 'dashboard_service_two'.
[2025-05-22 07:43:12] [ACCESS_GRANTED] User 'suthan@jobhunt.top' accessed 'dashboard_service_two' view.
[2025-05-22 07:43:14] [ACCESS_ATTEMPT] User 'suthan@jobhunt.top' (Role: 'super_admin') attempting to access view: 'dashboard_job_stats'.
[2025-05-22 07:43:14] [ACCESS_GRANTED] User 'suthan@jobhunt.top' accessed 'dashboard_job_stats' view.
[2025-05-22 07:43:15] [ACCESS_ATTEMPT] User 'suthan@jobhunt.top' (Role: 'super_admin') attempting to access view: 'dashboard_qoe'.
[2025-05-22 07:43:15] [ACCESS_GRANTED] User 'suthan@jobhunt.top' accessed 'dashboard_qoe' view.
[2025-05-22 07:43:51] [ACCESS_ATTEMPT] User 'suthan@jobhunt.top' (Role: 'super_admin') attempting to access view: 'dashboard_job_stats'.
[2025-05-22 07:43:51] [ACCESS_GRANTED] User 'suthan@jobhunt.top' accessed 'dashboard_job_stats' view.
[2025-05-22 07:43:55] [ACCESS_ATTEMPT] User 'suthan@jobhunt.top' (Role: 'super_admin') attempting to access view: 'dashboard_visitors_info'.
[2025-05-22 07:43:55] [ACCESS_GRANTED] User 'suthan@jobhunt.top' accessed 'dashboard_visitors_info' view.
[2025-05-22 07:44:06] [ACCESS_ATTEMPT] User 'suthan@jobhunt.top' (Role: 'super_admin') attempting to access view: 'dashboard_visitors_info'.
[2025-05-22 07:44:06] [ACCESS_GRANTED] User 'suthan@jobhunt.top' accessed 'dashboard_visitors_info' view.
[2025-05-22 07:44:15] [ACCESS_ATTEMPT] User 'suthan@jobhunt.top' (Role: 'super_admin') attempting to access view: 'dashboard_visitors_info'.
[2025-05-22 07:44:15] [ACCESS_GRANTED] User 'suthan@jobhunt.top' accessed 'dashboard_visitors_info' view.
[2025-05-22 07:44:42] [ACCESS_ATTEMPT] User 'suthan@jobhunt.top' (Role: 'super_admin') attempting to access view: 'dashboard_visitors_info'.
[2025-05-22 07:44:42] [ACCESS_GRANTED] User 'suthan@jobhunt.top' accessed 'dashboard_visitors_info' view.
[2025-05-22 07:45:23] [ACCESS_ATTEMPT] User 'suthan@jobhunt.top' (Role: 'super_admin') attempting to access view: 'dashboard_overview'.
[2025-05-22 07:45:26] [ACCESS_ATTEMPT] User 'suthan@jobhunt.top' (Role: 'super_admin') attempting to access view: 'manage_jobs'.
[2025-05-22 07:45:29] [ACCESS_ATTEMPT] User 'suthan@jobhunt.top' (Role: 'super_admin') attempting to access view: 'messages'.
[2025-05-22 07:45:29] [ACCESS_GRANTED] User 'suthan@jobhunt.top' accessed 'messages' view.
[2025-05-22 07:45:32] [ACCESS_ATTEMPT] User 'suthan@jobhunt.top' (Role: 'super_admin') attempting to access view: 'achievements'.
[2025-05-22 07:45:41] [ACCESS_ATTEMPT] User 'suthan@jobhunt.top' (Role: 'super_admin') attempting to access view: 'dashboard_overview'.
[2025-05-23 03:27:27] [ACCESS_ATTEMPT] User 'suthan@jobhunt.top' (Role: 'super_admin') attempting to access view: 'dashboard_overview'.
[2025-05-23 03:28:15] [ACCESS_ATTEMPT] User 'suthan@jobhunt.top' (Role: 'super_admin') attempting to access view: 'dashboard_overview'.
[2025-05-23 03:29:01] [ACCESS_ATTEMPT] User 'suthan@jobhunt.top' (Role: 'super_admin') attempting to access view: 'manage_jobs'.
[2025-05-23 03:29:03] [ACCESS_ATTEMPT] User 'suthan@jobhunt.top' (Role: 'super_admin') attempting to access view: 'post_job'.
[2025-05-23 03:30:09] [AI_SUMMARY_SKIP] AI Summary generation skipped for job 'Network Engineer': API Key is placeholder or empty.
[2025-05-23 03:30:15] [AI_SUMMARY_SUCCESS] AI summary generated successfully for job 'Network Engineer'.
[2025-05-23 03:30:15] [JOB_POST_REVIEW_READY] Job post by 'suthan@jobhunt.top' (Title: 'Network Engineer') ready for review. AI Summary generated (length: 2516).
[2025-05-23 03:30:15] [ACCESS_ATTEMPT] User 'suthan@jobhunt.top' (Role: 'super_admin') attempting to access view: 'post_job'.
[2025-05-23 03:30:26] [JOB_POST_SUCCESS] Job ID '1747951226_1830' (Title: 'Network Engineer') posted successfully by 'suthan@jobhunt.top'.
[2025-05-23 03:30:26] [ACCESS_ATTEMPT] User 'suthan@jobhunt.top' (Role: 'super_admin') attempting to access view: 'manage_jobs'.
[2025-05-23 03:42:16] [ACCESS_ATTEMPT] User 'suthan@jobhunt.top' (Role: 'super_admin') attempting to access view: 'dashboard_overview'.
[2025-05-23 03:42:33] [ACCESS_ATTEMPT] User 'suthan@jobhunt.top' (Role: 'super_admin') attempting to access view: 'dashboard_overview'.
[2025-05-23 03:43:18] [ACCESS_ATTEMPT] User 'suthan@jobhunt.top' (Role: 'super_admin') attempting to access view: 'dashboard_overview'.
[2025-05-23 03:44:20] [ACCESS_ATTEMPT] User 'suthan@jobhunt.top' (Role: 'super_admin') attempting to access view: 'dashboard_job_stats'.
[2025-05-23 03:44:20] [ACCESS_GRANTED] User 'suthan@jobhunt.top' accessed 'dashboard_job_stats' view.
[2025-05-23 03:44:25] [ACCESS_ATTEMPT] User 'suthan@jobhunt.top' (Role: 'super_admin') attempting to access view: 'dashboard_visitors_info'.
[2025-05-23 03:44:25] [ACCESS_GRANTED] User 'suthan@jobhunt.top' accessed 'dashboard_visitors_info' view.
[2025-05-23 03:47:26] [ACCESS_ATTEMPT] User 'suthan@jobhunt.top' (Role: 'super_admin') attempting to access view: 'dashboard_visitors_info'.
[2025-05-23 03:47:26] [ACCESS_GRANTED] User 'suthan@jobhunt.top' accessed 'dashboard_visitors_info' view.
[2025-05-23 03:47:34] [ACCESS_ATTEMPT] User 'suthan@jobhunt.top' (Role: 'super_admin') attempting to access view: 'dashboard_overview'.
[2025-05-23 03:52:22] [ACCESS_ATTEMPT] User 'suthan@jobhunt.top' (Role: 'super_admin') attempting to access view: 'dashboard_overview'.
[2025-05-23 03:52:28] [ACCESS_ATTEMPT] User 'suthan@jobhunt.top' (Role: 'super_admin') attempting to access view: 'dashboard_service_one'.
[2025-05-23 03:52:28] [ACCESS_GRANTED] User 'suthan@jobhunt.top' accessed 'dashboard_service_one' view.
[2025-05-23 03:52:31] [ACCESS_ATTEMPT] User 'suthan@jobhunt.top' (Role: 'super_admin') attempting to access view: 'dashboard_user_info'.
[2025-05-23 03:52:31] [ACCESS_GRANTED] User 'suthan@jobhunt.top' accessed 'dashboard_user_info' view.
[2025-05-23 03:52:50] [ACCESS_ATTEMPT] User 'suthan@jobhunt.top' (Role: 'super_admin') attempting to access view: 'dashboard_job_stats'.
[2025-05-23 03:52:50] [ACCESS_GRANTED] User 'suthan@jobhunt.top' accessed 'dashboard_job_stats' view.
[2025-05-23 03:53:12] [ACCESS_ATTEMPT] User 'suthan@jobhunt.top' (Role: 'super_admin') attempting to access view: 'dashboard_service_two'.
[2025-05-23 03:53:12] [ACCESS_GRANTED] User 'suthan@jobhunt.top' accessed 'dashboard_service_two' view.
[2025-05-23 03:53:15] [ACCESS_ATTEMPT] User 'suthan@jobhunt.top' (Role: 'super_admin') attempting to access view: 'dashboard_visitors_info'.
[2025-05-23 03:53:15] [ACCESS_GRANTED] User 'suthan@jobhunt.top' accessed 'dashboard_visitors_info' view.
[2025-05-23 03:53:26] [ACCESS_ATTEMPT] User 'suthan@jobhunt.top' (Role: 'super_admin') attempting to access view: 'dashboard_job_stats'.
[2025-05-23 03:53:26] [ACCESS_GRANTED] User 'suthan@jobhunt.top' accessed 'dashboard_job_stats' view.
[2025-05-23 03:53:32] [ACCESS_ATTEMPT] User 'suthan@jobhunt.top' (Role: 'super_admin') attempting to access view: 'dashboard_visitors_info'.
[2025-05-23 03:53:32] [ACCESS_GRANTED] User 'suthan@jobhunt.top' accessed 'dashboard_visitors_info' view.
[2025-05-23 03:53:36] [ACCESS_ATTEMPT] User 'suthan@jobhunt.top' (Role: 'super_admin') attempting to access view: 'dashboard_job_stats'.
[2025-05-23 03:53:36] [ACCESS_GRANTED] User 'suthan@jobhunt.top' accessed 'dashboard_job_stats' view.
[2025-05-23 03:54:48] [ACCESS_ATTEMPT] User 'suthan@jobhunt.top' (Role: 'super_admin') attempting to access view: 'dashboard_visitors_info'.
[2025-05-23 03:54:48] [ACCESS_GRANTED] User 'suthan@jobhunt.top' accessed 'dashboard_visitors_info' view.
[2025-05-23 04:05:39] [ACCESS_ATTEMPT] User 'suthan@jobhunt.top' (Role: 'super_admin') attempting to access view: 'dashboard_visitors_info'.
[2025-05-23 04:05:39] [ACCESS_GRANTED] User 'suthan@jobhunt.top' accessed 'dashboard_visitors_info' view.
[2025-05-23 04:06:05] [ACCESS_ATTEMPT] User 'suthan@jobhunt.top' (Role: 'super_admin') attempting to access view: 'dashboard_visitors_info'.
[2025-05-23 04:06:05] [ACCESS_GRANTED] User 'suthan@jobhunt.top' accessed 'dashboard_visitors_info' view.
[2025-05-23 04:06:24] [ACCESS_ATTEMPT] User 'suthan@jobhunt.top' (Role: 'super_admin') attempting to access view: 'dashboard_visitors_info'.
[2025-05-23 04:06:24] [ACCESS_GRANTED] User 'suthan@jobhunt.top' accessed 'dashboard_visitors_info' view.
[2025-05-23 04:07:09] [ACCESS_ATTEMPT] User 'suthan@jobhunt.top' (Role: 'super_admin') attempting to access view: 'dashboard_service_two'.
[2025-05-23 04:07:09] [ACCESS_GRANTED] User 'suthan@jobhunt.top' accessed 'dashboard_service_two' view.
[2025-05-23 04:07:11] [ACCESS_ATTEMPT] User 'suthan@jobhunt.top' (Role: 'super_admin') attempting to access view: 'dashboard_job_stats'.
[2025-05-23 04:07:11] [ACCESS_GRANTED] User 'suthan@jobhunt.top' accessed 'dashboard_job_stats' view.
[2025-05-23 04:07:27] [ACCESS_ATTEMPT] User 'suthan@jobhunt.top' (Role: 'super_admin') attempting to access view: 'dashboard_job_stats'.
[2025-05-23 04:07:27] [ACCESS_GRANTED] User 'suthan@jobhunt.top' accessed 'dashboard_job_stats' view.
[2025-05-23 04:08:10] [ACCESS_ATTEMPT] User 'suthan@jobhunt.top' (Role: 'super_admin') attempting to access view: 'dashboard_visitors_info'.
[2025-05-23 04:08:10] [ACCESS_GRANTED] User 'suthan@jobhunt.top' accessed 'dashboard_visitors_info' view.
[2025-05-23 04:08:22] [ACCESS_ATTEMPT] User 'suthan@jobhunt.top' (Role: 'super_admin') attempting to access view: 'dashboard_visitors_info'.
[2025-05-23 04:08:22] [ACCESS_GRANTED] User 'suthan@jobhunt.top' accessed 'dashboard_visitors_info' view.
[2025-05-23 04:13:17] [ACCESS_ATTEMPT] User 'suthan@jobhunt.top' (Role: 'super_admin') attempting to access view: 'dashboard_overview'.
[2025-05-23 04:13:19] [ACCESS_ATTEMPT] User 'suthan@jobhunt.top' (Role: 'super_admin') attempting to access view: 'dashboard_visitors_info'.
[2025-05-23 04:13:19] [ACCESS_GRANTED] User 'suthan@jobhunt.top' accessed 'dashboard_visitors_info' view.
[2025-05-23 04:13:25] [ACCESS_ATTEMPT] User 'suthan@jobhunt.top' (Role: 'super_admin') attempting to access view: 'dashboard_overview'.
[2025-05-23 04:13:41] [ACCESS_ATTEMPT] User 'suthan@jobhunt.top' (Role: 'super_admin') attempting to access view: 'dashboard_visitors_info'.
[2025-05-23 04:13:41] [ACCESS_GRANTED] User 'suthan@jobhunt.top' accessed 'dashboard_visitors_info' view.
[2025-05-23 04:14:10] [ACCESS_ATTEMPT] User 'suthan@jobhunt.top' (Role: 'super_admin') attempting to access view: 'manage_jobs'.
[2025-05-23 04:14:11] [ACCESS_ATTEMPT] User 'suthan@jobhunt.top' (Role: 'super_admin') attempting to access view: 'dashboard_overview'.
[2025-05-23 04:15:14] [ACCESS_ATTEMPT] User 'suthan@jobhunt.top' (Role: 'super_admin') attempting to access view: 'dashboard_visitors_info'.
[2025-05-23 04:15:14] [ACCESS_GRANTED] User 'suthan@jobhunt.top' accessed 'dashboard_visitors_info' view.
[2025-05-23 04:15:23] [ACCESS_ATTEMPT] User 'suthan@jobhunt.top' (Role: 'super_admin') attempting to access view: 'dashboard_visitors_info'.
[2025-05-23 04:15:23] [ACCESS_GRANTED] User 'suthan@jobhunt.top' accessed 'dashboard_visitors_info' view.
[2025-05-23 04:17:37] [ACCESS_ATTEMPT] User 'suthan@jobhunt.top' (Role: 'super_admin') attempting to access view: 'dashboard_visitors_info'.
[2025-05-23 04:17:37] [ACCESS_GRANTED] User 'suthan@jobhunt.top' accessed 'dashboard_visitors_info' view.
[2025-05-23 04:17:48] [ACCESS_ATTEMPT] User 'suthan@jobhunt.top' (Role: 'super_admin') attempting to access view: 'dashboard_visitors_info'.
[2025-05-23 04:17:48] [ACCESS_GRANTED] User 'suthan@jobhunt.top' accessed 'dashboard_visitors_info' view.
[2025-05-23 04:18:09] [ACCESS_ATTEMPT] User 'suthan@jobhunt.top' (Role: 'super_admin') attempting to access view: 'dashboard_visitors_info'.
[2025-05-23 04:18:09] [ACCESS_GRANTED] User 'suthan@jobhunt.top' accessed 'dashboard_visitors_info' view.
[2025-05-23 04:18:25] [ACCESS_ATTEMPT] User 'suthan@jobhunt.top' (Role: 'super_admin') attempting to access view: 'dashboard_visitors_info'.
[2025-05-23 04:18:25] [ACCESS_GRANTED] User 'suthan@jobhunt.top' accessed 'dashboard_visitors_info' view.
[2025-05-23 04:18:37] [ACCESS_ATTEMPT] User 'suthan@jobhunt.top' (Role: 'super_admin') attempting to access view: 'dashboard_visitors_info'.
[2025-05-23 04:18:37] [ACCESS_GRANTED] User 'suthan@jobhunt.top' accessed 'dashboard_visitors_info' view.
[2025-05-23 04:20:23] [ACCESS_ATTEMPT] User 'suthan@jobhunt.top' (Role: 'super_admin') attempting to access view: 'dashboard_visitors_info'.
[2025-05-23 04:20:23] [ACCESS_GRANTED] User 'suthan@jobhunt.top' accessed 'dashboard_visitors_info' view.
[2025-05-23 04:20:26] [ACCESS_ATTEMPT] User 'suthan@jobhunt.top' (Role: 'super_admin') attempting to access view: 'manage_jobs'.
[2025-05-23 04:20:33] [ACCESS_ATTEMPT] User 'suthan@jobhunt.top' (Role: 'super_admin') attempting to access view: 'achievements'.
[2025-05-23 04:24:10] [ACCESS_ATTEMPT] User 'suthan@jobhunt.top' (Role: 'super_admin') attempting to access view: 'dashboard_overview'.
[2025-05-23 04:24:14] [ACCESS_ATTEMPT] User 'suthan@jobhunt.top' (Role: 'super_admin') attempting to access view: 'dashboard_user_info'.
[2025-05-23 04:24:14] [ACCESS_GRANTED] User 'suthan@jobhunt.top' accessed 'dashboard_user_info' view.
[2025-05-23 04:36:12] [ACCESS_ATTEMPT] User 'suthan@jobhunt.top' (Role: 'super_admin') attempting to access view: 'dashboard_visitors_info'.
[2025-05-23 04:36:12] [ACCESS_GRANTED] User 'suthan@jobhunt.top' accessed 'dashboard_visitors_info' view.
[2025-05-23 04:36:17] [ACCESS_ATTEMPT] User 'suthan@jobhunt.top' (Role: 'super_admin') attempting to access view: 'messages'.
[2025-05-23 04:36:17] [ACCESS_GRANTED] User 'suthan@jobhunt.top' accessed 'messages' view.
[2025-05-23 04:36:18] [ACCESS_ATTEMPT] User 'suthan@jobhunt.top' (Role: 'super_admin') attempting to access view: 'achievements'.
[2025-05-23 04:36:26] [ACCESS_ATTEMPT] User 'suthan@jobhunt.top' (Role: 'super_admin') attempting to access view: 'dashboard_overview'.
[2025-05-23 04:36:27] [ACCESS_ATTEMPT] User 'suthan@jobhunt.top' (Role: 'super_admin') attempting to access view: 'dashboard_job_stats'.
[2025-05-23 04:36:27] [ACCESS_GRANTED] User 'suthan@jobhunt.top' accessed 'dashboard_job_stats' view.
[2025-05-23 04:36:28] [ACCESS_ATTEMPT] User 'suthan@jobhunt.top' (Role: 'super_admin') attempting to access view: 'dashboard_user_info'.
[2025-05-23 04:36:28] [ACCESS_GRANTED] User 'suthan@jobhunt.top' accessed 'dashboard_user_info' view.
[2025-05-23 04:36:28] [ACCESS_GRANTED] User 'suthan@jobhunt.top' accessed 'dashboard_service_two' view.
[2025-05-23 04:39:56] [ACCESS_ATTEMPT] User 'suthan@jobhunt.top' (Role: 'super_admin') attempting to access view: 'dashboard_user_info'.
[2025-05-23 04:39:56] [ACCESS_GRANTED] User 'suthan@jobhunt.top' accessed 'dashboard_user_info' view.
[2025-05-23 04:39:56] [ACCESS_GRANTED] User 'suthan@jobhunt.top' accessed 'dashboard_service_two' view.
[2025-05-23 04:40:59] [ACCESS_ATTEMPT] User 'suthan@jobhunt.top' (Role: 'super_admin') attempting to access view: 'dashboard_user_info'.
[2025-05-23 04:40:59] [ACCESS_GRANTED] User 'suthan@jobhunt.top' accessed 'dashboard_user_info' view.
[2025-05-23 04:40:59] [ACCESS_GRANTED] User 'suthan@jobhunt.top' accessed 'dashboard_service_two' view.
[2025-05-23 04:41:32] [AUTH_INFO] User 'suthan@jobhunt.top' logged out.
[2025-05-23 04:41:41] [AUTH_WARNING] Login attempt for disabled account: 'shaji@jobhunt.top'
[2025-05-23 04:41:48] [AUTH_SUCCESS] User 'admin@jobhunt.top' logged in successfully. Role: 'user_group_manager'.
[2025-05-23 04:41:48] [ACCESS_ATTEMPT] User 'admin@jobhunt.top' (Role: 'user_group_manager') attempting to access view: 'dashboard_overview'.
[2025-05-23 04:41:53] [ACCESS_ATTEMPT] User 'admin@jobhunt.top' (Role: 'user_group_manager') attempting to access view: 'dashboard_service_one'.
[2025-05-23 04:41:53] [ACCESS_GRANTED] User 'admin@jobhunt.top' accessed 'dashboard_service_one' view.
[2025-05-23 04:41:54] [ACCESS_ATTEMPT] User 'admin@jobhunt.top' (Role: 'user_group_manager') attempting to access view: 'dashboard_user_info'.
[2025-05-23 04:41:54] [ACCESS_GRANTED] User 'admin@jobhunt.top' accessed 'dashboard_user_info' view.
[2025-05-23 04:41:54] [ACCESS_GRANTED] User 'admin@jobhunt.top' accessed 'dashboard_service_two' view.
[2025-05-23 04:41:58] [ACCESS_ATTEMPT] User 'admin@jobhunt.top' (Role: 'user_group_manager') attempting to access view: 'dashboard_job_stats'.
[2025-05-23 04:41:58] [ACCESS_GRANTED] User 'admin@jobhunt.top' accessed 'dashboard_job_stats' view.
[2025-05-23 04:42:02] [ACCESS_ATTEMPT] User 'admin@jobhunt.top' (Role: 'user_group_manager') attempting to access view: 'dashboard_service_two'.
[2025-05-23 04:42:02] [ACCESS_GRANTED] User 'admin@jobhunt.top' accessed 'dashboard_service_two' view.
[2025-05-23 04:42:06] [ACCESS_ATTEMPT] User 'admin@jobhunt.top' (Role: 'user_group_manager') attempting to access view: 'dashboard_visitors_info'.
[2025-05-23 04:42:06] [ACCESS_GRANTED] User 'admin@jobhunt.top' accessed 'dashboard_visitors_info' view.
[2025-05-23 04:42:10] [ACCESS_ATTEMPT] User 'admin@jobhunt.top' (Role: 'user_group_manager') attempting to access view: 'dashboard_qoe'.
[2025-05-23 04:42:10] [ACCESS_GRANTED] User 'admin@jobhunt.top' accessed 'dashboard_qoe' view.
[2025-05-23 04:42:17] [ACCESS_ATTEMPT] User 'admin@jobhunt.top' (Role: 'user_group_manager') attempting to access view: 'manage_jobs'.
[2025-05-23 04:42:19] [ACCESS_ATTEMPT] User 'admin@jobhunt.top' (Role: 'user_group_manager') attempting to access view: 'post_job'.
[2025-05-23 04:43:02] [AI_SUMMARY_SKIP] AI Summary generation skipped for job 'Content writer': API Key is placeholder or empty.
[2025-05-23 04:43:06] [AI_SUMMARY_SUCCESS] AI summary generated successfully for job 'Content writer'.
[2025-05-23 04:43:06] [JOB_POST_REVIEW_READY] Job post by 'admin@jobhunt.top' (Title: 'Content writer') ready for review. AI Summary generated (length: 2047).
[2025-05-23 04:43:06] [ACCESS_ATTEMPT] User 'admin@jobhunt.top' (Role: 'user_group_manager') attempting to access view: 'post_job'.
[2025-05-23 04:43:17] [JOB_POST_SUCCESS] Job ID '1747955597_2553' (Title: 'Content writer') posted successfully by 'admin@jobhunt.top'.
[2025-05-23 04:43:17] [ACCESS_ATTEMPT] User 'admin@jobhunt.top' (Role: 'user_group_manager') attempting to access view: 'manage_jobs'.
[2025-05-23 04:43:21] [AUTH_INFO] User 'admin@jobhunt.top' logged out.
[2025-05-23 04:43:25] [AUTH_SUCCESS] User 'suthan@jobhunt.top' logged in successfully. Role: 'super_admin'.
[2025-05-23 04:43:25] [ACCESS_ATTEMPT] User 'suthan@jobhunt.top' (Role: 'super_admin') attempting to access view: 'dashboard_overview'.
[2025-05-23 04:44:58] [ACCESS_ATTEMPT] User 'suthan@jobhunt.top' (Role: 'super_admin') attempting to access view: 'dashboard_job_stats'.
[2025-05-23 04:44:58] [ACCESS_GRANTED] User 'suthan@jobhunt.top' accessed 'dashboard_job_stats' view.
[2025-05-23 04:45:04] [ACCESS_ATTEMPT] User 'suthan@jobhunt.top' (Role: 'super_admin') attempting to access view: 'dashboard_user_info'.
[2025-05-23 04:45:04] [ACCESS_GRANTED] User 'suthan@jobhunt.top' accessed 'dashboard_user_info' view.
[2025-05-23 04:45:04] [ACCESS_GRANTED] User 'suthan@jobhunt.top' accessed 'dashboard_service_two' view.
[2025-05-23 04:45:21] [ACCESS_ATTEMPT] User 'suthan@jobhunt.top' (Role: 'super_admin') attempting to access view: 'achievements'.
[2025-05-23 04:45:23] [ACCESS_ATTEMPT] User 'suthan@jobhunt.top' (Role: 'super_admin') attempting to access view: 'manage_jobs'.
[2025-05-23 04:45:27] [ACCESS_ATTEMPT] User 'suthan@jobhunt.top' (Role: 'super_admin') attempting to access view: 'dashboard_overview'.
[2025-05-23 04:45:28] [ACCESS_ATTEMPT] User 'suthan@jobhunt.top' (Role: 'super_admin') attempting to access view: 'manage_jobs'.
[2025-05-23 04:45:29] [ACCESS_ATTEMPT] User 'suthan@jobhunt.top' (Role: 'super_admin') attempting to access view: 'messages'.
[2025-05-23 04:45:29] [ACCESS_GRANTED] User 'suthan@jobhunt.top' accessed 'messages' view.
[2025-05-23 04:45:32] [ACCESS_ATTEMPT] User 'suthan@jobhunt.top' (Role: 'super_admin') attempting to access view: 'manage_jobs'.
[2025-05-23 04:45:35] [ACCESS_ATTEMPT] User 'suthan@jobhunt.top' (Role: 'super_admin') attempting to access view: 'dashboard_overview'.
[2025-05-23 04:45:46] [ACCESS_ATTEMPT] User 'suthan@jobhunt.top' (Role: 'super_admin') attempting to access view: 'dashboard_user_info'.
[2025-05-23 04:45:46] [ACCESS_GRANTED] User 'suthan@jobhunt.top' accessed 'dashboard_user_info' view.
[2025-05-23 04:45:46] [ACCESS_GRANTED] User 'suthan@jobhunt.top' accessed 'dashboard_service_two' view.
[2025-05-23 04:47:23] [ACCESS_ATTEMPT] User 'suthan@jobhunt.top' (Role: 'super_admin') attempting to access view: 'dashboard_user_info'.
[2025-05-23 04:47:23] [ACCESS_GRANTED] User 'suthan@jobhunt.top' accessed 'dashboard_user_info' view.
[2025-05-23 04:47:23] [ACCESS_GRANTED] User 'suthan@jobhunt.top' accessed 'dashboard_service_two' view.
[2025-05-23 04:47:42] [ACCESS_ATTEMPT] User 'suthan@jobhunt.top' (Role: 'super_admin') attempting to access view: 'dashboard_user_info'.
[2025-05-23 04:47:42] [ACCESS_GRANTED] User 'suthan@jobhunt.top' accessed 'dashboard_user_info' view.
[2025-05-23 04:47:42] [ACCESS_GRANTED] User 'suthan@jobhunt.top' accessed 'dashboard_service_two' view.
[2025-05-23 04:47:56] [ACCESS_ATTEMPT] User 'suthan@jobhunt.top' (Role: 'super_admin') attempting to access view: 'server_management'.
[2025-05-23 04:47:56] [ACCESS_GRANTED] User 'suthan@jobhunt.top' accessed 'server_management' view.
[2025-05-23 04:48:02] [ACCESS_ATTEMPT] User 'suthan@jobhunt.top' (Role: 'super_admin') attempting to access view: 'manage_users'.
[2025-05-23 04:48:02] [ACCESS_GRANTED] User 'suthan@jobhunt.top' accessed 'manage_users' view.
[2025-05-23 04:48:17] [USER_STATUS_CHANGE] User 'shaji@jobhunt.top' enabled by 'suthan@jobhunt.top'.
[2025-05-23 04:48:17] [ACCESS_ATTEMPT] User 'suthan@jobhunt.top' (Role: 'super_admin') attempting to access view: 'manage_users'.
[2025-05-23 04:48:17] [ACCESS_GRANTED] User 'suthan@jobhunt.top' accessed 'manage_users' view.
[2025-05-23 04:49:09] [AUTH_INFO] User 'suthan@jobhunt.top' logged out.
[2025-05-23 04:49:17] [AUTH_SUCCESS] User 'shaji@jobhunt.top' logged in successfully. Role: 'user'.
[2025-05-23 04:49:17] [ACCESS_ATTEMPT] User 'shaji@jobhunt.top' (Role: 'user') attempting to access view: 'dashboard_overview'.
[2025-05-23 04:49:22] [ACCESS_ATTEMPT] User 'shaji@jobhunt.top' (Role: 'user') attempting to access view: 'manage_jobs'.
[2025-05-23 04:49:24] [ACCESS_ATTEMPT] User 'shaji@jobhunt.top' (Role: 'user') attempting to access view: 'post_job'.
[2025-05-23 04:50:20] [AI_SUMMARY_SKIP] AI Summary generation skipped for job 'Business Development Manager': API Key is placeholder or empty.
[2025-05-23 04:50:25] [AI_SUMMARY_SUCCESS] AI summary generated successfully for job 'Business Development Manager'.
[2025-05-23 04:50:25] [JOB_POST_REVIEW_READY] Job post by 'shaji@jobhunt.top' (Title: 'Business Development Manager') ready for review. AI Summary generated (length: 2855).
[2025-05-23 04:50:26] [ACCESS_ATTEMPT] User 'shaji@jobhunt.top' (Role: 'user') attempting to access view: 'post_job'.
[2025-05-23 04:50:38] [JOB_POST_SUCCESS] Job ID '1747956038_2863' (Title: 'Business Development Manager') posted successfully by 'shaji@jobhunt.top'.
[2025-05-23 04:50:38] [ACCESS_ATTEMPT] User 'shaji@jobhunt.top' (Role: 'user') attempting to access view: 'manage_jobs'.
[2025-05-23 04:50:42] [AUTH_INFO] User 'shaji@jobhunt.top' logged out.
[2025-05-23 04:50:44] [AUTH_SUCCESS] User 'suthan@jobhunt.top' logged in successfully. Role: 'super_admin'.
[2025-05-23 04:50:44] [ACCESS_ATTEMPT] User 'suthan@jobhunt.top' (Role: 'super_admin') attempting to access view: 'dashboard_overview'.
[2025-05-23 04:50:46] [ACCESS_ATTEMPT] User 'suthan@jobhunt.top' (Role: 'super_admin') attempting to access view: 'dashboard_user_info'.
[2025-05-23 04:50:46] [ACCESS_GRANTED] User 'suthan@jobhunt.top' accessed 'dashboard_user_info' view.
[2025-05-23 04:50:46] [ACCESS_GRANTED] User 'suthan@jobhunt.top' accessed 'dashboard_service_two' view.
[2025-05-23 04:51:03] [ACCESS_ATTEMPT] User 'suthan@jobhunt.top' (Role: 'super_admin') attempting to access view: 'manage_jobs'.
[2025-05-23 04:51:06] [ACCESS_ATTEMPT] User 'suthan@jobhunt.top' (Role: 'super_admin') attempting to access view: 'manage_jobs'.
[2025-05-23 04:51:07] [ACCESS_ATTEMPT] User 'suthan@jobhunt.top' (Role: 'super_admin') attempting to access view: 'dashboard_overview'.
[2025-05-23 04:51:10] [ACCESS_ATTEMPT] User 'suthan@jobhunt.top' (Role: 'super_admin') attempting to access view: 'dashboard_job_stats'.
[2025-05-23 04:51:10] [ACCESS_GRANTED] User 'suthan@jobhunt.top' accessed 'dashboard_job_stats' view.
[2025-05-23 04:51:14] [ACCESS_ATTEMPT] User 'suthan@jobhunt.top' (Role: 'super_admin') attempting to access view: 'dashboard_user_info'.
[2025-05-23 04:51:14] [ACCESS_GRANTED] User 'suthan@jobhunt.top' accessed 'dashboard_user_info' view.
[2025-05-23 04:51:14] [ACCESS_GRANTED] User 'suthan@jobhunt.top' accessed 'dashboard_service_two' view.
[2025-05-23 04:51:51] [ACCESS_ATTEMPT] User 'suthan@jobhunt.top' (Role: 'super_admin') attempting to access view: 'dashboard_user_info'.
[2025-05-23 04:51:51] [ACCESS_GRANTED] User 'suthan@jobhunt.top' accessed 'dashboard_user_info' view.
[2025-05-23 04:51:51] [ACCESS_GRANTED] User 'suthan@jobhunt.top' accessed 'dashboard_service_two' view.
[2025-05-23 04:51:56] [ACCESS_ATTEMPT] User 'suthan@jobhunt.top' (Role: 'super_admin') attempting to access view: 'dashboard_overview'.
[2025-05-23 04:53:35] [ACCESS_ATTEMPT] User 'suthan@jobhunt.top' (Role: 'super_admin') attempting to access view: 'dashboard_user_info'.
[2025-05-23 04:53:35] [ACCESS_GRANTED] User 'suthan@jobhunt.top' accessed 'dashboard_user_info' view.
[2025-05-23 04:53:35] [ACCESS_GRANTED] User 'suthan@jobhunt.top' accessed 'dashboard_service_two' view.
[2025-05-23 04:55:01] [ACCESS_ATTEMPT] User 'suthan@jobhunt.top' (Role: 'super_admin') attempting to access view: 'dashboard_overview'.
[2025-05-23 04:55:28] [ACCESS_ATTEMPT] User 'suthan@jobhunt.top' (Role: 'super_admin') attempting to access view: 'dashboard_service_one'.
[2025-05-23 04:55:28] [ACCESS_GRANTED] User 'suthan@jobhunt.top' accessed 'dashboard_service_one' view.
[2025-05-23 04:55:29] [ACCESS_ATTEMPT] User 'suthan@jobhunt.top' (Role: 'super_admin') attempting to access view: 'dashboard_user_info'.
[2025-05-23 04:55:29] [ACCESS_GRANTED] User 'suthan@jobhunt.top' accessed 'dashboard_user_info' view.
[2025-05-23 04:55:29] [ACCESS_GRANTED] User 'suthan@jobhunt.top' accessed 'dashboard_service_two' view.
[2025-05-23 04:57:13] [ACCESS_ATTEMPT] User 'suthan@jobhunt.top' (Role: 'super_admin') attempting to access view: 'dashboard_user_info'.
[2025-05-23 04:57:13] [ACCESS_GRANTED] User 'suthan@jobhunt.top' accessed 'dashboard_user_info' view.
[2025-05-23 04:57:13] [ACCESS_GRANTED] User 'suthan@jobhunt.top' accessed 'dashboard_service_two' view.
[2025-05-23 04:59:25] [ACCESS_ATTEMPT] User 'suthan@jobhunt.top' (Role: 'super_admin') attempting to access view: 'dashboard_user_info'.
[2025-05-23 04:59:25] [ACCESS_GRANTED] User 'suthan@jobhunt.top' accessed 'dashboard_user_info' view.
[2025-05-23 04:59:25] [ACCESS_GRANTED] User 'suthan@jobhunt.top' accessed 'dashboard_service_two' view.
[2025-05-23 04:59:38] [ACCESS_ATTEMPT] User 'suthan@jobhunt.top' (Role: 'super_admin') attempting to access view: 'dashboard_user_info'.
[2025-05-23 04:59:38] [ACCESS_GRANTED] User 'suthan@jobhunt.top' accessed 'dashboard_user_info' view.
[2025-05-23 04:59:38] [ACCESS_GRANTED] User 'suthan@jobhunt.top' accessed 'dashboard_service_two' view.
[2025-05-23 05:01:44] [ACCESS_ATTEMPT] User 'suthan@jobhunt.top' (Role: 'super_admin') attempting to access view: 'dashboard_user_info'.
[2025-05-23 05:01:44] [ACCESS_GRANTED] User 'suthan@jobhunt.top' accessed 'dashboard_user_info' view.
[2025-05-23 05:01:44] [ACCESS_GRANTED] User 'suthan@jobhunt.top' accessed 'dashboard_service_two' view.
[2025-05-23 05:03:56] [ACCESS_ATTEMPT] User 'suthan@jobhunt.top' (Role: 'super_admin') attempting to access view: 'manage_users'.
[2025-05-23 05:03:56] [ACCESS_GRANTED] User 'suthan@jobhunt.top' accessed 'manage_users' view.
[2025-05-23 05:04:52] [ACCESS_ATTEMPT] User 'suthan@jobhunt.top' (Role: 'super_admin') attempting to access view: 'manage_jobs'.
[2025-05-23 05:04:54] [ACCESS_ATTEMPT] User 'suthan@jobhunt.top' (Role: 'super_admin') attempting to access view: 'dashboard_overview'.
[2025-05-23 05:04:56] [ACCESS_ATTEMPT] User 'suthan@jobhunt.top' (Role: 'super_admin') attempting to access view: 'dashboard_job_stats'.
[2025-05-23 05:04:56] [ACCESS_GRANTED] User 'suthan@jobhunt.top' accessed 'dashboard_job_stats' view.
[2025-05-23 05:04:57] [ACCESS_ATTEMPT] User 'suthan@jobhunt.top' (Role: 'super_admin') attempting to access view: 'dashboard_user_info'.
[2025-05-23 05:04:57] [ACCESS_GRANTED] User 'suthan@jobhunt.top' accessed 'dashboard_user_info' view.
[2025-05-23 05:04:57] [ACCESS_GRANTED] User 'suthan@jobhunt.top' accessed 'dashboard_service_two' view.
[2025-05-23 05:07:19] [ACCESS_ATTEMPT] User 'suthan@jobhunt.top' (Role: 'super_admin') attempting to access view: 'dashboard_user_info'.
[2025-05-23 05:07:19] [ACCESS_GRANTED] User 'suthan@jobhunt.top' accessed 'dashboard_user_info' view.
[2025-05-23 05:07:19] [ACCESS_GRANTED] User 'suthan@jobhunt.top' accessed 'dashboard_service_two' view.
[2025-05-23 05:07:40] [ACCESS_ATTEMPT] User 'suthan@jobhunt.top' (Role: 'super_admin') attempting to access view: 'dashboard_user_info'.
[2025-05-23 05:07:40] [ACCESS_GRANTED] User 'suthan@jobhunt.top' accessed 'dashboard_user_info' view.
[2025-05-23 05:07:40] [ACCESS_GRANTED] User 'suthan@jobhunt.top' accessed 'dashboard_service_two' view.
[2025-05-23 05:07:50] [ACCESS_ATTEMPT] User 'suthan@jobhunt.top' (Role: 'super_admin') attempting to access view: 'dashboard_user_info'.
[2025-05-23 05:07:50] [ACCESS_GRANTED] User 'suthan@jobhunt.top' accessed 'dashboard_user_info' view.
[2025-05-23 05:07:50] [ACCESS_GRANTED] User 'suthan@jobhunt.top' accessed 'dashboard_service_two' view.
[2025-05-23 05:08:10] [ACCESS_ATTEMPT] User 'suthan@jobhunt.top' (Role: 'super_admin') attempting to access view: 'dashboard_user_info'.
[2025-05-23 05:08:10] [ACCESS_GRANTED] User 'suthan@jobhunt.top' accessed 'dashboard_user_info' view.
[2025-05-23 05:08:10] [ACCESS_GRANTED] User 'suthan@jobhunt.top' accessed 'dashboard_service_two' view.
[2025-05-23 05:10:40] [ACCESS_ATTEMPT] User 'suthan@jobhunt.top' (Role: 'super_admin') attempting to access view: 'logs'.
[2025-05-23 05:10:40] [ACCESS_GRANTED] User 'suthan@jobhunt.top' accessed 'logs' view.
[2025-05-23 05:10:50] [ACCESS_ATTEMPT] User 'suthan@jobhunt.top' (Role: 'super_admin') attempting to access view: 'logs'.
[2025-05-23 05:11:00] [ACCESS_ATTEMPT] User 'suthan@jobhunt.top' (Role: 'super_admin') attempting to access view: 'logs'.
[2025-05-23 05:11:10] [ACCESS_ATTEMPT] User 'suthan@jobhunt.top' (Role: 'super_admin') attempting to access view: 'logs'.
[2025-05-23 05:11:21] [ACCESS_ATTEMPT] User 'suthan@jobhunt.top' (Role: 'super_admin') attempting to access view: 'logs'.
[2025-05-23 05:11:31] [ACCESS_ATTEMPT] User 'suthan@jobhunt.top' (Role: 'super_admin') attempting to access view: 'logs'.
[2025-05-23 05:11:32] [ACCESS_ATTEMPT] User 'suthan@jobhunt.top' (Role: 'super_admin') attempting to access view: 'manage_jobs'.
[2025-05-23 05:11:35] [ACCESS_ATTEMPT] User 'suthan@jobhunt.top' (Role: 'super_admin') attempting to access view: 'dashboard_overview'.
[2025-05-23 05:11:38] [ACCESS_ATTEMPT] User 'suthan@jobhunt.top' (Role: 'super_admin') attempting to access view: 'dashboard_user_info'.
[2025-05-23 05:11:38] [ACCESS_GRANTED] User 'suthan@jobhunt.top' accessed 'dashboard_user_info' view.
[2025-05-23 05:11:38] [ACCESS_GRANTED] User 'suthan@jobhunt.top' accessed 'dashboard_service_two' view.
[2025-05-23 05:19:04] [ACCESS_ATTEMPT] User 'suthan@jobhunt.top' (Role: 'super_admin') attempting to access view: 'dashboard_user_info'.
[2025-05-23 05:19:04] [ACCESS_GRANTED] User 'suthan@jobhunt.top' accessed 'dashboard_user_info' view.
[2025-05-23 05:19:04] [ACCESS_GRANTED] User 'suthan@jobhunt.top' accessed 'dashboard_service_two' view.
[2025-05-23 05:19:06] [ACCESS_ATTEMPT] User 'suthan@jobhunt.top' (Role: 'super_admin') attempting to access view: 'dashboard_user_info'.
[2025-05-23 05:19:06] [ACCESS_GRANTED] User 'suthan@jobhunt.top' accessed 'dashboard_user_info' view.
[2025-05-23 05:19:06] [ACCESS_GRANTED] User 'suthan@jobhunt.top' accessed 'dashboard_service_two' view.
[2025-05-23 05:22:18] [ACCESS_ATTEMPT] User 'suthan@jobhunt.top' (Role: 'super_admin') attempting to access view: 'dashboard_user_info'.
[2025-05-23 05:22:18] [ACCESS_GRANTED] User 'suthan@jobhunt.top' accessed 'dashboard_user_info' view.
[2025-05-23 05:22:18] [ACCESS_GRANTED] User 'suthan@jobhunt.top' accessed 'dashboard_service_two' view.
[2025-05-23 05:24:38] [ACCESS_ATTEMPT] User 'suthan@jobhunt.top' (Role: 'super_admin') attempting to access view: 'dashboard_job_stats'.
[2025-05-23 05:24:38] [ACCESS_GRANTED] User 'suthan@jobhunt.top' accessed 'dashboard_job_stats' view.
[2025-05-23 05:24:39] [ACCESS_ATTEMPT] User 'suthan@jobhunt.top' (Role: 'super_admin') attempting to access view: 'dashboard_service_two'.
[2025-05-23 05:24:39] [ACCESS_GRANTED] User 'suthan@jobhunt.top' accessed 'dashboard_service_two' view.
[2025-05-23 05:24:41] [ACCESS_ATTEMPT] User 'suthan@jobhunt.top' (Role: 'super_admin') attempting to access view: 'dashboard_overview'.
[2025-05-23 05:26:48] [ACCESS_ATTEMPT] User 'suthan@jobhunt.top' (Role: 'super_admin') attempting to access view: 'dashboard_visitors_info'.
[2025-05-23 05:26:48] [ACCESS_GRANTED] User 'suthan@jobhunt.top' accessed 'dashboard_visitors_info' view.
[2025-05-23 05:27:49] [ACCESS_ATTEMPT] User 'suthan@jobhunt.top' (Role: 'super_admin') attempting to access view: 'dashboard_visitors_info'.
[2025-05-23 05:27:49] [ACCESS_GRANTED] User 'suthan@jobhunt.top' accessed 'dashboard_visitors_info' view.
[2025-05-23 05:28:11] [ACCESS_ATTEMPT] User 'suthan@jobhunt.top' (Role: 'super_admin') attempting to access view: 'dashboard_visitors_info'.
[2025-05-23 05:28:11] [ACCESS_GRANTED] User 'suthan@jobhunt.top' accessed 'dashboard_visitors_info' view.
[2025-05-23 05:28:12] [ACCESS_ATTEMPT] User 'suthan@jobhunt.top' (Role: 'super_admin') attempting to access view: 'dashboard_visitors_info'.
[2025-05-23 05:28:12] [ACCESS_GRANTED] User 'suthan@jobhunt.top' accessed 'dashboard_visitors_info' view.
[2025-05-23 05:28:23] [ACCESS_ATTEMPT] User 'suthan@jobhunt.top' (Role: 'super_admin') attempting to access view: 'dashboard_visitors_info'.
[2025-05-23 05:28:23] [ACCESS_GRANTED] User 'suthan@jobhunt.top' accessed 'dashboard_visitors_info' view.
[2025-05-23 05:28:24] [ACCESS_ATTEMPT] User 'suthan@jobhunt.top' (Role: 'super_admin') attempting to access view: 'dashboard_visitors_info'.
[2025-05-23 05:28:24] [ACCESS_GRANTED] User 'suthan@jobhunt.top' accessed 'dashboard_visitors_info' view.
[2025-05-23 05:28:34] [ACCESS_ATTEMPT] User 'suthan@jobhunt.top' (Role: 'super_admin') attempting to access view: 'dashboard_visitors_info'.
[2025-05-23 05:28:34] [ACCESS_GRANTED] User 'suthan@jobhunt.top' accessed 'dashboard_visitors_info' view.
[2025-05-23 05:28:39] [ACCESS_ATTEMPT] User 'suthan@jobhunt.top' (Role: 'super_admin') attempting to access view: 'dashboard_visitors_info'.
[2025-05-23 05:28:39] [ACCESS_GRANTED] User 'suthan@jobhunt.top' accessed 'dashboard_visitors_info' view.
[2025-05-23 05:28:40] [ACCESS_ATTEMPT] User 'suthan@jobhunt.top' (Role: 'super_admin') attempting to access view: 'dashboard_visitors_info'.
[2025-05-23 05:28:40] [ACCESS_GRANTED] User 'suthan@jobhunt.top' accessed 'dashboard_visitors_info' view.
[2025-05-23 05:28:52] [ACCESS_ATTEMPT] User 'suthan@jobhunt.top' (Role: 'super_admin') attempting to access view: 'achievements'.
[2025-05-23 05:28:55] [ACCESS_ATTEMPT] User 'suthan@jobhunt.top' (Role: 'super_admin') attempting to access view: 'manage_jobs'.
[2025-05-23 05:28:57] [ACCESS_ATTEMPT] User 'suthan@jobhunt.top' (Role: 'super_admin') attempting to access view: 'dashboard_overview'.
[2025-05-23 05:29:07] [ACCESS_ATTEMPT] User 'suthan@jobhunt.top' (Role: 'super_admin') attempting to access view: 'dashboard_user_info'.
[2025-05-23 05:29:07] [ACCESS_GRANTED] User 'suthan@jobhunt.top' accessed 'dashboard_user_info' view.
[2025-05-23 05:29:07] [ACCESS_GRANTED] User 'suthan@jobhunt.top' accessed 'dashboard_service_two' view.
[2025-05-23 05:29:46] [ACCESS_ATTEMPT] User 'suthan@jobhunt.top' (Role: 'super_admin') attempting to access view: 'dashboard_job_stats'.
[2025-05-23 05:29:46] [ACCESS_GRANTED] User 'suthan@jobhunt.top' accessed 'dashboard_job_stats' view.
[2025-05-23 05:33:07] [ACCESS_ATTEMPT] User 'suthan@jobhunt.top' (Role: 'super_admin') attempting to access view: 'dashboard_job_stats'.
[2025-05-23 05:33:07] [ACCESS_GRANTED] User 'suthan@jobhunt.top' accessed 'dashboard_job_stats' view.
[2025-05-23 05:37:23] [ACCESS_ATTEMPT] User 'suthan@jobhunt.top' (Role: 'super_admin') attempting to access view: 'dashboard_user_info'.
[2025-05-23 05:37:23] [ACCESS_GRANTED] User 'suthan@jobhunt.top' accessed 'dashboard_user_info' view.
[2025-05-23 05:37:23] [ACCESS_GRANTED] User 'suthan@jobhunt.top' accessed 'dashboard_service_two' view.
[2025-05-23 05:41:10] [ACCESS_ATTEMPT] User 'suthan@jobhunt.top' (Role: 'super_admin') attempting to access view: 'dashboard_user_info'.
[2025-05-23 05:41:10] [ACCESS_GRANTED] User 'suthan@jobhunt.top' accessed 'dashboard_user_info' view.
[2025-05-23 05:41:10] [ACCESS_GRANTED] User 'suthan@jobhunt.top' accessed 'dashboard_service_two' view.
[2025-05-23 05:44:45] [ACCESS_ATTEMPT] User 'suthan@jobhunt.top' (Role: 'super_admin') attempting to access view: 'dashboard_user_info'.
[2025-05-23 05:44:45] [ACCESS_GRANTED] User 'suthan@jobhunt.top' accessed 'dashboard_user_info' view.
[2025-05-23 05:44:45] [ACCESS_GRANTED] User 'suthan@jobhunt.top' accessed 'dashboard_service_two' view.
[2025-05-23 05:47:33] [ACCESS_ATTEMPT] User 'suthan@jobhunt.top' (Role: 'super_admin') attempting to access view: 'dashboard_user_info'.
[2025-05-23 05:47:33] [ACCESS_GRANTED] User 'suthan@jobhunt.top' accessed 'dashboard_user_info' view.
[2025-05-23 05:47:33] [ACCESS_GRANTED] User 'suthan@jobhunt.top' accessed 'dashboard_service_two' view.
[2025-05-23 05:51:38] [ACCESS_ATTEMPT] User 'suthan@jobhunt.top' (Role: 'super_admin') attempting to access view: 'dashboard_user_info'.
[2025-05-23 05:51:38] [ACCESS_GRANTED] User 'suthan@jobhunt.top' accessed 'dashboard_user_info' view.
[2025-05-23 05:51:38] [ACCESS_GRANTED] User 'suthan@jobhunt.top' accessed 'dashboard_service_two' view.
[2025-05-23 05:54:00] [ACCESS_ATTEMPT] User 'suthan@jobhunt.top' (Role: 'super_admin') attempting to access view: 'dashboard_user_info'.
[2025-05-23 05:54:00] [ACCESS_GRANTED] User 'suthan@jobhunt.top' accessed 'dashboard_user_info' view.
[2025-05-23 05:54:00] [ACCESS_GRANTED] User 'suthan@jobhunt.top' accessed 'dashboard_service_two' view.
[2025-05-23 05:54:06] [ACCESS_ATTEMPT] User 'suthan@jobhunt.top' (Role: 'super_admin') attempting to access view: 'achievements'.
[2025-05-23 05:54:20] [ACCESS_ATTEMPT] User 'suthan@jobhunt.top' (Role: 'super_admin') attempting to access view: 'manage_jobs'.
[2025-05-23 05:54:21] [ACCESS_ATTEMPT] User 'suthan@jobhunt.top' (Role: 'super_admin') attempting to access view: 'dashboard_overview'.
[2025-05-23 05:54:26] [ACCESS_ATTEMPT] User 'suthan@jobhunt.top' (Role: 'super_admin') attempting to access view: 'dashboard_user_info'.
[2025-05-23 05:54:26] [ACCESS_GRANTED] User 'suthan@jobhunt.top' accessed 'dashboard_user_info' view.
[2025-05-23 05:54:26] [ACCESS_GRANTED] User 'suthan@jobhunt.top' accessed 'dashboard_service_two' view.
[2025-05-23 05:55:43] [ACCESS_ATTEMPT] User 'suthan@jobhunt.top' (Role: 'super_admin') attempting to access view: 'dashboard_job_stats'.
[2025-05-23 05:55:43] [ACCESS_GRANTED] User 'suthan@jobhunt.top' accessed 'dashboard_job_stats' view.
[2025-05-23 06:08:58] [AUTH_SUCCESS] User 'suthan@jobhunt.top' logged in successfully. Role: 'super_admin'.
[2025-05-23 06:08:58] [ACCESS_ATTEMPT] User 'suthan@jobhunt.top' (Role: 'super_admin') attempting to access view: 'dashboard_overview'.
[2025-05-23 06:09:02] [ACCESS_ATTEMPT] User 'suthan@jobhunt.top' (Role: 'super_admin') attempting to access view: 'dashboard_user_info'.
[2025-05-23 06:09:02] [ACCESS_GRANTED] User 'suthan@jobhunt.top' accessed 'dashboard_user_info' view.
[2025-05-23 06:09:02] [ACCESS_GRANTED] User 'suthan@jobhunt.top' accessed 'dashboard_service_two' view.
[2025-05-23 06:09:07] [ACCESS_ATTEMPT] User 'suthan@jobhunt.top' (Role: 'super_admin') attempting to access view: 'achievements'.
[2025-05-23 06:09:15] [ACCESS_ATTEMPT] User 'suthan@jobhunt.top' (Role: 'super_admin') attempting to access view: 'dashboard_overview'.
[2025-05-23 06:09:17] [ACCESS_ATTEMPT] User 'suthan@jobhunt.top' (Role: 'super_admin') attempting to access view: 'dashboard_job_stats'.
[2025-05-23 06:09:17] [ACCESS_GRANTED] User 'suthan@jobhunt.top' accessed 'dashboard_job_stats' view.
[2025-05-23 06:11:32] [ACCESS_ATTEMPT] User 'suthan@jobhunt.top' (Role: 'super_admin') attempting to access view: 'dashboard_job_stats'.
[2025-05-23 06:11:32] [ACCESS_GRANTED] User 'suthan@jobhunt.top' accessed 'dashboard_job_stats' view.
[2025-05-23 06:11:45] [ACCESS_ATTEMPT] User 'suthan@jobhunt.top' (Role: 'super_admin') attempting to access view: 'generate_message'.
[2025-05-23 06:11:45] [ACCESS_GRANTED] User 'suthan@jobhunt.top' accessed 'generate_message' view. WhatsApp generated: Yes. Telegram generated: Yes.
[2025-05-23 06:18:10] [ACCESS_ATTEMPT] User 'suthan@jobhunt.top' (Role: 'super_admin') attempting to access view: 'generate_message'.
[2025-05-23 06:18:10] [ACCESS_GRANTED] User 'suthan@jobhunt.top' accessed 'generate_message' view. WhatsApp generated: Yes. Telegram generated: Yes.
[2025-05-23 06:19:18] [ACCESS_ATTEMPT] User 'suthan@jobhunt.top' (Role: 'super_admin') attempting to access view: 'generate_message'.
[2025-05-23 06:19:18] [ACCESS_GRANTED] User 'suthan@jobhunt.top' accessed 'generate_message' view. WhatsApp generated: Yes. Telegram generated: Yes.
[2025-05-23 06:22:46] [ACCESS_ATTEMPT] User 'suthan@jobhunt.top' (Role: 'super_admin') attempting to access view: 'generate_message'.
[2025-05-23 06:22:46] [ACCESS_GRANTED] User 'suthan@jobhunt.top' accessed 'generate_message' view. WhatsApp generated: Yes. Telegram generated: Yes.
[2025-05-23 06:23:32] [ACCESS_ATTEMPT] User 'suthan@jobhunt.top' (Role: 'super_admin') attempting to access view: 'generate_message'.
[2025-05-23 06:23:32] [ACCESS_GRANTED] User 'suthan@jobhunt.top' accessed 'generate_message' view. WhatsApp generated: Yes. Telegram generated: Yes.
[2025-05-23 06:24:48] [ACCESS_ATTEMPT] User 'suthan@jobhunt.top' (Role: 'super_admin') attempting to access view: 'generate_message'.
[2025-05-23 06:24:48] [ACCESS_GRANTED] User 'suthan@jobhunt.top' accessed 'generate_message' view. WhatsApp generated: Yes. Telegram generated: Yes.
[2025-05-23 06:27:01] [ACCESS_ATTEMPT] User 'suthan@jobhunt.top' (Role: 'super_admin') attempting to access view: 'generate_message'.
[2025-05-23 06:27:01] [ACCESS_GRANTED] User 'suthan@jobhunt.top' accessed 'generate_message' view. WhatsApp generated: Yes. Telegram generated: Yes.
[2025-05-23 06:37:17] [ACCESS_ATTEMPT] User 'suthan@jobhunt.top' (Role: 'super_admin') attempting to access view: 'generate_message'.
[2025-05-23 06:37:17] [ACCESS_GRANTED] User 'suthan@jobhunt.top' accessed 'generate_message' view. WhatsApp generated: Yes. Telegram generated: Yes.
[2025-05-23 06:37:19] [ACCESS_ATTEMPT] User 'suthan@jobhunt.top' (Role: 'super_admin') attempting to access view: 'generate_message'.
[2025-05-23 06:37:19] [ACCESS_GRANTED] User 'suthan@jobhunt.top' accessed 'generate_message' view. WhatsApp generated: Yes. Telegram generated: Yes.
[2025-05-23 07:09:24] [AUTH_SUCCESS] User 'suthan@jobhunt.top' logged in successfully. Role: 'super_admin'.
[2025-05-23 07:09:24] [ACCESS_ATTEMPT] User 'suthan@jobhunt.top' (Role: 'super_admin') attempting to access view: 'dashboard_overview'.
[2025-05-23 07:09:27] [ACCESS_ATTEMPT] User 'suthan@jobhunt.top' (Role: 'super_admin') attempting to access view: 'manage_users'.
[2025-05-23 07:09:27] [ACCESS_GRANTED] User 'suthan@jobhunt.top' accessed 'manage_users' view.
[2025-05-23 07:09:30] [ACCESS_ATTEMPT] User 'suthan@jobhunt.top' (Role: 'super_admin') attempting to access view: 'edit_user'.
[2025-05-23 07:09:37] [ACCESS_ATTEMPT] User 'suthan@jobhunt.top' (Role: 'super_admin') attempting to access view: 'achievements'.
[2025-05-23 07:12:14] [ACCESS_ATTEMPT] User 'suthan@jobhunt.top' (Role: 'super_admin') attempting to access view: 'manage_users'.
[2025-05-23 07:12:14] [ACCESS_GRANTED] User 'suthan@jobhunt.top' accessed 'manage_users' view.
[2025-05-23 07:12:19] [ACCESS_ATTEMPT] User 'suthan@jobhunt.top' (Role: 'super_admin') attempting to access view: 'edit_user'.
[2025-05-23 07:12:31] [ACCESS_ATTEMPT] User 'suthan@jobhunt.top' (Role: 'super_admin') attempting to access view: 'dashboard_overview'.
[2025-05-23 07:12:32] [ACCESS_ATTEMPT] User 'suthan@jobhunt.top' (Role: 'super_admin') attempting to access view: 'dashboard_job_stats'.
[2025-05-23 07:12:32] [ACCESS_GRANTED] User 'suthan@jobhunt.top' accessed 'dashboard_job_stats' view.
[2025-05-23 07:12:33] [ACCESS_ATTEMPT] User 'suthan@jobhunt.top' (Role: 'super_admin') attempting to access view: 'dashboard_service_two'.
[2025-05-23 07:12:33] [ACCESS_GRANTED] User 'suthan@jobhunt.top' accessed 'dashboard_service_two' view.
[2025-05-23 07:12:35] [ACCESS_ATTEMPT] User 'suthan@jobhunt.top' (Role: 'super_admin') attempting to access view: 'dashboard_qoe'.
[2025-05-23 07:12:35] [ACCESS_GRANTED] User 'suthan@jobhunt.top' accessed 'dashboard_qoe' view.
[2025-05-23 07:12:38] [ACCESS_ATTEMPT] User 'suthan@jobhunt.top' (Role: 'super_admin') attempting to access view: 'manage_users'.
[2025-05-23 07:12:38] [ACCESS_GRANTED] User 'suthan@jobhunt.top' accessed 'manage_users' view.
[2025-05-23 07:12:42] [ACCESS_ATTEMPT] User 'suthan@jobhunt.top' (Role: 'super_admin') attempting to access view: 'edit_user'.
[2025-05-23 07:12:47] [USER_ROLE_CHANGE_ATTEMPT] User 'suthan@jobhunt.top' attempting to change role for 'hari@jobhunt.top' from 'admin' to 'super_admin'.
[2025-05-23 07:12:47] [USER_UPDATE_SUCCESS] User 'hari@jobhunt.top' updated by 'suthan@jobhunt.top'. Changes: {"display_name":"Hari","role":"super_admin"}
[2025-05-23 07:12:47] [ACCESS_ATTEMPT] User 'suthan@jobhunt.top' (Role: 'super_admin') attempting to access view: 'manage_users'.
[2025-05-23 07:12:47] [ACCESS_GRANTED] User 'suthan@jobhunt.top' accessed 'manage_users' view.
[2025-05-23 07:12:49] [ACCESS_ATTEMPT] User 'suthan@jobhunt.top' (Role: 'super_admin') attempting to access view: 'dashboard_overview'.
[2025-05-23 07:12:52] [ACCESS_ATTEMPT] User 'suthan@jobhunt.top' (Role: 'super_admin') attempting to access view: 'manage_users'.
[2025-05-23 07:12:52] [ACCESS_GRANTED] User 'suthan@jobhunt.top' accessed 'manage_users' view.
[2025-05-23 07:12:57] [ACCESS_ATTEMPT] User 'suthan@jobhunt.top' (Role: 'super_admin') attempting to access view: 'edit_user'.
[2025-05-23 07:13:02] [USER_ROLE_CHANGE_ATTEMPT] User 'suthan@jobhunt.top' attempting to change role for 'hari@jobhunt.top' from 'super_admin' to 'admin'.
[2025-05-23 07:13:02] [USER_UPDATE_SUCCESS] User 'hari@jobhunt.top' updated by 'suthan@jobhunt.top'. Changes: {"display_name":"Hari","role":"admin"}
[2025-05-23 07:13:02] [ACCESS_ATTEMPT] User 'suthan@jobhunt.top' (Role: 'super_admin') attempting to access view: 'manage_users'.
[2025-05-23 07:13:02] [ACCESS_GRANTED] User 'suthan@jobhunt.top' accessed 'manage_users' view.
[2025-05-23 07:13:08] [ACCESS_ATTEMPT] User 'suthan@jobhunt.top' (Role: 'super_admin') attempting to access view: 'dashboard_overview'.
[2025-05-23 07:13:10] [ACCESS_ATTEMPT] User 'suthan@jobhunt.top' (Role: 'super_admin') attempting to access view: 'dashboard_qoe'.
[2025-05-23 07:13:10] [ACCESS_GRANTED] User 'suthan@jobhunt.top' accessed 'dashboard_qoe' view.
[2025-05-23 07:19:58] [ACCESS_ATTEMPT] User 'suthan@jobhunt.top' (Role: 'super_admin') attempting to access view: 'dashboard_qoe'.
[2025-05-23 07:19:58] [ACCESS_GRANTED] User 'suthan@jobhunt.top' accessed 'dashboard_qoe' view.
[2025-05-23 07:20:00] [ACCESS_ATTEMPT] User 'suthan@jobhunt.top' (Role: 'super_admin') attempting to access view: 'dashboard_visitors_info'.
[2025-05-23 07:20:00] [ACCESS_GRANTED] User 'suthan@jobhunt.top' accessed 'dashboard_visitors_info' view.
[2025-05-23 07:20:01] [ACCESS_ATTEMPT] User 'suthan@jobhunt.top' (Role: 'super_admin') attempting to access view: 'dashboard_qoe'.
[2025-05-23 07:20:01] [ACCESS_GRANTED] User 'suthan@jobhunt.top' accessed 'dashboard_qoe' view.
[2025-05-23 07:20:22] [ACCESS_ATTEMPT] User 'suthan@jobhunt.top' (Role: 'super_admin') attempting to access view: 'dashboard_qoe'.
[2025-05-23 07:20:22] [ACCESS_GRANTED] User 'suthan@jobhunt.top' accessed 'dashboard_qoe' view.
[2025-05-23 07:20:27] [ACCESS_ATTEMPT] User 'suthan@jobhunt.top' (Role: 'super_admin') attempting to access view: 'dashboard_visitors_info'.
[2025-05-23 07:20:27] [ACCESS_GRANTED] User 'suthan@jobhunt.top' accessed 'dashboard_visitors_info' view.
[2025-05-23 07:20:29] [ACCESS_ATTEMPT] User 'suthan@jobhunt.top' (Role: 'super_admin') attempting to access view: 'dashboard_qoe'.
[2025-05-23 07:20:29] [ACCESS_GRANTED] User 'suthan@jobhunt.top' accessed 'dashboard_qoe' view.
[2025-05-23 07:24:40] [ACCESS_ATTEMPT] User 'suthan@jobhunt.top' (Role: 'super_admin') attempting to access view: 'dashboard_qoe'.
[2025-05-23 07:24:40] [ACCESS_GRANTED] User 'suthan@jobhunt.top' accessed 'dashboard_qoe' view.
[2025-05-23 07:24:42] [ACCESS_ATTEMPT] User 'suthan@jobhunt.top' (Role: 'super_admin') attempting to access view: 'dashboard_visitors_info'.
[2025-05-23 07:24:42] [ACCESS_GRANTED] User 'suthan@jobhunt.top' accessed 'dashboard_visitors_info' view.
[2025-05-23 07:24:45] [ACCESS_ATTEMPT] User 'suthan@jobhunt.top' (Role: 'super_admin') attempting to access view: 'dashboard_qoe'.
[2025-05-23 07:24:45] [ACCESS_GRANTED] User 'suthan@jobhunt.top' accessed 'dashboard_qoe' view.
[2025-05-24 00:28:15] [AUTH_SUCCESS] User 'suthan@jobhunt.top' logged in successfully. Role: 'super_admin'.
[2025-05-24 00:28:15] [ACCESS_ATTEMPT] User 'suthan@jobhunt.top' (Role: 'super_admin') attempting to access view: 'dashboard_overview'.
[2025-05-24 00:28:23] [ACCESS_ATTEMPT] User 'suthan@jobhunt.top' (Role: 'super_admin') attempting to access view: 'manage_jobs'.
[2025-05-24 00:28:25] [ACCESS_ATTEMPT] User 'suthan@jobhunt.top' (Role: 'super_admin') attempting to access view: 'post_job'.
[2025-05-24 00:29:03] [ACCESS_ATTEMPT] User 'suthan@jobhunt.top' (Role: 'super_admin') attempting to access view: 'manage_jobs'.
[2025-05-24 00:29:04] [ACCESS_ATTEMPT] User 'suthan@jobhunt.top' (Role: 'super_admin') attempting to access view: 'post_job'.
[2025-05-24 00:29:21] [AI_SUMMARY_SKIP] AI Summary generation skipped for job 'Hari 4134fgh': API Key is placeholder or empty.
[2025-05-24 00:29:28] [AI_SUMMARY_SUCCESS] AI summary generated successfully for job 'Hari 4134fgh'.
[2025-05-24 00:29:28] [JOB_POST_REVIEW_READY] Job post by 'suthan@jobhunt.top' (Title: 'Hari 4134fgh') ready for review. AI Summary generated (length: 3741).
[2025-05-24 00:29:28] [ACCESS_ATTEMPT] User 'suthan@jobhunt.top' (Role: 'super_admin') attempting to access view: 'post_job'.
[2025-05-24 00:29:30] [JOB_POST_SUCCESS] Job ID '1748026770_8007' (Title: 'Hari 4134fgh') posted successfully by 'suthan@jobhunt.top'.
[2025-05-24 00:29:30] [AI_IMAGE_SUCCESS] AI poster image generated successfully for job ID '1748026770_8007' at 'C:\Users\Public\Job_Post\admin/../data/job_posters/1748026770_8007.png'. Prompt: 'A professional and engaging visual representing a job opportunity for a 'Hari 4134fgh' at 'E'. Abstract, modern, positive, tech-oriented.'
[2025-05-24 00:29:30] [ACCESS_ATTEMPT] User 'suthan@jobhunt.top' (Role: 'super_admin') attempting to access view: 'manage_jobs'.
[2025-05-24 00:34:10] [ACCESS_ATTEMPT] User 'suthan@jobhunt.top' (Role: 'super_admin') attempting to access view: 'post_job'.
[2025-05-24 00:34:20] [AI_SUMMARY_SKIP] AI Summary generation skipped for job 'Hari 4134fghcc': API Key is placeholder or empty.
[2025-05-24 00:34:22] [AI_SUMMARY_SUCCESS] AI summary generated successfully for job 'Hari 4134fghcc'.
[2025-05-24 00:34:22] [JOB_POST_REVIEW_READY] Job post by 'suthan@jobhunt.top' (Title: 'Hari 4134fghcc') ready for review. AI Summary generated (length: 281).
[2025-05-24 00:34:22] [ACCESS_ATTEMPT] User 'suthan@jobhunt.top' (Role: 'super_admin') attempting to access view: 'post_job'.
[2025-05-24 00:34:23] [JOB_POST_SUCCESS] Job ID '1748027063_3732' (Title: 'Hari 4134fghcc') posted successfully by 'suthan@jobhunt.top'.
[2025-05-24 00:34:23] [AI_IMAGE_SUCCESS] AI poster image generated successfully for job ID '1748027063_3732' at 'C:\Users\Public\Job_Post\admin/../data/job_posters/1748027063_3732.png'. Prompt: 'A professional and engaging visual representing a job opportunity for a 'Hari 4134fghcc' at 'Etisalat'. Abstract, modern, positive, tech-oriented.'
[2025-05-24 00:34:23] [ACCESS_ATTEMPT] User 'suthan@jobhunt.top' (Role: 'super_admin') attempting to access view: 'manage_jobs'.
[2025-05-24 00:41:02] [ACCESS_ATTEMPT] User 'suthan@jobhunt.top' (Role: 'super_admin') attempting to access view: 'manage_jobs'.
[2025-05-24 00:41:04] [ACCESS_ATTEMPT] User 'suthan@jobhunt.top' (Role: 'super_admin') attempting to access view: 'post_job'.
[2025-05-24 00:41:18] [AI_SUMMARY_SKIP] AI Summary generation skipped for job 'Hari 4134fghccdx': API Key is placeholder or empty.
[2025-05-24 00:41:22] [AI_SUMMARY_SUCCESS] AI summary generated successfully for job 'Hari 4134fghccdx'.
[2025-05-24 00:41:22] [JOB_POST_REVIEW_READY] Job post by 'suthan@jobhunt.top' (Title: 'Hari 4134fghccdx') ready for review. AI Summary generated (length: 2310).
[2025-05-24 00:41:22] [ACCESS_ATTEMPT] User 'suthan@jobhunt.top' (Role: 'super_admin') attempting to access view: 'post_job'.
[2025-05-24 00:41:26] [JOB_POST_SUCCESS] Job ID '1748027485_1401' (Title: 'Hari 4134fghccdx') posted successfully by 'suthan@jobhunt.top'.
[2025-05-24 00:41:26] [AI_IMAGE_SUCCESS] AI poster image generated successfully for job ID '1748027485_1401' at 'C:\Users\Public\Job_Post\admin/../data/job_posters/1748027485_1401.png'. Prompt: 'Create a professional and visually appealing poster for a job opening. Job Title: 'Hari 4134fghccdx'. Company: 'Etisalat'. Location: 'Nagercoil'. Key elements to convey: opportunity, growth, modern workplace. Style: Clean, corporate, with a touch of innovation. Dominant colors: blues, greys, with an accent color like teal or orange. Include abstract representations of collaboration or technology if appropriate. Avoid text clutter.'
[2025-05-24 00:41:26] [ACCESS_ATTEMPT] User 'suthan@jobhunt.top' (Role: 'super_admin') attempting to access view: 'manage_jobs'.
[2025-05-24 00:46:26] [ACCESS_ATTEMPT] User 'suthan@jobhunt.top' (Role: 'super_admin') attempting to access view: 'manage_jobs'.
[2025-05-24 00:46:28] [ACCESS_ATTEMPT] User 'suthan@jobhunt.top' (Role: 'super_admin') attempting to access view: 'post_job'.
[2025-05-24 00:46:42] [AI_SUMMARY_SKIP] AI Summary generation skipped for job 'Hari 4134fghccdxhvj h': API Key is placeholder or empty.
[2025-05-24 00:46:47] [AI_SUMMARY_SUCCESS] AI summary generated successfully for job 'Hari 4134fghccdxhvj h'.
[2025-05-24 00:46:47] [JOB_POST_REVIEW_READY] Job post by 'suthan@jobhunt.top' (Title: 'Hari 4134fghccdxhvj h') ready for review. AI Summary generated (length: 2728).
[2025-05-24 00:46:47] [ACCESS_ATTEMPT] User 'suthan@jobhunt.top' (Role: 'super_admin') attempting to access view: 'post_job'.
[2025-05-24 00:46:48] [JOB_POST_SUCCESS] Job ID '1748027808_1826' (Title: 'Hari 4134fghccdxhvj h') posted successfully by 'suthan@jobhunt.top'.
[2025-05-24 00:46:48] [AI_IMAGE_ERROR] AI poster image generation FAILED for job ID '1748027808_1826'. Prompt: 'Create a professional and visually appealing poster for a job opening. Job Title: 'Hari 4134fghccdxhvj h'. Company: 'Etisalat'. Location: 'Nagercoil'. Key elements to convey: opportunity, growth, modern workplace. Style: Clean, corporate, with a touch of innovation. Dominant colors: blues, greys, with an accent color like teal or orange. Include abstract representations of collaboration or technology if appropriate. Avoid text clutter.'
[2025-05-24 00:46:48] [ACCESS_ATTEMPT] User 'suthan@jobhunt.top' (Role: 'super_admin') attempting to access view: 'manage_jobs'.
[2025-05-24 00:52:25] [ACCESS_ATTEMPT] User 'suthan@jobhunt.top' (Role: 'super_admin') attempting to access view: 'manage_jobs'.
[2025-05-24 00:52:26] [ACCESS_ATTEMPT] User 'suthan@jobhunt.top' (Role: 'super_admin') attempting to access view: 'post_job'.
[2025-05-24 00:52:41] [AI_SUMMARY_SKIP] AI Summary generation skipped for job 'Hari 4134fghccdxhvj hh': API Key is placeholder or empty.
[2025-05-24 00:52:46] [AI_SUMMARY_SUCCESS] AI summary generated successfully for job 'Hari 4134fghccdxhvj hh'.
[2025-05-24 00:52:46] [JOB_POST_REVIEW_READY] Job post by 'suthan@jobhunt.top' (Title: 'Hari 4134fghccdxhvj hh') ready for review. AI Summary generated (length: 2715).
[2025-05-24 00:52:46] [ACCESS_ATTEMPT] User 'suthan@jobhunt.top' (Role: 'super_admin') attempting to access view: 'post_job'.
[2025-05-24 00:52:51] [JOB_POST_SUCCESS] Job ID '1748028171_9670' (Title: 'Hari 4134fghccdxhvj hh') posted successfully by 'suthan@jobhunt.top'.
[2025-05-24 00:52:51] [AI_IMAGE_SUCCESS] AI poster image generated successfully for job ID '1748028171_9670' at 'C:\Users\Public\Job_Post\admin/../data/job_posters/1748028171_9670.png'. Prompt: 'Create a professional and visually appealing poster for a job opening. Job Title: 'Hari 4134fghccdxhvj hh'. Company: 'Etisalat'. Location: 'Nagercoil'. Key elements to convey: opportunity, growth, modern workplace. Style: Clean, corporate, with a touch of innovation. Dominant colors: blues, greys, with an accent color like teal or orange. Include abstract representations of collaboration or technology if appropriate. Avoid text clutter.'
[2025-05-24 00:52:51] [ACCESS_ATTEMPT] User 'suthan@jobhunt.top' (Role: 'super_admin') attempting to access view: 'manage_jobs'.
[2025-05-24 00:57:51] [ACCESS_ATTEMPT] User 'suthan@jobhunt.top' (Role: 'super_admin') attempting to access view: 'manage_jobs'.
[2025-05-24 00:57:53] [ACCESS_ATTEMPT] User 'suthan@jobhunt.top' (Role: 'super_admin') attempting to access view: 'post_job'.
[2025-05-24 00:58:04] [AI_SUMMARY_SKIP] AI Summary generation skipped for job 'Hari 4134fghccdxhvj hhh': API Key is placeholder or empty.
[2025-05-24 00:58:08] [AI_SUMMARY_SUCCESS] AI summary generated successfully for job 'Hari 4134fghccdxhvj hhh'.
[2025-05-24 00:58:08] [JOB_POST_REVIEW_READY] Job post by 'suthan@jobhunt.top' (Title: 'Hari 4134fghccdxhvj hhh') ready for review. AI Summary generated (length: 1977).
[2025-05-24 00:58:08] [ACCESS_ATTEMPT] User 'suthan@jobhunt.top' (Role: 'super_admin') attempting to access view: 'post_job'.
[2025-05-24 00:58:10] [JOB_POST_SUCCESS] Job ID '1748028490_8823' (Title: 'Hari 4134fghccdxhvj hhh') posted successfully by 'suthan@jobhunt.top'.
[2025-05-24 00:58:10] [AI_IMAGE_ERROR] AI poster image generation FAILED for job ID '1748028490_8823'. Prompt: 'Create a professional and visually appealing poster for a job opening. Job Title: 'Hari 4134fghccdxhvj hhh'. Company: 'Etisalat'. Location: 'Nagercoil'. Key elements to convey: opportunity, growth, modern workplace. Style: Clean, corporate, with a touch of innovation. Dominant colors: blues, greys, with an accent color like teal or orange. Include abstract representations of collaboration or technology if appropriate. Avoid text clutter.'
[2025-05-24 00:58:10] [ACCESS_ATTEMPT] User 'suthan@jobhunt.top' (Role: 'super_admin') attempting to access view: 'manage_jobs'.
[2025-05-24 18:12:42] [ACCESS_ATTEMPT] User 'suthan@jobhunt.top' (Role: 'super_admin') attempting to access view: 'dashboard_overview'.
[2025-05-24 18:20:00] [ACCESS_ATTEMPT] User 'suthan@jobhunt.top' (Role: 'super_admin') attempting to access view: 'dashboard_overview'.
[2025-05-24 18:20:01] [ACCESS_ATTEMPT] User 'suthan@jobhunt.top' (Role: 'super_admin') attempting to access view: 'messages'.
[2025-05-24 18:20:01] [ACCESS_GRANTED] User 'suthan@jobhunt.top' accessed 'messages' view.
[2025-05-24 18:20:03] [ACCESS_ATTEMPT] User 'suthan@jobhunt.top' (Role: 'super_admin') attempting to access view: 'dashboard_overview'.
[2025-05-24 22:39:39] [AUTH_SUCCESS] User 'suthan@jobhunt.top' logged in successfully. Role: 'super_admin'.
[2025-05-24 22:39:39] [ACCESS_ATTEMPT] User 'suthan@jobhunt.top' (Role: 'super_admin') attempting to access view: 'dashboard_overview'.
[2025-05-24 22:39:43] [ACCESS_ATTEMPT] User 'suthan@jobhunt.top' (Role: 'super_admin') attempting to access view: 'messages'.
[2025-05-24 22:39:43] [ACCESS_GRANTED] User 'suthan@jobhunt.top' accessed 'messages' view.
[2025-05-24 22:39:49] [ACCESS_ATTEMPT] User 'suthan@jobhunt.top' (Role: 'super_admin') attempting to access view: 'manage_jobs'.
[2025-05-24 23:01:45] [ACCESS_ATTEMPT] User 'suthan@jobhunt.top' (Role: 'super_admin') attempting to access view: 'manage_jobs'.
[2025-05-24 23:01:48] [ACCESS_ATTEMPT] User 'suthan@jobhunt.top' (Role: 'super_admin') attempting to access view: 'dashboard_overview'.
[2025-05-24 23:01:48] [ACCESS_ATTEMPT] User 'suthan@jobhunt.top' (Role: 'super_admin') attempting to access view: 'dashboard_overview'.
[2025-05-24 23:01:50] [ACCESS_ATTEMPT] User 'suthan@jobhunt.top' (Role: 'super_admin') attempting to access view: 'manage_jobs'.
[2025-05-24 23:01:51] [ACCESS_ATTEMPT] User 'suthan@jobhunt.top' (Role: 'super_admin') attempting to access view: 'reported_jobs'.
[2025-05-24 23:01:51] [ACCESS_GRANTED] User 'suthan@jobhunt.top' accessed 'reported_jobs' view.
[2025-05-24 23:02:30] [ACCESS_ATTEMPT] User 'suthan@jobhunt.top' (Role: 'super_admin') attempting to access view: 'reported_jobs'.
[2025-05-24 23:02:30] [ACCESS_GRANTED] User 'suthan@jobhunt.top' accessed 'reported_jobs' view.
[2025-05-24 23:02:58] [ACCESS_ATTEMPT] User 'suthan@jobhunt.top' (Role: 'super_admin') attempting to access view: 'reported_jobs'.
[2025-05-24 23:02:58] [ACCESS_GRANTED] User 'suthan@jobhunt.top' accessed 'reported_jobs' view.
[2025-05-24 23:06:19] [ACCESS_ATTEMPT] User 'suthan@jobhunt.top' (Role: 'super_admin') attempting to access view: 'reported_jobs'.
[2025-05-24 23:06:19] [ACCESS_GRANTED] User 'suthan@jobhunt.top' accessed 'reported_jobs' view.
[2025-05-24 23:21:19] [ACCESS_ATTEMPT] User 'suthan@jobhunt.top' (Role: 'super_admin') attempting to access view: 'reported_jobs'.
[2025-05-24 23:21:19] [ACCESS_GRANTED] User 'suthan@jobhunt.top' accessed 'reported_jobs' view.
[2025-05-24 23:25:37] [ACCESS_ATTEMPT] User 'suthan@jobhunt.top' (Role: 'super_admin') attempting to access view: 'manage_jobs'.
[2025-05-24 23:25:40] [ACCESS_ATTEMPT] User 'suthan@jobhunt.top' (Role: 'super_admin') attempting to access view: 'achievements'.
[2025-05-24 23:25:48] [ACCESS_ATTEMPT] User 'suthan@jobhunt.top' (Role: 'super_admin') attempting to access view: 'reported_jobs'.
[2025-05-24 23:25:48] [ACCESS_GRANTED] User 'suthan@jobhunt.top' accessed 'reported_jobs' view.
[2025-05-24 23:26:01] [ACCESS_ATTEMPT] User 'suthan@jobhunt.top' (Role: 'super_admin') attempting to access view: 'manage_jobs'.
[2025-05-24 23:26:03] [ACCESS_ATTEMPT] User 'suthan@jobhunt.top' (Role: 'super_admin') attempting to access view: 'post_job'.
[2025-05-24 23:26:48] [AI_SUMMARY_SKIP] AI Summary generation skipped for job 'Network Engineer II': API Key is placeholder or empty.
[2025-05-24 23:26:52] [AI_SUMMARY_SUCCESS] AI summary generated successfully for job 'Network Engineer II'.
[2025-05-24 23:26:52] [JOB_POST_REVIEW_READY] Job post by 'suthan@jobhunt.top' (Title: 'Network Engineer II') ready for review. AI Summary generated (length: 1999).
[2025-05-24 23:26:52] [ACCESS_ATTEMPT] User 'suthan@jobhunt.top' (Role: 'super_admin') attempting to access view: 'post_job'.
[2025-05-24 23:33:01] [ACCESS_ATTEMPT] User 'suthan@jobhunt.top' (Role: 'super_admin') attempting to access view: 'post_job'.
[2025-05-24 23:33:03] [AI_SUMMARY_SKIP] AI Summary generation skipped for job 'Network Engineer II': API Key is placeholder or empty.
[2025-05-24 23:33:08] [AI_SUMMARY_SUCCESS] AI summary generated successfully for job 'Network Engineer II'.
[2025-05-24 23:33:08] [JOB_POST_REVIEW_READY] Job post by 'suthan@jobhunt.top' (Title: 'Network Engineer II') ready for review. AI Summary generated (length: 2789).
[2025-05-24 23:33:08] [ACCESS_ATTEMPT] User 'suthan@jobhunt.top' (Role: 'super_admin') attempting to access view: 'post_job'.
[2025-05-24 23:33:51] [ACCESS_ATTEMPT] User 'suthan@jobhunt.top' (Role: 'super_admin') attempting to access view: 'post_job'.
[2025-05-24 23:33:54] [AI_SUMMARY_SKIP] AI Summary generation skipped for job 'Network Engineer II': API Key is placeholder or empty.
[2025-05-24 23:33:58] [AI_SUMMARY_SUCCESS] AI summary generated successfully for job 'Network Engineer II'.
[2025-05-24 23:33:58] [JOB_POST_REVIEW_READY] Job post by 'suthan@jobhunt.top' (Title: 'Network Engineer II') ready for review. AI Summary generated (length: 2889).
[2025-05-24 23:33:58] [ACCESS_ATTEMPT] User 'suthan@jobhunt.top' (Role: 'super_admin') attempting to access view: 'post_job'.
[2025-05-24 23:34:53] [ACCESS_ATTEMPT] User 'suthan@jobhunt.top' (Role: 'super_admin') attempting to access view: 'post_job'.
[2025-05-24 23:34:54] [AI_SUMMARY_SKIP] AI Summary generation skipped for job 'Network Engineer II': API Key is placeholder or empty.
[2025-05-24 23:34:59] [AI_SUMMARY_SUCCESS] AI summary generated successfully for job 'Network Engineer II'.
[2025-05-24 23:34:59] [JOB_POST_REVIEW_READY] Job post by 'suthan@jobhunt.top' (Title: 'Network Engineer II') ready for review. AI Summary generated (length: 2459).
[2025-05-24 23:34:59] [ACCESS_ATTEMPT] User 'suthan@jobhunt.top' (Role: 'super_admin') attempting to access view: 'post_job'.
[2025-05-24 23:35:17] [JOB_POST_SUCCESS] Job ID '1748109917_1948' (Title: 'Network Engineer II') posted successfully by 'suthan@jobhunt.top'.
[2025-05-24 23:35:17] [AI_IMAGE_ERROR] AI poster image generation FAILED for job ID '1748109917_1948'. Prompt: 'Create a professional and visually appealing poster for a job opening. Job Title: 'Network Engineer II'. Company: 'Etisalat'. Location: 'Abu Dhabi'. Key elements to convey: opportunity, growth, modern workplace. Style: Clean, corporate, with a touch of innovation. Dominant colors: blues, greys, with an accent color like teal or orange. Include abstract representations of collaboration or technology if appropriate. Avoid text clutter.'
[2025-05-24 23:35:17] [ACCESS_ATTEMPT] User 'suthan@jobhunt.top' (Role: 'super_admin') attempting to access view: 'manage_jobs'.
[2025-05-24 23:35:23] [ACCESS_ATTEMPT] User 'suthan@jobhunt.top' (Role: 'super_admin') attempting to access view: 'dashboard_overview'.
[2025-05-24 23:36:48] [ACCESS_ATTEMPT] User 'suthan@jobhunt.top' (Role: 'super_admin') attempting to access view: 'reported_jobs'.
[2025-05-24 23:36:48] [ACCESS_GRANTED] User 'suthan@jobhunt.top' accessed 'reported_jobs' view.
[2025-05-24 23:40:39] [ACCESS_ATTEMPT] User 'suthan@jobhunt.top' (Role: 'super_admin') attempting to access view: 'manage_jobs'.
[2025-05-24 23:40:41] [ACCESS_ATTEMPT] User 'suthan@jobhunt.top' (Role: 'super_admin') attempting to access view: 'post_job'.
[2025-05-24 23:41:13] [AI_SUMMARY_SKIP] AI Summary generation skipped for job 'Senior Network Engineer II': API Key is placeholder or empty.
[2025-05-24 23:41:18] [AI_SUMMARY_SUCCESS] AI summary generated successfully for job 'Senior Network Engineer II'.
[2025-05-24 23:41:18] [JOB_POST_REVIEW_READY] Job post by 'suthan@jobhunt.top' (Title: 'Senior Network Engineer II') ready for review. AI Summary generated (length: 2143).
[2025-05-24 23:41:18] [ACCESS_ATTEMPT] User 'suthan@jobhunt.top' (Role: 'super_admin') attempting to access view: 'post_job'.
[2025-05-24 23:41:26] [JOB_POST_SUCCESS] Job ID '1748110286_3050' (Title: 'Senior Network Engineer II') posted successfully by 'suthan@jobhunt.top'.
[2025-05-24 23:41:26] [AI_IMAGE_ERROR] AI poster image generation FAILED for job ID '1748110286_3050'. Prompt: 'Create a professional and visually appealing poster for a job opening. Job Title: 'Senior Network Engineer II'. Company: 'Etisalat'. Location: 'Abu Dhabi'. Key elements to convey: opportunity, growth, modern workplace. Style: Clean, corporate, with a touch of innovation. Dominant colors: blues, greys, with an accent color like teal or orange. Include abstract representations of collaboration or technology if appropriate. Avoid text clutter.'
[2025-05-24 23:41:26] [ACCESS_ATTEMPT] User 'suthan@jobhunt.top' (Role: 'super_admin') attempting to access view: 'manage_jobs'.
[2025-05-24 23:48:55] [ACCESS_ATTEMPT] User 'suthan@jobhunt.top' (Role: 'super_admin') attempting to access view: 'server_management'.
[2025-05-24 23:48:55] [ACCESS_GRANTED] User 'suthan@jobhunt.top' accessed 'server_management' view.
[2025-05-24 23:50:34] [ACCESS_ATTEMPT] User 'suthan@jobhunt.top' (Role: 'super_admin') attempting to access view: 'reported_jobs'.
[2025-05-24 23:50:34] [ACCESS_GRANTED] User 'suthan@jobhunt.top' accessed 'reported_jobs' view.
[2025-05-25 00:12:37] [ACCESS_ATTEMPT] User 'suthan@jobhunt.top' (Role: 'super_admin') attempting to access view: 'reported_jobs'.
[2025-05-25 00:12:37] [ACCESS_GRANTED] User 'suthan@jobhunt.top' accessed 'reported_jobs' view.
[2025-05-25 00:12:40] [ACCESS_ATTEMPT] User 'suthan@jobhunt.top' (Role: 'super_admin') attempting to access view: 'server_management'.
[2025-05-25 00:12:40] [ACCESS_GRANTED] User 'suthan@jobhunt.top' accessed 'server_management' view.
[2025-05-25 00:14:36] [ACCESS_ATTEMPT] User 'suthan@jobhunt.top' (Role: 'super_admin') attempting to access view: 'server_management'.
[2025-05-25 00:14:36] [ACCESS_GRANTED] User 'suthan@jobhunt.top' accessed 'server_management' view.
[2025-05-25 00:14:38] [ACCESS_ATTEMPT] User 'suthan@jobhunt.top' (Role: 'super_admin') attempting to access view: 'server_management'.
[2025-05-25 00:14:38] [ACCESS_GRANTED] User 'suthan@jobhunt.top' accessed 'server_management' view.
[2025-05-25 00:18:26] [ACCESS_ATTEMPT] User 'suthan@jobhunt.top' (Role: 'super_admin') attempting to access view: 'server_management'.
[2025-05-25 00:18:26] [ACCESS_GRANTED] User 'suthan@jobhunt.top' accessed 'server_management' view.
[2025-05-25 00:18:34] [ACCESS_ATTEMPT] User 'suthan@jobhunt.top' (Role: 'super_admin') attempting to access view: 'server_management'.
[2025-05-25 00:18:34] [ACCESS_GRANTED] User 'suthan@jobhunt.top' accessed 'server_management' view.
[2025-05-25 00:20:16] [ACCESS_ATTEMPT] User 'suthan@jobhunt.top' (Role: 'super_admin') attempting to access view: 'generate_message'.
[2025-05-25 00:20:16] [ACCESS_GRANTED] User 'suthan@jobhunt.top' accessed 'generate_message' view. WhatsApp generated: Yes. Telegram generated: Yes.
[2025-05-25 00:20:40] [ACCESS_ATTEMPT] User 'suthan@jobhunt.top' (Role: 'super_admin') attempting to access view: 'dashboard_overview'.
[2025-05-25 00:27:59] [ACCESS_ATTEMPT] User 'suthan@jobhunt.top' (Role: 'super_admin') attempting to access view: 'server_management'.
[2025-05-25 00:27:59] [ACCESS_GRANTED] User 'suthan@jobhunt.top' accessed 'server_management' view.
[2025-05-25 00:30:23] [ACCESS_ATTEMPT] User 'suthan@jobhunt.top' (Role: 'super_admin') attempting to access view: 'server_management'.
[2025-05-25 00:30:23] [ACCESS_GRANTED] User 'suthan@jobhunt.top' accessed 'server_management' view.
[2025-05-25 00:32:15] [ACCESS_ATTEMPT] User 'suthan@jobhunt.top' (Role: 'super_admin') attempting to access view: 'server_management'.
[2025-05-25 00:32:15] [ACCESS_GRANTED] User 'suthan@jobhunt.top' accessed 'server_management' view.
[2025-05-25 00:37:33] [ACCESS_ATTEMPT] User 'suthan@jobhunt.top' (Role: 'super_admin') attempting to access view: 'server_management'.
[2025-05-25 00:37:33] [ACCESS_GRANTED] User 'suthan@jobhunt.top' accessed 'server_management' view.
[2025-05-25 00:40:08] [ACCESS_ATTEMPT] User 'suthan@jobhunt.top' (Role: 'super_admin') attempting to access view: 'server_management'.
[2025-05-25 00:40:08] [ACCESS_GRANTED] User 'suthan@jobhunt.top' accessed 'server_management' view.
[2025-05-25 00:42:24] [ACCESS_ATTEMPT] User 'suthan@jobhunt.top' (Role: 'super_admin') attempting to access view: 'server_management'.
[2025-05-25 00:42:24] [ACCESS_GRANTED] User 'suthan@jobhunt.top' accessed 'server_management' view.
[2025-05-25 00:43:19] [ACCESS_ATTEMPT] User 'suthan@jobhunt.top' (Role: 'super_admin') attempting to access view: 'server_management'.
[2025-05-25 00:43:19] [ACCESS_GRANTED] User 'suthan@jobhunt.top' accessed 'server_management' view.
[2025-05-25 00:44:34] [ACCESS_ATTEMPT] User 'suthan@jobhunt.top' (Role: 'super_admin') attempting to access view: 'server_management'.
[2025-05-25 00:44:34] [ACCESS_GRANTED] User 'suthan@jobhunt.top' accessed 'server_management' view.
[2025-05-25 00:46:13] [ACCESS_ATTEMPT] User 'suthan@jobhunt.top' (Role: 'super_admin') attempting to access view: 'server_management'.
[2025-05-25 00:46:13] [ACCESS_GRANTED] User 'suthan@jobhunt.top' accessed 'server_management' view.
[2025-05-25 00:46:14] [ACCESS_ATTEMPT] User 'suthan@jobhunt.top' (Role: 'super_admin') attempting to access view: 'server_management'.
[2025-05-25 00:46:14] [ACCESS_GRANTED] User 'suthan@jobhunt.top' accessed 'server_management' view.
[2025-05-25 00:48:24] [ACCESS_ATTEMPT] User 'suthan@jobhunt.top' (Role: 'super_admin') attempting to access view: 'server_management'.
[2025-05-25 00:48:24] [ACCESS_GRANTED] User 'suthan@jobhunt.top' accessed 'server_management' view.
[2025-05-25 00:51:01] [ACCESS_ATTEMPT] User 'suthan@jobhunt.top' (Role: 'super_admin') attempting to access view: 'server_management'.
[2025-05-25 00:51:01] [ACCESS_GRANTED] User 'suthan@jobhunt.top' accessed 'server_management' view.
[2025-05-25 00:51:41] [ACCESS_ATTEMPT] User 'suthan@jobhunt.top' (Role: 'super_admin') attempting to access view: 'server_management'.
[2025-05-25 00:51:41] [ACCESS_GRANTED] User 'suthan@jobhunt.top' accessed 'server_management' view.
[2025-05-25 00:53:46] [ACCESS_ATTEMPT] User 'suthan@jobhunt.top' (Role: 'super_admin') attempting to access view: 'dashboard_overview'.
[2025-05-25 00:53:49] [ACCESS_ATTEMPT] User 'suthan@jobhunt.top' (Role: 'super_admin') attempting to access view: 'server_management'.
[2025-05-25 00:53:49] [ACCESS_GRANTED] User 'suthan@jobhunt.top' accessed 'server_management' view.
[2025-05-25 03:33:18] [AUTH_SUCCESS] User 'suthan@jobhunt.top' logged in successfully. Role: 'super_admin'.
[2025-05-25 03:33:18] [ACCESS_ATTEMPT] User 'suthan@jobhunt.top' (Role: 'super_admin') attempting to access view: 'dashboard_overview'.
[2025-05-25 03:33:24] [ACCESS_ATTEMPT] User 'suthan@jobhunt.top' (Role: 'super_admin') attempting to access view: 'reported_jobs'.
[2025-05-25 03:33:24] [ACCESS_GRANTED] User 'suthan@jobhunt.top' accessed 'reported_jobs' view.
[2025-05-25 03:33:31] [ACCESS_ATTEMPT] User 'suthan@jobhunt.top' (Role: 'super_admin') attempting to access view: 'manage_users'.
[2025-05-25 03:33:31] [ACCESS_GRANTED] User 'suthan@jobhunt.top' accessed 'manage_users' view.
[2025-05-25 03:33:34] [ACCESS_ATTEMPT] User 'suthan@jobhunt.top' (Role: 'super_admin') attempting to access view: 'server_management'.
[2025-05-25 03:33:34] [ACCESS_GRANTED] User 'suthan@jobhunt.top' accessed 'server_management' view.
[2025-05-25 04:10:55] [ACCESS_ATTEMPT] User 'suthan@jobhunt.top' (Role: 'super_admin') attempting to access view: 'dashboard_overview'.
[2025-05-25 04:11:11] [ACCESS_ATTEMPT] User 'suthan@jobhunt.top' (Role: 'super_admin') attempting to access view: 'server_management'.
[2025-05-25 04:11:11] [ACCESS_GRANTED] User 'suthan@jobhunt.top' accessed 'server_management' view.
[2025-05-25 04:18:02] [ACCESS_ATTEMPT] User 'suthan@jobhunt.top' (Role: 'super_admin') attempting to access view: 'server_management'.
[2025-05-25 04:18:02] [ACCESS_GRANTED] User 'suthan@jobhunt.top' accessed 'server_management' view.
[2025-05-25 04:33:44] [ACCESS_ATTEMPT] User 'suthan@jobhunt.top' (Role: 'super_admin') attempting to access view: 'server_management'.
[2025-05-25 04:33:44] [ACCESS_GRANTED] User 'suthan@jobhunt.top' accessed 'server_management' view.
[2025-05-25 04:40:51] [ACCESS_ATTEMPT] User 'suthan@jobhunt.top' (Role: 'super_admin') attempting to access view: 'server_management'.
[2025-05-25 04:40:51] [ACCESS_GRANTED] User 'suthan@jobhunt.top' accessed 'server_management' view.
[2025-05-25 04:46:02] [ACCESS_ATTEMPT] User 'suthan@jobhunt.top' (Role: 'super_admin') attempting to access view: 'server_management'.
[2025-05-25 04:46:02] [ACCESS_GRANTED] User 'suthan@jobhunt.top' accessed 'server_management' view.
[2025-05-25 04:55:13] [ACCESS_ATTEMPT] User 'suthan@jobhunt.top' (Role: 'super_admin') attempting to access view: 'server_management'.
[2025-05-25 04:55:13] [ACCESS_GRANTED] User 'suthan@jobhunt.top' accessed 'server_management' view.
[2025-05-25 04:55:20] [ACCESS_ATTEMPT] User 'suthan@jobhunt.top' (Role: 'super_admin') attempting to access view: 'server_management'.
[2025-05-25 04:55:20] [ACCESS_GRANTED] User 'suthan@jobhunt.top' accessed 'server_management' view.
[2025-05-25 04:55:21] [ACCESS_ATTEMPT] User 'suthan@jobhunt.top' (Role: 'super_admin') attempting to access view: 'server_management'.
[2025-05-25 04:55:21] [ACCESS_GRANTED] User 'suthan@jobhunt.top' accessed 'server_management' view.
[2025-05-25 04:55:21] [ACCESS_ATTEMPT] User 'suthan@jobhunt.top' (Role: 'super_admin') attempting to access view: 'server_management'.
[2025-05-25 04:55:21] [ACCESS_GRANTED] User 'suthan@jobhunt.top' accessed 'server_management' view.
[2025-05-25 05:24:51] [ACCESS_ATTEMPT] User 'suthan@jobhunt.top' (Role: 'super_admin') attempting to access view: 'server_management'.
[2025-05-25 05:24:51] [ACCESS_GRANTED] User 'suthan@jobhunt.top' accessed 'server_management' view.
[2025-05-25 06:15:33] [ACCESS_ATTEMPT] User 'suthan@jobhunt.top' (Role: 'super_admin') attempting to access view: 'server_management'.
[2025-05-25 06:15:33] [ACCESS_GRANTED] User 'suthan@jobhunt.top' accessed 'server_management' view.
[2025-05-25 06:15:39] [ACCESS_ATTEMPT] User 'suthan@jobhunt.top' (Role: 'super_admin') attempting to access view: 'server_management'.
[2025-05-25 06:15:39] [ACCESS_GRANTED] User 'suthan@jobhunt.top' accessed 'server_management' view.
[2025-05-25 06:15:42] [ACCESS_ATTEMPT] User 'suthan@jobhunt.top' (Role: 'super_admin') attempting to access view: 'server_management'.
[2025-05-25 06:15:42] [ACCESS_GRANTED] User 'suthan@jobhunt.top' accessed 'server_management' view.
[2025-05-25 06:15:44] [ACCESS_ATTEMPT] User 'suthan@jobhunt.top' (Role: 'super_admin') attempting to access view: 'manage_users'.
[2025-05-25 06:15:44] [ACCESS_GRANTED] User 'suthan@jobhunt.top' accessed 'manage_users' view.
[2025-05-25 06:15:46] [ACCESS_ATTEMPT] User 'suthan@jobhunt.top' (Role: 'super_admin') attempting to access view: 'server_management'.
[2025-05-25 06:15:46] [ACCESS_GRANTED] User 'suthan@jobhunt.top' accessed 'server_management' view.
[2025-05-25 06:19:42] [ACCESS_ATTEMPT] User 'suthan@jobhunt.top' (Role: 'super_admin') attempting to access view: 'server_management'.
[2025-05-25 06:19:42] [ACCESS_GRANTED] User 'suthan@jobhunt.top' accessed 'server_management' view.
[2025-05-25 06:19:44] [ACCESS_ATTEMPT] User 'suthan@jobhunt.top' (Role: 'super_admin') attempting to access view: 'server_management'.
[2025-05-25 06:19:44] [ACCESS_GRANTED] User 'suthan@jobhunt.top' accessed 'server_management' view.
[2025-05-25 06:21:56] [ACCESS_ATTEMPT] User 'suthan@jobhunt.top' (Role: 'super_admin') attempting to access view: 'server_management'.
[2025-05-25 06:21:56] [ACCESS_GRANTED] User 'suthan@jobhunt.top' accessed 'server_management' view.
[2025-05-25 06:22:00] [ACCESS_ATTEMPT] User 'suthan@jobhunt.top' (Role: 'super_admin') attempting to access view: 'server_management'.
[2025-05-25 06:22:00] [ACCESS_GRANTED] User 'suthan@jobhunt.top' accessed 'server_management' view.
[2025-05-25 06:22:16] [ACCESS_ATTEMPT] User 'suthan@jobhunt.top' (Role: 'super_admin') attempting to access view: 'server_management'.
[2025-05-25 06:22:16] [ACCESS_GRANTED] User 'suthan@jobhunt.top' accessed 'server_management' view.
[2025-05-25 06:27:56] [ACCESS_ATTEMPT] User 'suthan@jobhunt.top' (Role: 'super_admin') attempting to access view: 'server_management'.
[2025-05-25 06:27:56] [ACCESS_GRANTED] User 'suthan@jobhunt.top' accessed 'server_management' view.
[2025-05-25 06:28:00] [ACCESS_ATTEMPT] User 'suthan@jobhunt.top' (Role: 'super_admin') attempting to access view: 'whatsapp_profile'.
[2025-05-25 06:28:00] [INVALID_VIEW_ERROR] User 'suthan@jobhunt.top' attempted to access invalid view: 'whatsapp_profile'.
[2025-05-25 06:30:21] [ACCESS_ATTEMPT] User 'suthan@jobhunt.top' (Role: 'super_admin') attempting to access view: 'whatsapp_profile'.
[2025-05-25 06:30:21] [ACCESS_GRANTED] User 'suthan@jobhunt.top' accessed 'whatsapp_profile' view.
[2025-05-25 06:46:44] [ACCESS_ATTEMPT] User 'suthan@jobhunt.top' (Role: 'super_admin') attempting to access view: 'whatsapp_profile'.
[2025-05-25 06:46:44] [ACCESS_GRANTED] User 'suthan@jobhunt.top' accessed 'whatsapp_profile' view.
[2025-05-25 06:52:50] [ACCESS_ATTEMPT] User 'suthan@jobhunt.top' (Role: 'super_admin') attempting to access view: 'whatsapp_profile'.
[2025-05-25 06:52:50] [ACCESS_GRANTED] User 'suthan@jobhunt.top' accessed 'whatsapp_profile' view.
[2025-05-25 06:58:20] [ACCESS_ATTEMPT] User 'suthan@jobhunt.top' (Role: 'super_admin') attempting to access view: 'whatsapp_profile'.
[2025-05-25 06:58:20] [ACCESS_GRANTED] User 'suthan@jobhunt.top' accessed 'whatsapp_profile' view.
[2025-05-25 07:03:19] [ACCESS_ATTEMPT] User 'suthan@jobhunt.top' (Role: 'super_admin') attempting to access view: 'whatsapp_profile'.
[2025-05-25 07:03:19] [ACCESS_GRANTED] User 'suthan@jobhunt.top' accessed 'whatsapp_profile' view.
[2025-05-25 07:05:43] [ACCESS_ATTEMPT] User 'suthan@jobhunt.top' (Role: 'super_admin') attempting to access view: 'whatsapp_profile'.
[2025-05-25 07:05:43] [ACCESS_GRANTED] User 'suthan@jobhunt.top' accessed 'whatsapp_profile' view.
[2025-05-25 07:08:36] [ACCESS_ATTEMPT] User 'suthan@jobhunt.top' (Role: 'super_admin') attempting to access view: 'whatsapp_profile'.
[2025-05-25 07:08:36] [ACCESS_GRANTED] User 'suthan@jobhunt.top' accessed 'whatsapp_profile' view.
[2025-05-25 07:08:37] [ACCESS_ATTEMPT] User 'suthan@jobhunt.top' (Role: 'super_admin') attempting to access view: 'whatsapp_profile'.
[2025-05-25 07:08:37] [ACCESS_GRANTED] User 'suthan@jobhunt.top' accessed 'whatsapp_profile' view.
[2025-05-25 07:08:37] [ACCESS_ATTEMPT] User 'suthan@jobhunt.top' (Role: 'super_admin') attempting to access view: 'whatsapp_profile'.
[2025-05-25 07:08:37] [ACCESS_GRANTED] User 'suthan@jobhunt.top' accessed 'whatsapp_profile' view.
[2025-05-25 07:12:15] [ACCESS_ATTEMPT] User 'suthan@jobhunt.top' (Role: 'super_admin') attempting to access view: 'whatsapp_profile'.
[2025-05-25 07:12:15] [ACCESS_GRANTED] User 'suthan@jobhunt.top' accessed 'whatsapp_profile' view.
[2025-05-25 07:12:18] [ACCESS_ATTEMPT] User 'suthan@jobhunt.top' (Role: 'super_admin') attempting to access view: 'dashboard_overview'.
[2025-05-25 07:12:21] [ACCESS_ATTEMPT] User 'suthan@jobhunt.top' (Role: 'super_admin') attempting to access view: 'whatsapp_profile'.
[2025-05-25 07:12:21] [ACCESS_GRANTED] User 'suthan@jobhunt.top' accessed 'whatsapp_profile' view.
[2025-05-25 07:16:03] [ACCESS_ATTEMPT] User 'suthan@jobhunt.top' (Role: 'super_admin') attempting to access view: 'whatsapp_profile'.
[2025-05-25 07:16:03] [ACCESS_GRANTED] User 'suthan@jobhunt.top' accessed 'whatsapp_profile' view.
[2025-05-25 07:16:04] [ACCESS_ATTEMPT] User 'suthan@jobhunt.top' (Role: 'super_admin') attempting to access view: 'whatsapp_profile'.
[2025-05-25 07:16:04] [ACCESS_GRANTED] User 'suthan@jobhunt.top' accessed 'whatsapp_profile' view.
[2025-05-25 07:16:07] [ACCESS_ATTEMPT] User 'suthan@jobhunt.top' (Role: 'super_admin') attempting to access view: 'profile'.
[2025-05-25 07:16:07] [ACCESS_GRANTED] User 'suthan@jobhunt.top' accessed 'profile' view.
[2025-05-25 07:16:10] [ACCESS_ATTEMPT] User 'suthan@jobhunt.top' (Role: 'super_admin') attempting to access view: 'whatsapp_profile'.
[2025-05-25 07:16:10] [ACCESS_GRANTED] User 'suthan@jobhunt.top' accessed 'whatsapp_profile' view.
[2025-05-25 07:16:12] [ACCESS_ATTEMPT] User 'suthan@jobhunt.top' (Role: 'super_admin') attempting to access view: 'manage_users'.
[2025-05-25 07:16:12] [ACCESS_GRANTED] User 'suthan@jobhunt.top' accessed 'manage_users' view.
[2025-05-25 07:16:14] [ACCESS_ATTEMPT] User 'suthan@jobhunt.top' (Role: 'super_admin') attempting to access view: 'server_management'.
[2025-05-25 07:16:14] [ACCESS_GRANTED] User 'suthan@jobhunt.top' accessed 'server_management' view.
[2025-05-25 07:16:18] [ACCESS_ATTEMPT] User 'suthan@jobhunt.top' (Role: 'super_admin') attempting to access view: 'whatsapp_profile'.
[2025-05-25 07:16:18] [ACCESS_GRANTED] User 'suthan@jobhunt.top' accessed 'whatsapp_profile' view.
[2025-05-25 07:18:18] [ACCESS_ATTEMPT] User 'suthan@jobhunt.top' (Role: 'super_admin') attempting to access view: 'whatsapp_profile'.
[2025-05-25 07:18:18] [ACCESS_GRANTED] User 'suthan@jobhunt.top' accessed 'whatsapp_profile' view.
[2025-05-25 07:20:17] [ACCESS_ATTEMPT] User 'suthan@jobhunt.top' (Role: 'super_admin') attempting to access view: 'whatsapp_profile'.
[2025-05-25 07:20:17] [ACCESS_GRANTED] User 'suthan@jobhunt.top' accessed 'whatsapp_profile' view.
[2025-05-25 07:23:22] [ACCESS_ATTEMPT] User 'suthan@jobhunt.top' (Role: 'super_admin') attempting to access view: 'whatsapp_profile'.
[2025-05-25 07:23:22] [ACCESS_GRANTED] User 'suthan@jobhunt.top' accessed 'whatsapp_profile' view.
[2025-05-25 07:23:23] [ACCESS_ATTEMPT] User 'suthan@jobhunt.top' (Role: 'super_admin') attempting to access view: 'whatsapp_profile'.
[2025-05-25 07:23:23] [ACCESS_GRANTED] User 'suthan@jobhunt.top' accessed 'whatsapp_profile' view.
[2025-05-25 07:23:23] [ACCESS_ATTEMPT] User 'suthan@jobhunt.top' (Role: 'super_admin') attempting to access view: 'whatsapp_profile'.
[2025-05-25 07:23:23] [ACCESS_GRANTED] User 'suthan@jobhunt.top' accessed 'whatsapp_profile' view.
[2025-05-25 07:25:16] [ACCESS_ATTEMPT] User 'suthan@jobhunt.top' (Role: 'super_admin') attempting to access view: 'whatsapp_profile'.
[2025-05-25 07:25:16] [ACCESS_GRANTED] User 'suthan@jobhunt.top' accessed 'whatsapp_profile' view.
[2025-05-25 07:27:43] [ACCESS_ATTEMPT] User 'suthan@jobhunt.top' (Role: 'super_admin') attempting to access view: 'whatsapp_profile'.
[2025-05-25 07:27:43] [ACCESS_GRANTED] User 'suthan@jobhunt.top' accessed 'whatsapp_profile' view.
[2025-05-25 07:36:46] [ACCESS_ATTEMPT] User 'suthan@jobhunt.top' (Role: 'super_admin') attempting to access view: 'whatsapp_profile'.
[2025-05-25 07:36:46] [ACCESS_GRANTED] User 'suthan@jobhunt.top' accessed 'whatsapp_profile' view.
[2025-05-25 07:41:18] [ACCESS_ATTEMPT] User 'suthan@jobhunt.top' (Role: 'super_admin') attempting to access view: 'whatsapp_profile'.
[2025-05-25 07:41:18] [ACCESS_GRANTED] User 'suthan@jobhunt.top' accessed 'whatsapp_profile' view.
[2025-05-25 07:45:54] [ACCESS_ATTEMPT] User 'suthan@jobhunt.top' (Role: 'super_admin') attempting to access view: 'whatsapp_profile'.
[2025-05-25 07:45:54] [ACCESS_GRANTED] User 'suthan@jobhunt.top' accessed 'whatsapp_profile' view.
[2025-05-25 07:45:57] [ACCESS_ATTEMPT] User 'suthan@jobhunt.top' (Role: 'super_admin') attempting to access view: 'whatsapp_profile'.
[2025-05-25 07:45:57] [ACCESS_GRANTED] User 'suthan@jobhunt.top' accessed 'whatsapp_profile' view.
[2025-05-25 07:46:56] [ACCESS_ATTEMPT] User 'suthan@jobhunt.top' (Role: 'super_admin') attempting to access view: 'whatsapp_profile'.
[2025-05-25 07:46:56] [ACCESS_GRANTED] User 'suthan@jobhunt.top' accessed 'whatsapp_profile' view.
[2025-05-25 08:04:05] [AUTH_SUCCESS] User 'suthan@jobhunt.top' logged in successfully. Role: 'super_admin'.
[2025-05-25 08:04:05] [ACCESS_ATTEMPT] User 'suthan@jobhunt.top' (Role: 'super_admin') attempting to access view: 'dashboard_overview'.
[2025-05-25 08:04:09] [ACCESS_ATTEMPT] User 'suthan@jobhunt.top' (Role: 'super_admin') attempting to access view: 'whatsapp_profile'.
[2025-05-25 08:04:09] [ACCESS_GRANTED] User 'suthan@jobhunt.top' accessed 'whatsapp_profile' view.
[2025-05-25 08:15:07] [ACCESS_ATTEMPT] User 'suthan@jobhunt.top' (Role: 'super_admin') attempting to access view: 'whatsapp_profile'.
[2025-05-25 08:15:07] [ACCESS_GRANTED] User 'suthan@jobhunt.top' accessed 'whatsapp_profile' view.
[2025-05-25 08:21:47] [ACCESS_ATTEMPT] User 'suthan@jobhunt.top' (Role: 'super_admin') attempting to access view: 'whatsapp_profile'.
[2025-05-25 08:21:47] [ACCESS_GRANTED] User 'suthan@jobhunt.top' accessed 'whatsapp_profile' view.
[2025-05-25 08:23:27] [ACCESS_ATTEMPT] User 'suthan@jobhunt.top' (Role: 'super_admin') attempting to access view: 'server_management'.
[2025-05-25 08:23:27] [ACCESS_GRANTED] User 'suthan@jobhunt.top' accessed 'server_management' view.
[2025-05-25 08:23:33] [ACCESS_ATTEMPT] User 'suthan@jobhunt.top' (Role: 'super_admin') attempting to access view: 'whatsapp_profile'.
[2025-05-25 08:23:33] [ACCESS_GRANTED] User 'suthan@jobhunt.top' accessed 'whatsapp_profile' view.
[2025-05-25 08:24:24] [ACCESS_ATTEMPT] User 'suthan@jobhunt.top' (Role: 'super_admin') attempting to access view: 'whatsapp_profile'.
[2025-05-25 08:24:24] [ACCESS_GRANTED] User 'suthan@jobhunt.top' accessed 'whatsapp_profile' view.
[2025-05-25 08:24:26] [ACCESS_ATTEMPT] User 'suthan@jobhunt.top' (Role: 'super_admin') attempting to access view: 'whatsapp_profile'.
[2025-05-25 08:24:26] [ACCESS_GRANTED] User 'suthan@jobhunt.top' accessed 'whatsapp_profile' view.
[2025-05-25 08:25:50] [ACCESS_ATTEMPT] User 'suthan@jobhunt.top' (Role: 'super_admin') attempting to access view: 'whatsapp_profile'.
[2025-05-25 08:25:50] [ACCESS_GRANTED] User 'suthan@jobhunt.top' accessed 'whatsapp_profile' view.
[2025-05-25 08:28:18] [ACCESS_ATTEMPT] User 'suthan@jobhunt.top' (Role: 'super_admin') attempting to access view: 'whatsapp_profile'.
[2025-05-25 08:28:18] [ACCESS_GRANTED] User 'suthan@jobhunt.top' accessed 'whatsapp_profile' view.
[2025-05-25 08:32:17] [ACCESS_ATTEMPT] User 'suthan@jobhunt.top' (Role: 'super_admin') attempting to access view: 'whatsapp_profile'.
[2025-05-25 08:32:17] [ACCESS_GRANTED] User 'suthan@jobhunt.top' accessed 'whatsapp_profile' view.
[2025-05-25 08:38:50] [ACCESS_ATTEMPT] User 'suthan@jobhunt.top' (Role: 'super_admin') attempting to access view: 'whatsapp_profile'.
[2025-05-25 08:38:50] [ACCESS_GRANTED] User 'suthan@jobhunt.top' accessed 'whatsapp_profile' view.
[2025-05-25 08:39:06] [ACCESS_ATTEMPT] User 'suthan@jobhunt.top' (Role: 'super_admin') attempting to access view: 'whatsapp_profile'.
[2025-05-25 08:39:06] [ACCESS_GRANTED] User 'suthan@jobhunt.top' accessed 'whatsapp_profile' view.
[2025-05-25 08:41:54] [ACCESS_ATTEMPT] User 'suthan@jobhunt.top' (Role: 'super_admin') attempting to access view: 'whatsapp_profile'.
[2025-05-25 08:41:54] [ACCESS_GRANTED] User 'suthan@jobhunt.top' accessed 'whatsapp_profile' view.
[2025-05-25 08:41:55] [ACCESS_ATTEMPT] User 'suthan@jobhunt.top' (Role: 'super_admin') attempting to access view: 'whatsapp_profile'.
[2025-05-25 08:41:55] [ACCESS_GRANTED] User 'suthan@jobhunt.top' accessed 'whatsapp_profile' view.
[2025-05-25 08:41:56] [ACCESS_ATTEMPT] User 'suthan@jobhunt.top' (Role: 'super_admin') attempting to access view: 'whatsapp_profile'.
[2025-05-25 08:41:57] [ACCESS_GRANTED] User 'suthan@jobhunt.top' accessed 'whatsapp_profile' view.
[2025-05-25 08:41:57] [ACCESS_ATTEMPT] User 'suthan@jobhunt.top' (Role: 'super_admin') attempting to access view: 'whatsapp_profile'.
[2025-05-25 08:41:57] [ACCESS_GRANTED] User 'suthan@jobhunt.top' accessed 'whatsapp_profile' view.
[2025-05-25 08:44:00] [ACCESS_ATTEMPT] User 'suthan@jobhunt.top' (Role: 'super_admin') attempting to access view: 'whatsapp_profile'.
[2025-05-25 08:44:00] [ACCESS_GRANTED] User 'suthan@jobhunt.top' accessed 'whatsapp_profile' view.
[2025-05-25 08:44:38] [ACCESS_ATTEMPT] User 'suthan@jobhunt.top' (Role: 'super_admin') attempting to access view: 'whatsapp_profile'.
[2025-05-25 08:44:38] [ACCESS_GRANTED] User 'suthan@jobhunt.top' accessed 'whatsapp_profile' view.
[2025-05-25 08:51:01] [ACCESS_ATTEMPT] User 'suthan@jobhunt.top' (Role: 'super_admin') attempting to access view: 'whatsapp_profile'.
[2025-05-25 08:51:01] [ACCESS_GRANTED] User 'suthan@jobhunt.top' accessed 'whatsapp_profile' view.
[2025-05-25 08:58:45] [ACCESS_ATTEMPT] User 'suthan@jobhunt.top' (Role: 'super_admin') attempting to access view: 'reported_jobs'.
[2025-05-25 08:58:45] [ACCESS_GRANTED] User 'suthan@jobhunt.top' accessed 'reported_jobs' view.
[2025-05-25 08:58:46] [ACCESS_ATTEMPT] User 'suthan@jobhunt.top' (Role: 'super_admin') attempting to access view: 'manage_jobs'.
[2025-05-25 08:58:49] [ACCESS_ATTEMPT] User 'suthan@jobhunt.top' (Role: 'super_admin') attempting to access view: 'manage_jobs'.
[2025-05-25 08:58:51] [ACCESS_ATTEMPT] User 'suthan@jobhunt.top' (Role: 'super_admin') attempting to access view: 'post_job'.
[2025-05-25 08:59:04] [AI_SUMMARY_SKIP] AI Summary generation skipped for job 'Hari 41': API Key is placeholder or empty.
[2025-05-25 08:59:08] [AI_SUMMARY_SUCCESS] AI summary generated successfully for job 'Hari 41'.
[2025-05-25 08:59:08] [JOB_POST_REVIEW_READY] Job post by 'suthan@jobhunt.top' (Title: 'Hari 41') ready for review. AI Summary generated (length: 1892).
[2025-05-25 08:59:08] [ACCESS_ATTEMPT] User 'suthan@jobhunt.top' (Role: 'super_admin') attempting to access view: 'post_job'.
[2025-05-25 08:59:10] [JOB_POST_SUCCESS] Job ID '1748143750_7990' (Title: 'Hari 41') posted successfully by 'suthan@jobhunt.top'.
[2025-05-25 08:59:10] [AI_IMAGE_ERROR] AI poster image generation FAILED for job ID '1748143750_7990'. Prompt: 'Create a professional and visually appealing poster for a job opening. Job Title: 'Hari 41'. Company: 'Allitson'. Location: ''. Key elements to convey: opportunity, growth, modern workplace. Style: Clean, corporate, with a touch of innovation. Dominant colors: blues, greys, with an accent color like teal or orange. Include abstract representations of collaboration or technology if appropriate. Avoid text clutter.'
[2025-05-25 08:59:10] [ACCESS_ATTEMPT] User 'suthan@jobhunt.top' (Role: 'super_admin') attempting to access view: 'manage_jobs'.
[2025-05-25 08:59:45] [ACCESS_ATTEMPT] User 'suthan@jobhunt.top' (Role: 'super_admin') attempting to access view: 'whatsapp_profile'.
[2025-05-25 08:59:45] [ACCESS_GRANTED] User 'suthan@jobhunt.top' accessed 'whatsapp_profile' view.
[2025-05-25 09:04:21] [ACCESS_ATTEMPT] User 'suthan@jobhunt.top' (Role: 'super_admin') attempting to access view: 'manage_jobs'.
[2025-05-25 09:04:22] [ACCESS_ATTEMPT] User 'suthan@jobhunt.top' (Role: 'super_admin') attempting to access view: 'manage_jobs'.
[2025-05-25 09:04:24] [ACCESS_ATTEMPT] User 'suthan@jobhunt.top' (Role: 'super_admin') attempting to access view: 'post_job'.
[2025-05-25 09:04:40] [AI_SUMMARY_SKIP] AI Summary generation skipped for job 'Hari 0007': API Key is placeholder or empty.
[2025-05-25 09:04:46] [AI_SUMMARY_SUCCESS] AI summary generated successfully for job 'Hari 0007'.
[2025-05-25 09:04:46] [JOB_POST_REVIEW_READY] Job post by 'suthan@jobhunt.top' (Title: 'Hari 0007') ready for review. AI Summary generated (length: 2246).
[2025-05-25 09:04:46] [ACCESS_ATTEMPT] User 'suthan@jobhunt.top' (Role: 'super_admin') attempting to access view: 'post_job'.
[2025-05-25 09:04:48] [JOB_POST_SUCCESS] Job ID '1748144088_4540' (Title: 'Hari 0007') posted successfully by 'suthan@jobhunt.top'.
[2025-05-25 09:11:44] [JOB_POST_SUCCESS] Job ID '1748144504_7402' (Title: 'Hari 0007') posted successfully by 'suthan@jobhunt.top'.
[2025-05-25 09:11:46] [AI_IMAGE_ERROR] AI poster image generation FAILED for job ID '1748144504_7402'. Prompt: 'Create a professional and visually appealing poster for a job opening. Job Title: 'Hari 0007'. Company: 'Allitson'. Location: ''. Key elements to convey: opportunity, growth, modern workplace. Style: Clean, corporate, with a touch of innovation. Dominant colors: blues, greys, with an accent color like teal or orange. Include abstract representations of collaboration or technology if appropriate. Avoid text clutter.'
[2025-05-25 09:11:46] [ACCESS_ATTEMPT] User 'suthan@jobhunt.top' (Role: 'super_admin') attempting to access view: 'manage_jobs'.
[2025-05-25 09:19:53] [ACCESS_ATTEMPT] User 'suthan@jobhunt.top' (Role: 'super_admin') attempting to access view: 'whatsapp_profile'.
[2025-05-25 09:19:53] [ACCESS_GRANTED] User 'suthan@jobhunt.top' accessed 'whatsapp_profile' view.
[2025-05-25 09:21:23] [ACCESS_ATTEMPT] User 'suthan@jobhunt.top' (Role: 'super_admin') attempting to access view: 'manage_jobs'.
[2025-05-25 09:21:25] [ACCESS_ATTEMPT] User 'suthan@jobhunt.top' (Role: 'super_admin') attempting to access view: 'post_job'.
[2025-05-25 09:21:33] [AI_SUMMARY_SKIP] AI Summary generation skipped for job 'Hari 007': API Key is placeholder or empty.
[2025-05-25 09:21:38] [AI_SUMMARY_SUCCESS] AI summary generated successfully for job 'Hari 007'.
[2025-05-25 09:21:38] [JOB_POST_REVIEW_READY] Job post by 'suthan@jobhunt.top' (Title: 'Hari 007') ready for review. AI Summary generated (length: 2003).
[2025-05-25 09:21:38] [ACCESS_ATTEMPT] User 'suthan@jobhunt.top' (Role: 'super_admin') attempting to access view: 'post_job'.
[2025-05-25 09:21:40] [JOB_POST_SUCCESS] Job ID '1748145100_5901' (Title: 'Hari 007') posted successfully by 'suthan@jobhunt.top'.
[2025-05-25 09:21:42] [AI_IMAGE_ERROR] AI poster image generation FAILED for job ID '1748145100_5901'. Prompt: 'Create a professional and visually appealing poster for a job opening. Job Title: 'Hari 007'. Company: 'Allitson'. Location: ''. Key elements to convey: opportunity, growth, modern workplace. Style: Clean, corporate, with a touch of innovation. Dominant colors: blues, greys, with an accent color like teal or orange. Include abstract representations of collaboration or technology if appropriate. Avoid text clutter.'
[2025-05-25 09:21:42] [ACCESS_ATTEMPT] User 'suthan@jobhunt.top' (Role: 'super_admin') attempting to access view: 'manage_jobs'.
[2025-05-25 09:23:27] [ACCESS_ATTEMPT] User 'suthan@jobhunt.top' (Role: 'super_admin') attempting to access view: 'post_job'.
[2025-05-25 09:23:38] [AI_SUMMARY_SKIP] AI Summary generation skipped for job 'Hari07': API Key is placeholder or empty.
[2025-05-25 09:23:42] [AI_SUMMARY_SUCCESS] AI summary generated successfully for job 'Hari07'.
[2025-05-25 09:23:42] [JOB_POST_REVIEW_READY] Job post by 'suthan@jobhunt.top' (Title: 'Hari07') ready for review. AI Summary generated (length: 1796).
[2025-05-25 09:23:42] [ACCESS_ATTEMPT] User 'suthan@jobhunt.top' (Role: 'super_admin') attempting to access view: 'post_job'.
[2025-05-25 09:23:49] [JOB_POST_SUCCESS] Job ID '1748145229_3765' (Title: 'Hari07') posted successfully by 'suthan@jobhunt.top'.
[2025-05-25 09:23:51] [AI_IMAGE_ERROR] AI poster image generation FAILED for job ID '1748145229_3765'. Prompt: 'Create a professional and visually appealing poster for a job opening. Job Title: 'Hari07'. Company: 'Allitson'. Location: ''. Key elements to convey: opportunity, growth, modern workplace. Style: Clean, corporate, with a touch of innovation. Dominant colors: blues, greys, with an accent color like teal or orange. Include abstract representations of collaboration or technology if appropriate. Avoid text clutter.'
[2025-05-25 09:23:51] [ACCESS_ATTEMPT] User 'suthan@jobhunt.top' (Role: 'super_admin') attempting to access view: 'manage_jobs'.
[2025-05-25 09:26:54] [ACCESS_ATTEMPT] User 'suthan@jobhunt.top' (Role: 'super_admin') attempting to access view: 'manage_jobs'.
[2025-05-25 09:26:56] [ACCESS_ATTEMPT] User 'suthan@jobhunt.top' (Role: 'super_admin') attempting to access view: 'post_job'.
[2025-05-25 09:27:04] [AI_SUMMARY_SKIP] AI Summary generation skipped for job 'Hari007': API Key is placeholder or empty.
[2025-05-25 09:27:08] [AI_SUMMARY_SUCCESS] AI summary generated successfully for job 'Hari007'.
[2025-05-25 09:27:08] [JOB_POST_REVIEW_READY] Job post by 'suthan@jobhunt.top' (Title: 'Hari007') ready for review. AI Summary generated (length: 1898).
[2025-05-25 09:27:08] [ACCESS_ATTEMPT] User 'suthan@jobhunt.top' (Role: 'super_admin') attempting to access view: 'post_job'.
[2025-05-25 09:27:11] [JOB_POST_SUCCESS] Job ID '1748145431_6453' (Title: 'Hari007') posted successfully by 'suthan@jobhunt.top'.
[2025-05-25 09:27:14] [AI_IMAGE_ERROR] AI poster image generation FAILED for job ID '1748145431_6453'. Prompt: 'Create a professional and visually appealing poster for a job opening. Job Title: 'Hari007'. Company: 'Allitson'. Location: ''. Key elements to convey: opportunity, growth, modern workplace. Style: Clean, corporate, with a touch of innovation. Dominant colors: blues, greys, with an accent color like teal or orange. Include abstract representations of collaboration or technology if appropriate. Avoid text clutter.'
[2025-05-25 09:27:14] [ACCESS_ATTEMPT] User 'suthan@jobhunt.top' (Role: 'super_admin') attempting to access view: 'manage_jobs'.
[2025-05-25 09:39:27] [ACCESS_ATTEMPT] User 'suthan@jobhunt.top' (Role: 'super_admin') attempting to access view: 'whatsapp_profile'.
[2025-05-25 09:39:27] [ACCESS_GRANTED] User 'suthan@jobhunt.top' accessed 'whatsapp_profile' view.
[2025-05-25 09:41:28] [ACCESS_ATTEMPT] User 'suthan@jobhunt.top' (Role: 'super_admin') attempting to access view: 'whatsapp_profile'.
[2025-05-25 09:41:28] [ACCESS_GRANTED] User 'suthan@jobhunt.top' accessed 'whatsapp_profile' view.
[2025-05-25 09:47:02] [ACCESS_ATTEMPT] User 'suthan@jobhunt.top' (Role: 'super_admin') attempting to access view: 'manage_jobs'.
[2025-05-25 09:47:04] [ACCESS_ATTEMPT] User 'suthan@jobhunt.top' (Role: 'super_admin') attempting to access view: 'post_job'.
[2025-05-25 09:47:12] [AI_SUMMARY_SKIP] AI Summary generation skipped for job '1': API Key is placeholder or empty.
[2025-05-25 09:47:16] [AI_SUMMARY_SUCCESS] AI summary generated successfully for job '1'.
[2025-05-25 09:47:16] [JOB_POST_REVIEW_READY] Job post by 'suthan@jobhunt.top' (Title: '1') ready for review. AI Summary generated (length: 2279).
[2025-05-25 09:47:16] [ACCESS_ATTEMPT] User 'suthan@jobhunt.top' (Role: 'super_admin') attempting to access view: 'post_job'.
[2025-05-25 09:47:18] [JOB_POST_SUCCESS] Job ID '1748146638_1037' (Title: '1') posted successfully by 'suthan@jobhunt.top'.
[2025-05-25 09:47:20] [AI_IMAGE_ERROR] AI poster image generation FAILED for job ID '1748146638_1037'. Prompt: 'Create a professional and visually appealing poster for a job opening. Job Title: '1'. Company: 'Allitson'. Location: ''. Key elements to convey: opportunity, growth, modern workplace. Style: Clean, corporate, with a touch of innovation. Dominant colors: blues, greys, with an accent color like teal or orange. Include abstract representations of collaboration or technology if appropriate. Avoid text clutter.'
[2025-05-25 09:47:20] [ACCESS_ATTEMPT] User 'suthan@jobhunt.top' (Role: 'super_admin') attempting to access view: 'manage_jobs'.
[2025-05-25 09:53:48] [ACCESS_ATTEMPT] User 'suthan@jobhunt.top' (Role: 'super_admin') attempting to access view: 'manage_jobs'.
[2025-05-25 09:53:49] [ACCESS_ATTEMPT] User 'suthan@jobhunt.top' (Role: 'super_admin') attempting to access view: 'post_job'.
[2025-05-25 09:53:58] [AI_SUMMARY_SKIP] AI Summary generation skipped for job '2': API Key is placeholder or empty.
[2025-05-25 09:54:02] [AI_SUMMARY_SUCCESS] AI summary generated successfully for job '2'.
[2025-05-25 09:54:02] [JOB_POST_REVIEW_READY] Job post by 'suthan@jobhunt.top' (Title: '2') ready for review. AI Summary generated (length: 2159).
[2025-05-25 09:54:02] [ACCESS_ATTEMPT] User 'suthan@jobhunt.top' (Role: 'super_admin') attempting to access view: 'post_job'.
[2025-05-25 09:54:04] [JOB_POST_SUCCESS] Job ID '1748147044_3107' (Title: '2') posted successfully by 'suthan@jobhunt.top'.
[2025-05-25 09:54:07] [AI_IMAGE_ERROR] AI poster image generation FAILED for job ID '1748147044_3107'. Prompt: 'Create a professional and visually appealing poster for a job opening. Job Title: '2'. Company: 'Allitson'. Location: ''. Key elements to convey: opportunity, growth, modern workplace. Style: Clean, corporate, with a touch of innovation. Dominant colors: blues, greys, with an accent color like teal or orange. Include abstract representations of collaboration or technology if appropriate. Avoid text clutter.'
[2025-05-25 09:54:07] [ACCESS_ATTEMPT] User 'suthan@jobhunt.top' (Role: 'super_admin') attempting to access view: 'manage_jobs'.
[2025-05-25 09:55:44] [ACCESS_ATTEMPT] User 'suthan@jobhunt.top' (Role: 'super_admin') attempting to access view: 'post_job'.
[2025-05-25 09:55:52] [AI_SUMMARY_SKIP] AI Summary generation skipped for job '3': API Key is placeholder or empty.
[2025-05-25 09:55:56] [AI_SUMMARY_SUCCESS] AI summary generated successfully for job '3'.
[2025-05-25 09:55:56] [JOB_POST_REVIEW_READY] Job post by 'suthan@jobhunt.top' (Title: '3') ready for review. AI Summary generated (length: 2079).
[2025-05-25 09:55:56] [ACCESS_ATTEMPT] User 'suthan@jobhunt.top' (Role: 'super_admin') attempting to access view: 'post_job'.
[2025-05-25 09:56:18] [JOB_POST_SUCCESS] Job ID '1748147178_9135' (Title: '3') posted successfully by 'suthan@jobhunt.top'.
[2025-05-25 09:56:20] [AI_IMAGE_ERROR] AI poster image generation FAILED for job ID '1748147178_9135'. Prompt: 'Create a professional and visually appealing poster for a job opening. Job Title: '3'. Company: 'Etisalat'. Location: ''. Key elements to convey: opportunity, growth, modern workplace. Style: Clean, corporate, with a touch of innovation. Dominant colors: blues, greys, with an accent color like teal or orange. Include abstract representations of collaboration or technology if appropriate. Avoid text clutter.'
[2025-05-25 09:56:20] [ACCESS_ATTEMPT] User 'suthan@jobhunt.top' (Role: 'super_admin') attempting to access view: 'manage_jobs'.
[2025-05-25 09:56:57] [ACCESS_ATTEMPT] User 'suthan@jobhunt.top' (Role: 'super_admin') attempting to access view: 'post_job'.
[2025-05-25 09:57:05] [AI_SUMMARY_SKIP] AI Summary generation skipped for job '4': API Key is placeholder or empty.
[2025-05-25 09:57:09] [AI_SUMMARY_SUCCESS] AI summary generated successfully for job '4'.
[2025-05-25 09:57:09] [JOB_POST_REVIEW_READY] Job post by 'suthan@jobhunt.top' (Title: '4') ready for review. AI Summary generated (length: 1960).
[2025-05-25 09:57:09] [ACCESS_ATTEMPT] User 'suthan@jobhunt.top' (Role: 'super_admin') attempting to access view: 'post_job'.
[2025-05-25 09:57:11] [JOB_POST_SUCCESS] Job ID '1748147231_4471' (Title: '4') posted successfully by 'suthan@jobhunt.top'.
[2025-05-25 09:57:13] [AI_IMAGE_ERROR] AI poster image generation FAILED for job ID '1748147231_4471'. Prompt: 'Create a professional and visually appealing poster for a job opening. Job Title: '4'. Company: 'Etisalat'. Location: ''. Key elements to convey: opportunity, growth, modern workplace. Style: Clean, corporate, with a touch of innovation. Dominant colors: blues, greys, with an accent color like teal or orange. Include abstract representations of collaboration or technology if appropriate. Avoid text clutter.'
[2025-05-25 09:57:13] [ACCESS_ATTEMPT] User 'suthan@jobhunt.top' (Role: 'super_admin') attempting to access view: 'manage_jobs'.
[2025-05-25 09:57:23] [ACCESS_ATTEMPT] User 'suthan@jobhunt.top' (Role: 'super_admin') attempting to access view: 'manage_jobs'.
[2025-05-25 10:02:31] [ACCESS_ATTEMPT] User 'suthan@jobhunt.top' (Role: 'super_admin') attempting to access view: 'manage_jobs'.
[2025-05-25 10:02:33] [ACCESS_ATTEMPT] User 'suthan@jobhunt.top' (Role: 'super_admin') attempting to access view: 'post_job'.
[2025-05-25 10:02:42] [AI_SUMMARY_SKIP] AI Summary generation skipped for job '5': API Key is placeholder or empty.
[2025-05-25 10:02:46] [AI_SUMMARY_SUCCESS] AI summary generated successfully for job '5'.
[2025-05-25 10:02:46] [JOB_POST_REVIEW_READY] Job post by 'suthan@jobhunt.top' (Title: '5') ready for review. AI Summary generated (length: 2111).
[2025-05-25 10:02:46] [ACCESS_ATTEMPT] User 'suthan@jobhunt.top' (Role: 'super_admin') attempting to access view: 'post_job'.
[2025-05-25 10:02:48] [JOB_POST_SUCCESS] Job ID '1748147568_1135' (Title: '5') posted successfully by 'suthan@jobhunt.top'.
[2025-05-25 10:02:50] [AI_IMAGE_ERROR] AI poster image generation FAILED for job ID '1748147568_1135'. Prompt: 'Create a professional and visually appealing poster for a job opening. Job Title: '5'. Company: 'Etisalat'. Location: ''. Key elements to convey: opportunity, growth, modern workplace. Style: Clean, corporate, with a touch of innovation. Dominant colors: blues, greys, with an accent color like teal or orange. Include abstract representations of collaboration or technology if appropriate. Avoid text clutter.'
[2025-05-25 10:02:50] [ACCESS_ATTEMPT] User 'suthan@jobhunt.top' (Role: 'super_admin') attempting to access view: 'manage_jobs'.
[2025-05-25 10:11:50] [ACCESS_ATTEMPT] User 'suthan@jobhunt.top' (Role: 'super_admin') attempting to access view: 'post_job'.
[2025-05-25 10:11:52] [ACCESS_ATTEMPT] User 'suthan@jobhunt.top' (Role: 'super_admin') attempting to access view: 'post_job'.
[2025-05-25 10:11:59] [AI_SUMMARY_SKIP] AI Summary generation skipped for job '6': API Key is placeholder or empty.
[2025-05-25 10:12:03] [AI_SUMMARY_SUCCESS] AI summary generated successfully for job '6'.
[2025-05-25 10:12:03] [JOB_POST_REVIEW_READY] Job post by 'suthan@jobhunt.top' (Title: '6') ready for review. AI Summary generated (length: 2280).
[2025-05-25 10:12:03] [ACCESS_ATTEMPT] User 'suthan@jobhunt.top' (Role: 'super_admin') attempting to access view: 'post_job'.
[2025-05-25 10:12:07] [JOB_POST_SUCCESS] Job ID '1748148127_2553' (Title: '6') posted successfully by 'suthan@jobhunt.top'.
[2025-05-25 10:12:09] [AI_IMAGE_ERROR] AI poster image generation FAILED for job ID '1748148127_2553'. Prompt: 'Create a professional and visually appealing poster for a job opening. Job Title: '6'. Company: 'Etisalat'. Location: ''. Key elements to convey: opportunity, growth, modern workplace. Style: Clean, corporate, with a touch of innovation. Dominant colors: blues, greys, with an accent color like teal or orange. Include abstract representations of collaboration or technology if appropriate. Avoid text clutter.'
[2025-05-25 10:12:09] [ACCESS_ATTEMPT] User 'suthan@jobhunt.top' (Role: 'super_admin') attempting to access view: 'manage_jobs'.
[2025-05-25 10:12:22] [ACCESS_ATTEMPT] User 'suthan@jobhunt.top' (Role: 'super_admin') attempting to access view: 'logs'.
[2025-05-25 10:12:22] [ACCESS_GRANTED] User 'suthan@jobhunt.top' accessed 'logs' view.
[2025-05-25 10:12:32] [ACCESS_ATTEMPT] User 'suthan@jobhunt.top' (Role: 'super_admin') attempting to access view: 'logs'.
[2025-05-25 10:12:42] [ACCESS_ATTEMPT] User 'suthan@jobhunt.top' (Role: 'super_admin') attempting to access view: 'logs'.
[2025-05-25 10:12:52] [ACCESS_ATTEMPT] User 'suthan@jobhunt.top' (Role: 'super_admin') attempting to access view: 'logs'.
[2025-05-25 10:13:02] [ACCESS_ATTEMPT] User 'suthan@jobhunt.top' (Role: 'super_admin') attempting to access view: 'logs'.
[2025-05-25 10:13:12] [ACCESS_ATTEMPT] User 'suthan@jobhunt.top' (Role: 'super_admin') attempting to access view: 'logs'.
[2025-05-25 10:13:22] [ACCESS_ATTEMPT] User 'suthan@jobhunt.top' (Role: 'super_admin') attempting to access view: 'logs'.
[2025-05-25 10:13:28] [ACCESS_ATTEMPT] User 'suthan@jobhunt.top' (Role: 'super_admin') attempting to access view: 'manage_jobs'.
[2025-05-25 10:16:48] [ACCESS_ATTEMPT] User 'suthan@jobhunt.top' (Role: 'super_admin') attempting to access view: 'manage_jobs'.
[2025-05-25 10:16:52] [ACCESS_ATTEMPT] User 'suthan@jobhunt.top' (Role: 'super_admin') attempting to access view: 'post_job'.
[2025-05-25 10:17:00] [AI_SUMMARY_SKIP] AI Summary generation skipped for job '7': API Key is placeholder or empty.
[2025-05-25 10:17:05] [AI_SUMMARY_SUCCESS] AI summary generated successfully for job '7'.
[2025-05-25 10:17:05] [JOB_POST_REVIEW_READY] Job post by 'suthan@jobhunt.top' (Title: '7') ready for review. AI Summary generated (length: 2139).
[2025-05-25 10:17:05] [ACCESS_ATTEMPT] User 'suthan@jobhunt.top' (Role: 'super_admin') attempting to access view: 'post_job'.
[2025-05-25 10:17:07] [JOB_POST_SUCCESS] Job ID '1748148427_4581' (Title: '7') posted successfully by 'suthan@jobhunt.top'.
[2025-05-25 10:17:09] [AI_IMAGE_ERROR] AI poster image generation FAILED for job ID '1748148427_4581'. Prompt: 'Create a professional and visually appealing poster for a job opening. Job Title: '7'. Company: 'Etisalat'. Location: 'Nagercoil'. Key elements to convey: opportunity, growth, modern workplace. Style: Clean, corporate, with a touch of innovation. Dominant colors: blues, greys, with an accent color like teal or orange. Include abstract representations of collaboration or technology if appropriate. Avoid text clutter.'
[2025-05-25 10:17:09] [ACCESS_ATTEMPT] User 'suthan@jobhunt.top' (Role: 'super_admin') attempting to access view: 'manage_jobs'.
[2025-05-25 10:17:42] [ACCESS_ATTEMPT] User 'suthan@jobhunt.top' (Role: 'super_admin') attempting to access view: 'manage_jobs'.
[2025-05-25 10:17:56] [ACCESS_ATTEMPT] User 'suthan@jobhunt.top' (Role: 'super_admin') attempting to access view: 'whatsapp_profile'.
[2025-05-25 10:17:56] [ACCESS_GRANTED] User 'suthan@jobhunt.top' accessed 'whatsapp_profile' view.
[2025-05-25 10:19:06] [ACCESS_ATTEMPT] User 'suthan@jobhunt.top' (Role: 'super_admin') attempting to access view: 'manage_jobs'.
[2025-05-25 10:19:08] [ACCESS_ATTEMPT] User 'suthan@jobhunt.top' (Role: 'super_admin') attempting to access view: 'post_job'.
[2025-05-25 10:19:14] [AI_SUMMARY_SKIP] AI Summary generation skipped for job '8': API Key is placeholder or empty.
[2025-05-25 10:19:17] [AI_SUMMARY_SUCCESS] AI summary generated successfully for job '8'.
[2025-05-25 10:19:17] [JOB_POST_REVIEW_READY] Job post by 'suthan@jobhunt.top' (Title: '8') ready for review. AI Summary generated (length: 1630).
[2025-05-25 10:19:17] [ACCESS_ATTEMPT] User 'suthan@jobhunt.top' (Role: 'super_admin') attempting to access view: 'post_job'.
[2025-05-25 10:19:19] [JOB_POST_SUCCESS] Job ID '1748148559_1664' (Title: '8') posted successfully by 'suthan@jobhunt.top'.
[2025-05-25 10:19:21] [AI_IMAGE_ERROR] AI poster image generation FAILED for job ID '1748148559_1664'. Prompt: 'Create a professional and visually appealing poster for a job opening. Job Title: '8'. Company: 'Etisalat'. Location: 'Nagercoil'. Key elements to convey: opportunity, growth, modern workplace. Style: Clean, corporate, with a touch of innovation. Dominant colors: blues, greys, with an accent color like teal or orange. Include abstract representations of collaboration or technology if appropriate. Avoid text clutter.'
[2025-05-25 10:19:21] [ACCESS_ATTEMPT] User 'suthan@jobhunt.top' (Role: 'super_admin') attempting to access view: 'manage_jobs'.
[2025-05-25 10:20:50] [ACCESS_ATTEMPT] User 'suthan@jobhunt.top' (Role: 'super_admin') attempting to access view: 'whatsapp_profile'.
[2025-05-25 10:20:50] [ACCESS_GRANTED] User 'suthan@jobhunt.top' accessed 'whatsapp_profile' view.
[2025-05-25 10:21:50] [ACCESS_ATTEMPT] User 'suthan@jobhunt.top' (Role: 'super_admin') attempting to access view: 'manage_jobs'.
[2025-05-25 10:21:52] [ACCESS_ATTEMPT] User 'suthan@jobhunt.top' (Role: 'super_admin') attempting to access view: 'post_job'.
[2025-05-25 10:22:01] [AI_SUMMARY_SKIP] AI Summary generation skipped for job '9': API Key is placeholder or empty.
[2025-05-25 10:22:06] [AI_SUMMARY_SUCCESS] AI summary generated successfully for job '9'.
[2025-05-25 10:22:06] [JOB_POST_REVIEW_READY] Job post by 'suthan@jobhunt.top' (Title: '9') ready for review. AI Summary generated (length: 2228).
[2025-05-25 10:22:06] [ACCESS_ATTEMPT] User 'suthan@jobhunt.top' (Role: 'super_admin') attempting to access view: 'post_job'.
[2025-05-25 10:22:08] [JOB_POST_SUCCESS] Job ID '1748148728_9268' (Title: '9') posted successfully by 'suthan@jobhunt.top'.
[2025-05-25 10:22:10] [AI_IMAGE_ERROR] AI poster image generation FAILED for job ID '1748148728_9268'. Prompt: 'Create a professional and visually appealing poster for a job opening. Job Title: '9'. Company: 'Etisalat'. Location: ''. Key elements to convey: opportunity, growth, modern workplace. Style: Clean, corporate, with a touch of innovation. Dominant colors: blues, greys, with an accent color like teal or orange. Include abstract representations of collaboration or technology if appropriate. Avoid text clutter.'
[2025-05-25 10:22:10] [ACCESS_ATTEMPT] User 'suthan@jobhunt.top' (Role: 'super_admin') attempting to access view: 'manage_jobs'.
[2025-05-25 10:22:59] [ACCESS_ATTEMPT] User 'suthan@jobhunt.top' (Role: 'super_admin') attempting to access view: 'whatsapp_profile'.
[2025-05-25 10:22:59] [ACCESS_GRANTED] User 'suthan@jobhunt.top' accessed 'whatsapp_profile' view.
[2025-05-25 10:24:29] [ACCESS_ATTEMPT] User 'suthan@jobhunt.top' (Role: 'super_admin') attempting to access view: 'manage_jobs'.
[2025-05-25 10:24:31] [ACCESS_ATTEMPT] User 'suthan@jobhunt.top' (Role: 'super_admin') attempting to access view: 'post_job'.
[2025-05-25 10:24:39] [AI_SUMMARY_SKIP] AI Summary generation skipped for job '10': API Key is placeholder or empty.
[2025-05-25 10:24:44] [AI_SUMMARY_SUCCESS] AI summary generated successfully for job '10'.
[2025-05-25 10:24:44] [JOB_POST_REVIEW_READY] Job post by 'suthan@jobhunt.top' (Title: '10') ready for review. AI Summary generated (length: 2594).
[2025-05-25 10:24:44] [ACCESS_ATTEMPT] User 'suthan@jobhunt.top' (Role: 'super_admin') attempting to access view: 'post_job'.
[2025-05-25 10:24:49] [JOB_POST_SUCCESS] Job ID '1748148889_1312' (Title: '10') posted successfully by 'suthan@jobhunt.top'.
[2025-05-25 10:24:51] [AI_IMAGE_ERROR] AI poster image generation FAILED for job ID '1748148889_1312'. Prompt: 'Create a professional and visually appealing poster for a job opening. Job Title: '10'. Company: 'Etisalat'. Location: ''. Key elements to convey: opportunity, growth, modern workplace. Style: Clean, corporate, with a touch of innovation. Dominant colors: blues, greys, with an accent color like teal or orange. Include abstract representations of collaboration or technology if appropriate. Avoid text clutter.'
[2025-05-25 10:24:51] [ACCESS_ATTEMPT] User 'suthan@jobhunt.top' (Role: 'super_admin') attempting to access view: 'manage_jobs'.
[2025-05-25 10:30:13] [ACCESS_ATTEMPT] User 'suthan@jobhunt.top' (Role: 'super_admin') attempting to access view: 'manage_jobs'.
[2025-05-25 10:30:14] [ACCESS_ATTEMPT] User 'suthan@jobhunt.top' (Role: 'super_admin') attempting to access view: 'post_job'.
[2025-05-25 10:30:20] [AI_SUMMARY_SKIP] AI Summary generation skipped for job '11': API Key is placeholder or empty.
[2025-05-25 10:30:25] [AI_SUMMARY_SUCCESS] AI summary generated successfully for job '11'.
[2025-05-25 10:30:25] [JOB_POST_REVIEW_READY] Job post by 'suthan@jobhunt.top' (Title: '11') ready for review. AI Summary generated (length: 2477).
[2025-05-25 10:30:25] [ACCESS_ATTEMPT] User 'suthan@jobhunt.top' (Role: 'super_admin') attempting to access view: 'post_job'.
[2025-05-25 10:30:27] [JOB_POST_SUCCESS] Job ID '1748149227_9238' (Title: '11') posted successfully by 'suthan@jobhunt.top'.
[2025-05-25 10:30:29] [AI_IMAGE_ERROR] AI poster image generation FAILED for job ID '1748149227_9238'. Prompt: 'Create a professional and visually appealing poster for a job opening. Job Title: '11'. Company: 'Etisalat'. Location: ''. Key elements to convey: opportunity, growth, modern workplace. Style: Clean, corporate, with a touch of innovation. Dominant colors: blues, greys, with an accent color like teal or orange. Include abstract representations of collaboration or technology if appropriate. Avoid text clutter.'
[2025-05-25 10:30:29] [ACCESS_ATTEMPT] User 'suthan@jobhunt.top' (Role: 'super_admin') attempting to access view: 'manage_jobs'.
[2025-05-25 10:35:36] [ACCESS_ATTEMPT] User 'suthan@jobhunt.top' (Role: 'super_admin') attempting to access view: 'manage_jobs'.
[2025-05-25 10:35:38] [ACCESS_ATTEMPT] User 'suthan@jobhunt.top' (Role: 'super_admin') attempting to access view: 'post_job'.
[2025-05-25 10:35:45] [AI_SUMMARY_SKIP] AI Summary generation skipped for job '12': API Key is placeholder or empty.
[2025-05-25 10:35:50] [AI_SUMMARY_SUCCESS] AI summary generated successfully for job '12'.
[2025-05-25 10:35:50] [JOB_POST_REVIEW_READY] Job post by 'suthan@jobhunt.top' (Title: '12') ready for review. AI Summary generated (length: 2139).
[2025-05-25 10:35:50] [ACCESS_ATTEMPT] User 'suthan@jobhunt.top' (Role: 'super_admin') attempting to access view: 'post_job'.
[2025-05-25 10:35:51] [JOB_POST_SUCCESS] Job ID '1748149551_4708' (Title: '12') posted successfully by 'suthan@jobhunt.top'.
[2025-05-25 10:35:53] [AI_IMAGE_ERROR] AI poster image generation FAILED for job ID '1748149551_4708'. Prompt: 'Create a professional and visually appealing poster for a job opening. Job Title: '12'. Company: 'Allitson'. Location: ''. Key elements to convey: opportunity, growth, modern workplace. Style: Clean, corporate, with a touch of innovation. Dominant colors: blues, greys, with an accent color like teal or orange. Include abstract representations of collaboration or technology if appropriate. Avoid text clutter.'
[2025-05-25 10:35:53] [ACCESS_ATTEMPT] User 'suthan@jobhunt.top' (Role: 'super_admin') attempting to access view: 'manage_jobs'.
[2025-05-25 10:36:35] [ACCESS_ATTEMPT] User 'suthan@jobhunt.top' (Role: 'super_admin') attempting to access view: 'whatsapp_profile'.
[2025-05-25 10:36:35] [ACCESS_GRANTED] User 'suthan@jobhunt.top' accessed 'whatsapp_profile' view.
[2025-05-25 10:37:29] [ACCESS_ATTEMPT] User 'suthan@jobhunt.top' (Role: 'super_admin') attempting to access view: 'manage_jobs'.
[2025-05-25 10:37:32] [ACCESS_ATTEMPT] User 'suthan@jobhunt.top' (Role: 'super_admin') attempting to access view: 'post_job'.
[2025-05-25 10:37:47] [AI_SUMMARY_SKIP] AI Summary generation skipped for job '13': API Key is placeholder or empty.
[2025-05-25 10:37:51] [AI_SUMMARY_SUCCESS] AI summary generated successfully for job '13'.
[2025-05-25 10:37:51] [JOB_POST_REVIEW_READY] Job post by 'suthan@jobhunt.top' (Title: '13') ready for review. AI Summary generated (length: 2545).
[2025-05-25 10:37:51] [ACCESS_ATTEMPT] User 'suthan@jobhunt.top' (Role: 'super_admin') attempting to access view: 'post_job'.
[2025-05-25 10:37:53] [JOB_POST_SUCCESS] Job ID '1748149673_7846' (Title: '13') posted successfully by 'suthan@jobhunt.top'.
[2025-05-25 10:37:55] [AI_IMAGE_ERROR] AI poster image generation FAILED for job ID '1748149673_7846'. Prompt: 'Create a professional and visually appealing poster for a job opening. Job Title: '13'. Company: 'Etisalat'. Location: ''. Key elements to convey: opportunity, growth, modern workplace. Style: Clean, corporate, with a touch of innovation. Dominant colors: blues, greys, with an accent color like teal or orange. Include abstract representations of collaboration or technology if appropriate. Avoid text clutter.'
[2025-05-25 10:37:55] [ACCESS_ATTEMPT] User 'suthan@jobhunt.top' (Role: 'super_admin') attempting to access view: 'manage_jobs'.
[2025-05-25 10:40:35] [ACCESS_ATTEMPT] User 'suthan@jobhunt.top' (Role: 'super_admin') attempting to access view: 'manage_jobs'.
[2025-05-25 10:40:37] [ACCESS_ATTEMPT] User 'suthan@jobhunt.top' (Role: 'super_admin') attempting to access view: 'post_job'.
[2025-05-25 10:40:45] [AI_SUMMARY_SKIP] AI Summary generation skipped for job '14': API Key is placeholder or empty.
[2025-05-25 10:40:49] [AI_SUMMARY_SUCCESS] AI summary generated successfully for job '14'.
[2025-05-25 10:40:49] [JOB_POST_REVIEW_READY] Job post by 'suthan@jobhunt.top' (Title: '14') ready for review. AI Summary generated (length: 2485).
[2025-05-25 10:40:49] [ACCESS_ATTEMPT] User 'suthan@jobhunt.top' (Role: 'super_admin') attempting to access view: 'post_job'.
[2025-05-25 10:40:52] [JOB_POST_SUCCESS] Job ID '1748149852_9946' (Title: '14') posted successfully by 'suthan@jobhunt.top'.
[2025-05-25 10:40:54] [AI_IMAGE_ERROR] AI poster image generation FAILED for job ID '1748149852_9946'. Prompt: 'Create a professional and visually appealing poster for a job opening. Job Title: '14'. Company: 'Allitson'. Location: ''. Key elements to convey: opportunity, growth, modern workplace. Style: Clean, corporate, with a touch of innovation. Dominant colors: blues, greys, with an accent color like teal or orange. Include abstract representations of collaboration or technology if appropriate. Avoid text clutter.'
[2025-05-25 10:40:54] [ACCESS_ATTEMPT] User 'suthan@jobhunt.top' (Role: 'super_admin') attempting to access view: 'manage_jobs'.
[2025-05-31 05:49:52] [ACCESS_ATTEMPT] User 'suthan@jobhunt.top' (Role: 'super_admin') attempting to access view: 'messages'.
[2025-05-31 05:49:52] [ACCESS_GRANTED] User 'suthan@jobhunt.top' accessed 'messages' view.
[2025-05-31 05:49:53] [ACCESS_ATTEMPT] User 'suthan@jobhunt.top' (Role: 'super_admin') attempting to access view: 'messages'.
[2025-05-31 05:49:53] [ACCESS_GRANTED] User 'suthan@jobhunt.top' accessed 'messages' view.
[2025-05-31 05:49:54] [ACCESS_ATTEMPT] User 'suthan@jobhunt.top' (Role: 'super_admin') attempting to access view: 'messages'.
[2025-05-31 05:49:54] [ACCESS_GRANTED] User 'suthan@jobhunt.top' accessed 'messages' view.
[2025-05-31 05:51:23] [ACCESS_ATTEMPT] User 'suthan@jobhunt.top' (Role: 'super_admin') attempting to access view: 'messages'.
[2025-05-31 05:51:23] [ACCESS_GRANTED] User 'suthan@jobhunt.top' accessed 'messages' view.
[2025-05-31 05:53:57] [ACCESS_ATTEMPT] User 'suthan@jobhunt.top' (Role: 'super_admin') attempting to access view: 'messages'.
[2025-05-31 05:53:57] [ACCESS_GRANTED] User 'suthan@jobhunt.top' accessed 'messages' view.
[2025-05-31 05:53:59] [ACCESS_ATTEMPT] User 'suthan@jobhunt.top' (Role: 'super_admin') attempting to access view: 'reported_jobs'.
[2025-05-31 05:53:59] [ACCESS_GRANTED] User 'suthan@jobhunt.top' accessed 'reported_jobs' view.
[2025-05-31 05:54:00] [ACCESS_ATTEMPT] User 'suthan@jobhunt.top' (Role: 'super_admin') attempting to access view: 'messages'.
[2025-05-31 05:54:00] [ACCESS_GRANTED] User 'suthan@jobhunt.top' accessed 'messages' view.
[2025-05-31 05:57:00] [ACCESS_ATTEMPT] User 'suthan@jobhunt.top' (Role: 'super_admin') attempting to access view: 'whatsapp_profile'.
[2025-05-31 05:57:00] [ACCESS_GRANTED] User 'suthan@jobhunt.top' accessed 'whatsapp_profile' view.
[2025-05-31 05:59:45] [ACCESS_ATTEMPT] User 'suthan@jobhunt.top' (Role: 'super_admin') attempting to access view: 'messages'.
[2025-05-31 05:59:45] [ACCESS_GRANTED] User 'suthan@jobhunt.top' accessed 'messages' view.
[2025-05-31 05:59:46] [ACCESS_ATTEMPT] User 'suthan@jobhunt.top' (Role: 'super_admin') attempting to access view: 'messages'.
[2025-05-31 05:59:46] [ACCESS_GRANTED] User 'suthan@jobhunt.top' accessed 'messages' view.
[2025-05-31 06:03:57] [ACCESS_ATTEMPT] User 'suthan@jobhunt.top' (Role: 'super_admin') attempting to access view: 'messages'.
[2025-05-31 06:03:57] [ACCESS_GRANTED] User 'suthan@jobhunt.top' accessed 'messages' view.
[2025-05-31 06:04:04] [ACCESS_ATTEMPT] User 'suthan@jobhunt.top' (Role: 'super_admin') attempting to access view: 'messages'.
[2025-05-31 06:04:04] [ACCESS_GRANTED] User 'suthan@jobhunt.top' accessed 'messages' view.
[2025-05-31 06:06:48] [ACCESS_ATTEMPT] User 'suthan@jobhunt.top' (Role: 'super_admin') attempting to access view: 'messages'.
[2025-05-31 06:06:48] [ACCESS_GRANTED] User 'suthan@jobhunt.top' accessed 'messages' view.
[2025-05-31 06:09:39] [ACCESS_ATTEMPT] User 'suthan@jobhunt.top' (Role: 'super_admin') attempting to access view: 'messages'.
[2025-05-31 06:09:39] [ACCESS_GRANTED] User 'suthan@jobhunt.top' accessed 'messages' view.
[2025-05-31 06:11:12] [ACCESS_ATTEMPT] User 'suthan@jobhunt.top' (Role: 'super_admin') attempting to access view: 'dashboard_overview'.
[2025-05-31 06:11:16] [ACCESS_ATTEMPT] User 'suthan@jobhunt.top' (Role: 'super_admin') attempting to access view: 'manage_jobs'.
[2025-05-31 06:11:19] [ACCESS_ATTEMPT] User 'suthan@jobhunt.top' (Role: 'super_admin') attempting to access view: 'reported_jobs'.
[2025-05-31 06:11:19] [ACCESS_GRANTED] User 'suthan@jobhunt.top' accessed 'reported_jobs' view.
[2025-05-31 06:11:20] [ACCESS_ATTEMPT] User 'suthan@jobhunt.top' (Role: 'super_admin') attempting to access view: 'messages'.
[2025-05-31 06:11:20] [ACCESS_GRANTED] User 'suthan@jobhunt.top' accessed 'messages' view.
[2025-05-31 06:11:22] [ACCESS_ATTEMPT] User 'suthan@jobhunt.top' (Role: 'super_admin') attempting to access view: 'achievements'.
[2025-05-31 06:11:23] [ACCESS_ATTEMPT] User 'suthan@jobhunt.top' (Role: 'super_admin') attempting to access view: 'generate_message'.
[2025-05-31 06:11:24] [ACCESS_ATTEMPT] User 'suthan@jobhunt.top' (Role: 'super_admin') attempting to access view: 'achievements'.
[2025-05-31 06:11:26] [ACCESS_ATTEMPT] User 'suthan@jobhunt.top' (Role: 'super_admin') attempting to access view: 'generate_message'.
[2025-05-31 06:13:21] [ACCESS_ATTEMPT] User 'suthan@jobhunt.top' (Role: 'super_admin') attempting to access view: 'messages'.
[2025-05-31 06:13:21] [ACCESS_GRANTED] User 'suthan@jobhunt.top' accessed 'messages' view.
[2025-05-31 06:13:42] [ACCESS_ATTEMPT] User 'suthan@jobhunt.top' (Role: 'super_admin') attempting to access view: 'messages'.
[2025-05-31 06:13:42] [ACCESS_GRANTED] User 'suthan@jobhunt.top' accessed 'messages' view.
[2025-05-31 06:17:08] [ACCESS_ATTEMPT] User 'suthan@jobhunt.top' (Role: 'super_admin') attempting to access view: 'messages'.
[2025-05-31 06:17:08] [ACCESS_GRANTED] User 'suthan@jobhunt.top' accessed 'messages' view.
[2025-05-31 06:17:27] [ACCESS_ATTEMPT] User 'suthan@jobhunt.top' (Role: 'super_admin') attempting to access view: 'messages'.
[2025-05-31 06:17:27] [ACCESS_GRANTED] User 'suthan@jobhunt.top' accessed 'messages' view.
[2025-05-31 06:17:27] [ACCESS_ATTEMPT] User 'suthan@jobhunt.top' (Role: 'super_admin') attempting to access view: 'messages'.
[2025-05-31 06:17:27] [ACCESS_GRANTED] User 'suthan@jobhunt.top' accessed 'messages' view.
[2025-05-31 06:19:15] [ACCESS_ATTEMPT] User 'suthan@jobhunt.top' (Role: 'super_admin') attempting to access view: 'messages'.
[2025-05-31 06:19:15] [ACCESS_GRANTED] User 'suthan@jobhunt.top' accessed 'messages' view.
[2025-05-31 06:26:58] [ACCESS_ATTEMPT] User 'suthan@jobhunt.top' (Role: 'super_admin') attempting to access view: 'messages'.
[2025-05-31 06:26:58] [ACCESS_GRANTED] User 'suthan@jobhunt.top' accessed 'messages' view.
[2025-05-31 06:27:53] [ACCESS_ATTEMPT] User 'suthan@jobhunt.top' (Role: 'super_admin') attempting to access view: 'messages'.
[2025-05-31 06:27:53] [ACCESS_GRANTED] User 'suthan@jobhunt.top' accessed 'messages' view.
[2025-05-31 06:28:30] [ACCESS_ATTEMPT] User 'suthan@jobhunt.top' (Role: 'super_admin') attempting to access view: 'messages'.
[2025-05-31 06:28:30] [ACCESS_GRANTED] User 'suthan@jobhunt.top' accessed 'messages' view.
[2025-05-31 06:32:09] [ACCESS_ATTEMPT] User 'suthan@jobhunt.top' (Role: 'super_admin') attempting to access view: 'messages'.
[2025-05-31 06:32:09] [ACCESS_GRANTED] User 'suthan@jobhunt.top' accessed 'messages' view.
[2025-05-31 06:34:06] [ACCESS_ATTEMPT] User 'suthan@jobhunt.top' (Role: 'super_admin') attempting to access view: 'messages'.
[2025-05-31 06:34:06] [ACCESS_GRANTED] User 'suthan@jobhunt.top' accessed 'messages' view.
[2025-05-31 06:36:29] [ACCESS_ATTEMPT] User 'suthan@jobhunt.top' (Role: 'super_admin') attempting to access view: 'messages'.
[2025-05-31 06:36:29] [ACCESS_GRANTED] User 'suthan@jobhunt.top' accessed 'messages' view.
[2025-05-31 06:42:00] [ACCESS_ATTEMPT] User 'suthan@jobhunt.top' (Role: 'super_admin') attempting to access view: 'reported_jobs'.
[2025-05-31 06:42:01] [ACCESS_GRANTED] User 'suthan@jobhunt.top' accessed 'reported_jobs' view.
[2025-05-31 06:42:02] [ACCESS_ATTEMPT] User 'suthan@jobhunt.top' (Role: 'super_admin') attempting to access view: 'reported_jobs'.
[2025-05-31 06:42:02] [ACCESS_GRANTED] User 'suthan@jobhunt.top' accessed 'reported_jobs' view.
[2025-05-31 06:44:15] [ACCESS_ATTEMPT] User 'suthan@jobhunt.top' (Role: 'super_admin') attempting to access view: 'messages'.
[2025-05-31 06:44:15] [ACCESS_GRANTED] User 'suthan@jobhunt.top' accessed 'messages' view.
[2025-05-31 06:45:29] [ACCESS_ATTEMPT] User 'suthan@jobhunt.top' (Role: 'super_admin') attempting to access view: 'messages'.
[2025-05-31 06:45:29] [ACCESS_GRANTED] User 'suthan@jobhunt.top' accessed 'messages' view.
[2025-05-31 06:47:47] [ACCESS_ATTEMPT] User 'suthan@jobhunt.top' (Role: 'super_admin') attempting to access view: 'messages'.
[2025-05-31 06:47:47] [ACCESS_GRANTED] User 'suthan@jobhunt.top' accessed 'messages' view.
[2025-05-31 06:55:30] [ACCESS_ATTEMPT] User 'suthan@jobhunt.top' (Role: 'super_admin') attempting to access view: 'messages'.
[2025-05-31 06:55:30] [ACCESS_GRANTED] User 'suthan@jobhunt.top' accessed 'messages' view.
[2025-05-31 06:56:30] [ACCESS_ATTEMPT] User 'suthan@jobhunt.top' (Role: 'super_admin') attempting to access view: 'messages'.
[2025-05-31 06:56:30] [ACCESS_GRANTED] User 'suthan@jobhunt.top' accessed 'messages' view.
[2025-05-31 07:00:17] [ACCESS_ATTEMPT] User 'suthan@jobhunt.top' (Role: 'super_admin') attempting to access view: 'messages'.
[2025-05-31 07:00:17] [ACCESS_GRANTED] User 'suthan@jobhunt.top' accessed 'messages' view.
[2025-05-31 07:00:42] [ACCESS_ATTEMPT] User 'suthan@jobhunt.top' (Role: 'super_admin') attempting to access view: 'messages'.
[2025-05-31 07:00:42] [ACCESS_GRANTED] User 'suthan@jobhunt.top' accessed 'messages' view.
[2025-05-31 07:07:24] [ACCESS_ATTEMPT] User 'suthan@jobhunt.top' (Role: 'super_admin') attempting to access view: 'messages'.
[2025-05-31 07:07:24] [ACCESS_GRANTED] User 'suthan@jobhunt.top' accessed 'messages' view.
[2025-05-31 07:09:11] [ACCESS_ATTEMPT] User 'suthan@jobhunt.top' (Role: 'super_admin') attempting to access view: 'messages'.
[2025-05-31 07:09:11] [ACCESS_GRANTED] User 'suthan@jobhunt.top' accessed 'messages' view.
[2025-05-31 07:18:21] [ACCESS_ATTEMPT] User 'suthan@jobhunt.top' (Role: 'super_admin') attempting to access view: 'messages'.
[2025-05-31 07:18:21] [ACCESS_GRANTED] User 'suthan@jobhunt.top' accessed 'messages' view.
[2025-05-31 07:21:43] [ACCESS_ATTEMPT] User 'suthan@jobhunt.top' (Role: 'super_admin') attempting to access view: 'messages'.
[2025-05-31 07:21:43] [ACCESS_GRANTED] User 'suthan@jobhunt.top' accessed 'messages' view.
[2025-05-31 07:22:06] [ACCESS_ATTEMPT] User 'suthan@jobhunt.top' (Role: 'super_admin') attempting to access view: 'messages'.
[2025-05-31 07:22:06] [ACCESS_GRANTED] User 'suthan@jobhunt.top' accessed 'messages' view.
[2025-05-31 07:23:57] [ACCESS_ATTEMPT] User 'suthan@jobhunt.top' (Role: 'super_admin') attempting to access view: 'messages'.
[2025-05-31 07:23:57] [ACCESS_GRANTED] User 'suthan@jobhunt.top' accessed 'messages' view.
[2025-05-31 07:24:56] [ACCESS_ATTEMPT] User 'suthan@jobhunt.top' (Role: 'super_admin') attempting to access view: 'messages'.
[2025-05-31 07:24:56] [ACCESS_GRANTED] User 'suthan@jobhunt.top' accessed 'messages' view.
[2025-05-31 07:36:18] [ACCESS_ATTEMPT] User 'suthan@jobhunt.top' (Role: 'super_admin') attempting to access view: 'messages'.
[2025-05-31 07:36:18] [ACCESS_GRANTED] User 'suthan@jobhunt.top' accessed 'messages' view.
[2025-05-31 07:37:58] [ACCESS_ATTEMPT] User 'suthan@jobhunt.top' (Role: 'super_admin') attempting to access view: 'messages'.
[2025-05-31 07:37:58] [ACCESS_GRANTED] User 'suthan@jobhunt.top' accessed 'messages' view.
[2025-05-31 07:37:59] [ACCESS_ATTEMPT] User 'suthan@jobhunt.top' (Role: 'super_admin') attempting to access view: 'messages'.
[2025-05-31 07:37:59] [ACCESS_GRANTED] User 'suthan@jobhunt.top' accessed 'messages' view.
[2025-05-31 07:38:54] [ACCESS_ATTEMPT] User 'suthan@jobhunt.top' (Role: 'super_admin') attempting to access view: 'messages'.
[2025-05-31 07:38:54] [ACCESS_GRANTED] User 'suthan@jobhunt.top' accessed 'messages' view.
[2025-05-31 07:40:51] [ACCESS_ATTEMPT] User 'suthan@jobhunt.top' (Role: 'super_admin') attempting to access view: 'messages'.
[2025-05-31 07:40:51] [ACCESS_GRANTED] User 'suthan@jobhunt.top' accessed 'messages' view.
[2025-05-31 07:47:50] [ACCESS_ATTEMPT] User 'suthan@jobhunt.top' (Role: 'super_admin') attempting to access view: 'messages'.
[2025-05-31 07:47:50] [ACCESS_GRANTED] User 'suthan@jobhunt.top' accessed 'messages' view.
[2025-05-31 08:02:34] [ACCESS_ATTEMPT] User 'suthan@jobhunt.top' (Role: 'super_admin') attempting to access view: 'messages'.
[2025-05-31 08:02:34] [ACCESS_GRANTED] User 'suthan@jobhunt.top' accessed 'messages' view.
[2025-05-31 08:28:26] [AUTH_SUCCESS] User 'suthan@jobhunt.top' logged in successfully. Role: 'super_admin'.
[2025-05-31 08:28:26] [ACCESS_ATTEMPT] User 'suthan@jobhunt.top' (Role: 'super_admin') attempting to access view: 'dashboard_overview'.
[2025-05-31 08:36:44] [ACCESS_ATTEMPT] User 'suthan@jobhunt.top' (Role: 'super_admin') attempting to access view: 'dashboard_overview'.
[2025-05-31 08:36:46] [ACCESS_ATTEMPT] User 'suthan@jobhunt.top' (Role: 'super_admin') attempting to access view: 'messages'.
[2025-05-31 08:36:46] [ACCESS_GRANTED] User 'suthan@jobhunt.top' accessed 'messages' view.
[2025-05-31 08:38:15] [ACCESS_ATTEMPT] User 'suthan@jobhunt.top' (Role: 'super_admin') attempting to access view: 'messages'.
[2025-05-31 08:38:15] [ACCESS_GRANTED] User 'suthan@jobhunt.top' accessed 'messages' view.
[2025-05-31 08:39:28] [ACCESS_ATTEMPT] User 'suthan@jobhunt.top' (Role: 'super_admin') attempting to access view: 'messages'.
[2025-05-31 08:39:28] [ACCESS_GRANTED] User 'suthan@jobhunt.top' accessed 'messages' view.
[2025-05-31 08:39:32] [ACCESS_ATTEMPT] User 'suthan@jobhunt.top' (Role: 'super_admin') attempting to access view: 'messages'.
[2025-05-31 08:39:32] [ACCESS_GRANTED] User 'suthan@jobhunt.top' accessed 'messages' view.
[2025-05-31 08:40:30] [ACCESS_ATTEMPT] User 'suthan@jobhunt.top' (Role: 'super_admin') attempting to access view: 'messages'.
[2025-05-31 08:40:30] [ACCESS_GRANTED] User 'suthan@jobhunt.top' accessed 'messages' view.
[2025-05-31 08:41:05] [ACCESS_ATTEMPT] User 'suthan@jobhunt.top' (Role: 'super_admin') attempting to access view: 'messages'.
[2025-05-31 08:41:05] [ACCESS_GRANTED] User 'suthan@jobhunt.top' accessed 'messages' view.
[2025-05-31 08:42:50] [ACCESS_ATTEMPT] User 'suthan@jobhunt.top' (Role: 'super_admin') attempting to access view: 'messages'.
[2025-05-31 08:42:50] [ACCESS_GRANTED] User 'suthan@jobhunt.top' accessed 'messages' view.
[2025-05-31 08:43:09] [ACCESS_ATTEMPT] User 'suthan@jobhunt.top' (Role: 'super_admin') attempting to access view: 'messages'.
[2025-05-31 08:43:09] [ACCESS_GRANTED] User 'suthan@jobhunt.top' accessed 'messages' view.
[2025-05-31 08:45:11] [ACCESS_ATTEMPT] User 'suthan@jobhunt.top' (Role: 'super_admin') attempting to access view: 'messages'.
[2025-05-31 08:45:11] [ACCESS_GRANTED] User 'suthan@jobhunt.top' accessed 'messages' view.
[2025-05-31 08:46:21] [ACCESS_ATTEMPT] User 'suthan@jobhunt.top' (Role: 'super_admin') attempting to access view: 'messages'.
[2025-05-31 08:46:21] [ACCESS_GRANTED] User 'suthan@jobhunt.top' accessed 'messages' view.
[2025-05-31 08:57:35] [ACCESS_ATTEMPT] User 'suthan@jobhunt.top' (Role: 'super_admin') attempting to access view: 'messages'.
[2025-05-31 08:57:35] [ACCESS_GRANTED] User 'suthan@jobhunt.top' accessed 'messages' view.
[2025-05-31 08:57:36] [ACCESS_ATTEMPT] User 'suthan@jobhunt.top' (Role: 'super_admin') attempting to access view: 'messages'.
[2025-05-31 08:57:36] [ACCESS_GRANTED] User 'suthan@jobhunt.top' accessed 'messages' view.
[2025-05-31 08:57:43] [ACCESS_ATTEMPT] User 'suthan@jobhunt.top' (Role: 'super_admin') attempting to access view: 'reported_jobs'.
[2025-05-31 08:57:43] [ACCESS_GRANTED] User 'suthan@jobhunt.top' accessed 'reported_jobs' view.
[2025-05-31 08:57:46] [ACCESS_ATTEMPT] User 'suthan@jobhunt.top' (Role: 'super_admin') attempting to access view: 'messages'.
[2025-05-31 08:57:46] [ACCESS_GRANTED] User 'suthan@jobhunt.top' accessed 'messages' view.
[2025-05-31 09:02:36] [ACCESS_ATTEMPT] User 'suthan@jobhunt.top' (Role: 'super_admin') attempting to access view: 'messages'.
[2025-05-31 09:02:36] [ACCESS_GRANTED] User 'suthan@jobhunt.top' accessed 'messages' view.
[2025-05-31 09:03:18] [ACCESS_ATTEMPT] User 'suthan@jobhunt.top' (Role: 'super_admin') attempting to access view: 'messages'.
[2025-05-31 09:03:18] [ACCESS_GRANTED] User 'suthan@jobhunt.top' accessed 'messages' view.
[2025-05-31 09:08:57] [ACCESS_ATTEMPT] User 'suthan@jobhunt.top' (Role: 'super_admin') attempting to access view: 'messages'.
[2025-05-31 09:08:57] [ACCESS_GRANTED] User 'suthan@jobhunt.top' accessed 'messages' view.
[2025-05-31 09:11:44] [ACCESS_ATTEMPT] User 'suthan@jobhunt.top' (Role: 'super_admin') attempting to access view: 'manage_jobs'.
[2025-05-31 09:11:47] [ACCESS_ATTEMPT] User 'suthan@jobhunt.top' (Role: 'super_admin') attempting to access view: 'messages'.
[2025-05-31 09:11:47] [ACCESS_GRANTED] User 'suthan@jobhunt.top' accessed 'messages' view.
[2025-05-31 09:15:16] [ACCESS_ATTEMPT] User 'suthan@jobhunt.top' (Role: 'super_admin') attempting to access view: 'messages'.
[2025-05-31 09:15:16] [ACCESS_GRANTED] User 'suthan@jobhunt.top' accessed 'messages' view.
[2025-05-31 09:16:18] [ACCESS_ATTEMPT] User 'suthan@jobhunt.top' (Role: 'super_admin') attempting to access view: 'messages'.
[2025-05-31 09:16:18] [ACCESS_GRANTED] User 'suthan@jobhunt.top' accessed 'messages' view.
[2025-05-31 09:17:49] [ACCESS_ATTEMPT] User 'suthan@jobhunt.top' (Role: 'super_admin') attempting to access view: 'messages'.
[2025-05-31 09:17:49] [ACCESS_GRANTED] User 'suthan@jobhunt.top' accessed 'messages' view.
[2025-05-31 09:17:58] [ACCESS_ATTEMPT] User 'suthan@jobhunt.top' (Role: 'super_admin') attempting to access view: 'messages'.
[2025-05-31 09:17:58] [ACCESS_GRANTED] User 'suthan@jobhunt.top' accessed 'messages' view.
[2025-05-31 09:18:53] [ACCESS_ATTEMPT] User 'suthan@jobhunt.top' (Role: 'super_admin') attempting to access view: 'messages'.
[2025-05-31 09:18:53] [ACCESS_GRANTED] User 'suthan@jobhunt.top' accessed 'messages' view.
[2025-05-31 09:19:47] [ACCESS_ATTEMPT] User 'suthan@jobhunt.top' (Role: 'super_admin') attempting to access view: 'messages'.
[2025-05-31 09:19:47] [ACCESS_GRANTED] User 'suthan@jobhunt.top' accessed 'messages' view.
[2025-05-31 09:19:48] [ACCESS_ATTEMPT] User 'suthan@jobhunt.top' (Role: 'super_admin') attempting to access view: 'messages'.
[2025-05-31 09:19:48] [ACCESS_GRANTED] User 'suthan@jobhunt.top' accessed 'messages' view.
[2025-05-31 09:24:42] [ACCESS_ATTEMPT] User 'suthan@jobhunt.top' (Role: 'super_admin') attempting to access view: 'messages'.
[2025-05-31 09:24:42] [ACCESS_GRANTED] User 'suthan@jobhunt.top' accessed 'messages' view.
[2025-05-31 09:24:53] [ACCESS_ATTEMPT] User 'suthan@jobhunt.top' (Role: 'super_admin') attempting to access view: 'whatsapp_profile'.
[2025-05-31 09:24:53] [ACCESS_GRANTED] User 'suthan@jobhunt.top' accessed 'whatsapp_profile' view.
[2025-05-31 09:25:04] [ACCESS_ATTEMPT] User 'suthan@jobhunt.top' (Role: 'super_admin') attempting to access view: 'reported_jobs'.
[2025-05-31 09:25:04] [ACCESS_GRANTED] User 'suthan@jobhunt.top' accessed 'reported_jobs' view.
[2025-05-31 09:25:07] [ACCESS_ATTEMPT] User 'suthan@jobhunt.top' (Role: 'super_admin') attempting to access view: 'messages'.
[2025-05-31 09:25:07] [ACCESS_GRANTED] User 'suthan@jobhunt.top' accessed 'messages' view.
[2025-05-31 09:26:07] [ACCESS_ATTEMPT] User 'suthan@jobhunt.top' (Role: 'super_admin') attempting to access view: 'reported_jobs'.
[2025-05-31 09:26:07] [ACCESS_GRANTED] User 'suthan@jobhunt.top' accessed 'reported_jobs' view.
[2025-05-31 09:26:12] [ACCESS_ATTEMPT] User 'suthan@jobhunt.top' (Role: 'super_admin') attempting to access view: 'manage_jobs'.
[2025-05-31 09:26:20] [ACCESS_ATTEMPT] User 'suthan@jobhunt.top' (Role: 'super_admin') attempting to access view: 'messages'.
[2025-05-31 09:26:20] [ACCESS_GRANTED] User 'suthan@jobhunt.top' accessed 'messages' view.
[2025-06-01 06:00:53] [ACCESS_ATTEMPT] User 'suthan@jobhunt.top' (Role: 'super_admin') attempting to access view: 'reported_jobs'.
[2025-06-01 06:00:53] [ACCESS_GRANTED] User 'suthan@jobhunt.top' accessed 'reported_jobs' view.
[2025-06-01 06:03:03] [ACCESS_ATTEMPT] User 'suthan@jobhunt.top' (Role: 'super_admin') attempting to access view: 'generate_message'.
[2025-06-01 06:03:06] [ACCESS_ATTEMPT] User 'suthan@jobhunt.top' (Role: 'super_admin') attempting to access view: 'logs'.
[2025-06-01 06:03:07] [ACCESS_GRANTED] User 'suthan@jobhunt.top' accessed 'logs' view.
[2025-06-01 06:03:17] [ACCESS_ATTEMPT] User 'suthan@jobhunt.top' (Role: 'super_admin') attempting to access view: 'logs'.
[2025-06-01 06:03:27] [ACCESS_ATTEMPT] User 'suthan@jobhunt.top' (Role: 'super_admin') attempting to access view: 'logs'.
[2025-06-01 06:03:37] [ACCESS_ATTEMPT] User 'suthan@jobhunt.top' (Role: 'super_admin') attempting to access view: 'logs'.
[2025-06-01 06:03:47] [ACCESS_ATTEMPT] User 'suthan@jobhunt.top' (Role: 'super_admin') attempting to access view: 'logs'.
[2025-06-01 06:03:57] [ACCESS_ATTEMPT] User 'suthan@jobhunt.top' (Role: 'super_admin') attempting to access view: 'logs'.
[2025-06-01 06:04:07] [ACCESS_ATTEMPT] User 'suthan@jobhunt.top' (Role: 'super_admin') attempting to access view: 'logs'.
[2025-06-01 06:04:17] [ACCESS_ATTEMPT] User 'suthan@jobhunt.top' (Role: 'super_admin') attempting to access view: 'logs'.
[2025-06-01 06:04:27] [ACCESS_ATTEMPT] User 'suthan@jobhunt.top' (Role: 'super_admin') attempting to access view: 'logs'.
[2025-06-01 06:04:37] [ACCESS_ATTEMPT] User 'suthan@jobhunt.top' (Role: 'super_admin') attempting to access view: 'logs'.
[2025-06-01 06:05:09] [ACCESS_ATTEMPT] User 'suthan@jobhunt.top' (Role: 'super_admin') attempting to access view: 'logs'.
[2025-06-01 06:06:09] [ACCESS_ATTEMPT] User 'suthan@jobhunt.top' (Role: 'super_admin') attempting to access view: 'logs'.
[2025-06-01 06:07:09] [ACCESS_ATTEMPT] User 'suthan@jobhunt.top' (Role: 'super_admin') attempting to access view: 'logs'.
[2025-06-01 06:08:09] [ACCESS_ATTEMPT] User 'suthan@jobhunt.top' (Role: 'super_admin') attempting to access view: 'logs'.
[2025-06-01 06:09:09] [ACCESS_ATTEMPT] User 'suthan@jobhunt.top' (Role: 'super_admin') attempting to access view: 'logs'.
[2025-06-01 06:09:28] [ACCESS_ATTEMPT] User 'suthan@jobhunt.top' (Role: 'super_admin') attempting to access view: 'logs'.
[2025-06-01 06:09:31] [ACCESS_ATTEMPT] User 'suthan@jobhunt.top' (Role: 'super_admin') attempting to access view: 'dashboard_overview'.
[2025-06-01 06:09:54] [AUTH_INFO] User 'suthan@jobhunt.top' logged out.
[2025-06-01 06:09:57] [AUTH_SUCCESS] User 'suthan@jobhunt.top' logged in successfully. Role: 'super_admin'.
[2025-06-01 06:09:57] [ACCESS_ATTEMPT] User 'suthan@jobhunt.top' (Role: 'super_admin') attempting to access view: 'dashboard_overview'.
[2025-06-01 06:11:57] [ACCESS_ATTEMPT] User 'suthan@jobhunt.top' (Role: 'super_admin') attempting to access view: 'profile'.
[2025-06-01 06:11:57] [ACCESS_GRANTED] User 'suthan@jobhunt.top' accessed 'profile' view.
[2025-06-01 06:12:03] [ACCESS_ATTEMPT] User 'suthan@jobhunt.top' (Role: 'super_admin') attempting to access view: 'settings'.
[2025-06-01 06:12:03] [INVALID_VIEW_ERROR] User 'suthan@jobhunt.top' attempted to access invalid view: 'settings'.
[2025-06-01 06:13:59] [ACCESS_ATTEMPT] User 'suthan@jobhunt.top' (Role: 'super_admin') attempting to access view: 'settings'.
[2025-06-01 06:13:59] [INVALID_VIEW_ERROR] User 'suthan@jobhunt.top' attempted to access invalid view: 'settings'.
[2025-06-01 06:14:00] [ACCESS_ATTEMPT] User 'suthan@jobhunt.top' (Role: 'super_admin') attempting to access view: 'settings'.
[2025-06-01 06:14:00] [INVALID_VIEW_ERROR] User 'suthan@jobhunt.top' attempted to access invalid view: 'settings'.
[2025-06-01 06:14:12] [ACCESS_ATTEMPT] User 'suthan@jobhunt.top' (Role: 'super_admin') attempting to access view: 'dashboard_service_one'.
[2025-06-01 06:14:12] [ACCESS_GRANTED] User 'suthan@jobhunt.top' accessed 'dashboard_service_one' view.
[2025-06-01 06:14:13] [ACCESS_ATTEMPT] User 'suthan@jobhunt.top' (Role: 'super_admin') attempting to access view: 'dashboard_overview'.
[2025-06-01 06:18:43] [ACCESS_ATTEMPT] User 'suthan@jobhunt.top' (Role: 'super_admin') attempting to access view: 'dashboard_overview'.
[2025-06-01 06:20:37] [ACCESS_ATTEMPT] User 'suthan@jobhunt.top' (Role: 'super_admin') attempting to access view: 'dashboard_overview'.
[2025-06-01 06:21:21] [ACCESS_ATTEMPT] User 'suthan@jobhunt.top' (Role: 'super_admin') attempting to access view: 'dashboard_overview'.
[2025-06-01 06:23:18] [ACCESS_ATTEMPT] User 'suthan@jobhunt.top' (Role: 'super_admin') attempting to access view: 'dashboard_overview'.
[2025-06-01 06:24:52] [ACCESS_ATTEMPT] User 'suthan@jobhunt.top' (Role: 'super_admin') attempting to access view: 'dashboard_overview'.
[2025-06-01 06:27:25] [ACCESS_ATTEMPT] User 'suthan@jobhunt.top' (Role: 'super_admin') attempting to access view: 'dashboard_overview'.
[2025-06-01 06:27:27] [ACCESS_ATTEMPT] User 'suthan@jobhunt.top' (Role: 'super_admin') attempting to access view: 'dashboard_overview'.
[2025-06-01 06:27:39] [ACCESS_ATTEMPT] User 'suthan@jobhunt.top' (Role: 'super_admin') attempting to access view: 'manage_jobs'.
[2025-06-01 06:31:06] [ACCESS_ATTEMPT] User 'suthan@jobhunt.top' (Role: 'super_admin') attempting to access view: 'messages'.
[2025-06-01 06:31:06] [ACCESS_GRANTED] User 'suthan@jobhunt.top' accessed 'messages' view.
[2025-06-01 06:33:07] [ACCESS_ATTEMPT] User 'suthan@jobhunt.top' (Role: 'super_admin') attempting to access view: 'messages'.
[2025-06-01 06:33:07] [ACCESS_GRANTED] User 'suthan@jobhunt.top' accessed 'messages' view.
[2025-06-01 06:33:12] [ACCESS_ATTEMPT] User 'suthan@jobhunt.top' (Role: 'super_admin') attempting to access view: 'dashboard_overview'.
[2025-06-01 06:35:49] [ACCESS_ATTEMPT] User 'suthan@jobhunt.top' (Role: 'super_admin') attempting to access view: 'dashboard_overview'.
[2025-06-01 06:39:36] [ACCESS_ATTEMPT] User 'suthan@jobhunt.top' (Role: 'super_admin') attempting to access view: 'dashboard_overview'.
[2025-06-01 06:39:47] [ACCESS_ATTEMPT] User 'suthan@jobhunt.top' (Role: 'super_admin') attempting to access view: 'messages'.
[2025-06-01 06:39:47] [ACCESS_GRANTED] User 'suthan@jobhunt.top' accessed 'messages' view.
[2025-06-01 06:44:15] [ACCESS_ATTEMPT] User 'suthan@jobhunt.top' (Role: 'super_admin') attempting to access view: 'messages'.
[2025-06-01 06:44:15] [ACCESS_GRANTED] User 'suthan@jobhunt.top' accessed 'messages' view.
[2025-06-01 06:46:05] [ACCESS_ATTEMPT] User 'suthan@jobhunt.top' (Role: 'super_admin') attempting to access view: 'messages'.
[2025-06-01 06:46:05] [ACCESS_GRANTED] User 'suthan@jobhunt.top' accessed 'messages' view.
[2025-06-01 06:46:58] [ACCESS_ATTEMPT] User 'suthan@jobhunt.top' (Role: 'super_admin') attempting to access view: 'messages'.
[2025-06-01 06:46:58] [ACCESS_GRANTED] User 'suthan@jobhunt.top' accessed 'messages' view.
[2025-06-01 06:51:13] [ACCESS_ATTEMPT] User 'suthan@jobhunt.top' (Role: 'super_admin') attempting to access view: 'messages'.
[2025-06-01 06:51:13] [ACCESS_GRANTED] User 'suthan@jobhunt.top' accessed 'messages' view.
[2025-06-01 06:51:23] [ACCESS_ATTEMPT] User 'suthan@jobhunt.top' (Role: 'super_admin') attempting to access view: 'messages'.
[2025-06-01 06:51:23] [ACCESS_GRANTED] User 'suthan@jobhunt.top' accessed 'messages' view.
[2025-06-01 06:51:41] [ACCESS_ATTEMPT] User 'suthan@jobhunt.top' (Role: 'super_admin') attempting to access view: 'messages'.
[2025-06-01 06:51:41] [ACCESS_GRANTED] User 'suthan@jobhunt.top' accessed 'messages' view.
[2025-06-01 06:55:57] [ACCESS_ATTEMPT] User 'suthan@jobhunt.top' (Role: 'super_admin') attempting to access view: 'messages'.
[2025-06-01 06:55:57] [ACCESS_GRANTED] User 'suthan@jobhunt.top' accessed 'messages' view.
[2025-06-01 07:10:30] [ACCESS_ATTEMPT] User 'suthan@jobhunt.top' (Role: 'super_admin') attempting to access view: 'messages'.
[2025-06-01 07:10:30] [ACCESS_GRANTED] User 'suthan@jobhunt.top' accessed 'messages' view.
[2025-06-01 07:10:34] [ACCESS_ATTEMPT] User 'suthan@jobhunt.top' (Role: 'super_admin') attempting to access view: 'messages'.
[2025-06-01 07:10:34] [ACCESS_GRANTED] User 'suthan@jobhunt.top' accessed 'messages' view.
[2025-06-01 07:11:26] [ACCESS_ATTEMPT] User 'suthan@jobhunt.top' (Role: 'super_admin') attempting to access view: 'messages'.
[2025-06-01 07:11:26] [ACCESS_GRANTED] User 'suthan@jobhunt.top' accessed 'messages' view.
[2025-06-01 07:31:14] [AUTH_SUCCESS] User 'suthan@jobhunt.top' logged in successfully. Role: 'super_admin'.
[2025-06-01 07:31:14] [ACCESS_ATTEMPT] User 'suthan@jobhunt.top' (Role: 'super_admin') attempting to access view: 'dashboard_overview'.
[2025-06-01 07:37:27] [ACCESS_ATTEMPT] User 'suthan@jobhunt.top' (Role: 'super_admin') attempting to access view: 'dashboard_overview'.
[2025-06-01 07:37:28] [ACCESS_ATTEMPT] User 'suthan@jobhunt.top' (Role: 'super_admin') attempting to access view: 'dashboard_overview'.
[2025-06-01 07:37:54] [AUTH_SUCCESS] User 'suthan@jobhunt.top' logged in successfully. Role: 'super_admin'.
[2025-06-01 07:37:54] [ACCESS_ATTEMPT] User 'suthan@jobhunt.top' (Role: 'super_admin') attempting to access view: 'dashboard_overview'.
[2025-06-01 07:40:45] [ACCESS_ATTEMPT] User 'suthan@jobhunt.top' (Role: 'super_admin') attempting to access view: 'dashboard_overview'.
[2025-06-01 07:42:53] [ACCESS_ATTEMPT] User 'suthan@jobhunt.top' (Role: 'super_admin') attempting to access view: 'dashboard_overview'.
[2025-06-01 07:44:18] [ACCESS_ATTEMPT] User 'suthan@jobhunt.top' (Role: 'super_admin') attempting to access view: 'dashboard_overview'.
[2025-06-01 07:45:17] [ACCESS_ATTEMPT] User 'suthan@jobhunt.top' (Role: 'super_admin') attempting to access view: 'dashboard_overview'.
[2025-06-01 07:46:43] [ACCESS_ATTEMPT] User 'suthan@jobhunt.top' (Role: 'super_admin') attempting to access view: 'dashboard_overview'.
[2025-06-01 07:46:45] [ACCESS_ATTEMPT] User 'suthan@jobhunt.top' (Role: 'super_admin') attempting to access view: 'dashboard_overview'.
[2025-06-01 07:49:33] [ACCESS_ATTEMPT] User 'suthan@jobhunt.top' (Role: 'super_admin') attempting to access view: 'dashboard_overview'.
[2025-06-01 07:50:54] [ACCESS_ATTEMPT] User 'suthan@jobhunt.top' (Role: 'super_admin') attempting to access view: 'dashboard_overview'.
[2025-06-01 07:53:39] [ACCESS_ATTEMPT] User 'suthan@jobhunt.top' (Role: 'super_admin') attempting to access view: 'dashboard_overview'.
[2025-06-01 07:55:21] [ACCESS_ATTEMPT] User 'suthan@jobhunt.top' (Role: 'super_admin') attempting to access view: 'dashboard_overview'.
[2025-06-01 07:55:53] [ACCESS_ATTEMPT] User 'suthan@jobhunt.top' (Role: 'super_admin') attempting to access view: 'dashboard_overview'.
[2025-06-01 07:56:59] [ACCESS_ATTEMPT] User 'suthan@jobhunt.top' (Role: 'super_admin') attempting to access view: 'dashboard_overview'.
[2025-06-01 07:59:12] [ACCESS_ATTEMPT] User 'suthan@jobhunt.top' (Role: 'super_admin') attempting to access view: 'dashboard_overview'.
[2025-06-01 08:00:35] [ACCESS_ATTEMPT] User 'suthan@jobhunt.top' (Role: 'super_admin') attempting to access view: 'dashboard_overview'.
[2025-06-01 08:01:04] [ACCESS_ATTEMPT] User 'suthan@jobhunt.top' (Role: 'super_admin') attempting to access view: 'dashboard_overview'.
[2025-06-01 08:01:11] [ACCESS_ATTEMPT] User 'suthan@jobhunt.top' (Role: 'super_admin') attempting to access view: 'dashboard_overview'.
[2025-06-01 08:03:33] [ACCESS_ATTEMPT] User 'suthan@jobhunt.top' (Role: 'super_admin') attempting to access view: 'dashboard_overview'.
[2025-06-01 08:03:40] [ACCESS_ATTEMPT] User 'suthan@jobhunt.top' (Role: 'super_admin') attempting to access view: 'dashboard_service_one'.
[2025-06-01 08:03:40] [ACCESS_GRANTED] User 'suthan@jobhunt.top' accessed 'dashboard_service_one' view.
[2025-06-01 08:03:46] [ACCESS_ATTEMPT] User 'suthan@jobhunt.top' (Role: 'super_admin') attempting to access view: 'dashboard_user_info'.
[2025-06-01 08:03:46] [ACCESS_GRANTED] User 'suthan@jobhunt.top' accessed 'dashboard_user_info' view.
[2025-06-01 08:03:46] [ACCESS_GRANTED] User 'suthan@jobhunt.top' accessed 'dashboard_service_two' view.
[2025-06-01 08:03:47] [ACCESS_ATTEMPT] User 'suthan@jobhunt.top' (Role: 'super_admin') attempting to access view: 'dashboard_job_stats'.
[2025-06-01 08:03:47] [ACCESS_GRANTED] User 'suthan@jobhunt.top' accessed 'dashboard_job_stats' view.
[2025-06-01 08:03:49] [ACCESS_ATTEMPT] User 'suthan@jobhunt.top' (Role: 'super_admin') attempting to access view: 'dashboard_service_two'.
[2025-06-01 08:03:49] [ACCESS_GRANTED] User 'suthan@jobhunt.top' accessed 'dashboard_service_two' view.
[2025-06-01 08:03:54] [ACCESS_ATTEMPT] User 'suthan@jobhunt.top' (Role: 'super_admin') attempting to access view: 'dashboard_visitors_info'.
[2025-06-01 08:03:54] [ACCESS_GRANTED] User 'suthan@jobhunt.top' accessed 'dashboard_visitors_info' view.
[2025-06-01 08:04:00] [ACCESS_ATTEMPT] User 'suthan@jobhunt.top' (Role: 'super_admin') attempting to access view: 'dashboard_overview'.
[2025-06-01 08:04:02] [ACCESS_ATTEMPT] User 'suthan@jobhunt.top' (Role: 'super_admin') attempting to access view: 'messages'.
[2025-06-01 08:04:02] [ACCESS_GRANTED] User 'suthan@jobhunt.top' accessed 'messages' view.
[2025-06-01 08:04:09] [ACCESS_ATTEMPT] User 'suthan@jobhunt.top' (Role: 'super_admin') attempting to access view: 'manage_jobs'.
[2025-06-01 08:04:23] [AUTH_INFO] User 'suthan@jobhunt.top' logged out.
[2025-06-01 08:04:31] [AUTH_FAILURE] Failed login attempt for username/email: 'admin@jobhunt.top'
[2025-06-01 08:04:34] [AUTH_SUCCESS] User 'suthan@jobhunt.top' logged in successfully. Role: 'super_admin'.
[2025-06-01 08:04:34] [ACCESS_ATTEMPT] User 'suthan@jobhunt.top' (Role: 'super_admin') attempting to access view: 'dashboard_overview'.
[2025-06-01 08:06:01] [ACCESS_ATTEMPT] User 'suthan@jobhunt.top' (Role: 'super_admin') attempting to access view: 'dashboard_qoe'.
[2025-06-01 08:06:01] [ACCESS_GRANTED] User 'suthan@jobhunt.top' accessed 'dashboard_qoe' view.
[2025-06-01 08:07:15] [ACCESS_ATTEMPT] User 'suthan@jobhunt.top' (Role: 'super_admin') attempting to access view: 'dashboard_qoe'.
[2025-06-01 08:07:15] [ACCESS_GRANTED] User 'suthan@jobhunt.top' accessed 'dashboard_qoe' view.
[2025-06-01 08:07:26] [ACCESS_ATTEMPT] User 'suthan@jobhunt.top' (Role: 'super_admin') attempting to access view: 'dashboard_overview'.
[2025-06-01 08:08:48] [ACCESS_ATTEMPT] User 'suthan@jobhunt.top' (Role: 'super_admin') attempting to access view: 'dashboard_overview'.
[2025-06-01 08:09:53] [ACCESS_ATTEMPT] User 'suthan@jobhunt.top' (Role: 'super_admin') attempting to access view: 'dashboard_visitors_info'.
[2025-06-01 08:09:53] [ACCESS_GRANTED] User 'suthan@jobhunt.top' accessed 'dashboard_visitors_info' view.
[2025-06-01 08:10:37] [ACCESS_ATTEMPT] User 'suthan@jobhunt.top' (Role: 'super_admin') attempting to access view: 'dashboard_visitors_info'.
[2025-06-01 08:10:37] [ACCESS_GRANTED] User 'suthan@jobhunt.top' accessed 'dashboard_visitors_info' view.
[2025-06-01 08:10:39] [ACCESS_ATTEMPT] User 'suthan@jobhunt.top' (Role: 'super_admin') attempting to access view: 'dashboard_overview'.
[2025-06-01 08:14:50] [ACCESS_ATTEMPT] User 'suthan@jobhunt.top' (Role: 'super_admin') attempting to access view: 'dashboard_overview'.
[2025-06-01 08:14:55] [ACCESS_ATTEMPT] User 'suthan@jobhunt.top' (Role: 'super_admin') attempting to access view: 'dashboard_overview'.
[2025-06-01 08:15:23] [ACCESS_ATTEMPT] User 'suthan@jobhunt.top' (Role: 'super_admin') attempting to access view: 'dashboard_visitors_info'.
[2025-06-01 08:15:23] [ACCESS_GRANTED] User 'suthan@jobhunt.top' accessed 'dashboard_visitors_info' view.
[2025-06-01 08:15:27] [ACCESS_ATTEMPT] User 'suthan@jobhunt.top' (Role: 'super_admin') attempting to access view: 'dashboard_overview'.
[2025-06-01 08:15:29] [ACCESS_ATTEMPT] User 'suthan@jobhunt.top' (Role: 'super_admin') attempting to access view: 'dashboard_service_one'.
[2025-06-01 08:15:29] [ACCESS_GRANTED] User 'suthan@jobhunt.top' accessed 'dashboard_service_one' view.
[2025-06-01 08:15:30] [ACCESS_ATTEMPT] User 'suthan@jobhunt.top' (Role: 'super_admin') attempting to access view: 'dashboard_user_info'.
[2025-06-01 08:15:30] [ACCESS_GRANTED] User 'suthan@jobhunt.top' accessed 'dashboard_user_info' view.
[2025-06-01 08:15:30] [ACCESS_GRANTED] User 'suthan@jobhunt.top' accessed 'dashboard_service_two' view.
[2025-06-01 08:15:32] [ACCESS_ATTEMPT] User 'suthan@jobhunt.top' (Role: 'super_admin') attempting to access view: 'dashboard_job_stats'.
[2025-06-01 08:15:32] [ACCESS_GRANTED] User 'suthan@jobhunt.top' accessed 'dashboard_job_stats' view.
[2025-06-01 08:15:33] [ACCESS_ATTEMPT] User 'suthan@jobhunt.top' (Role: 'super_admin') attempting to access view: 'dashboard_service_two'.
[2025-06-01 08:15:33] [ACCESS_GRANTED] User 'suthan@jobhunt.top' accessed 'dashboard_service_two' view.
[2025-06-01 08:15:35] [ACCESS_ATTEMPT] User 'suthan@jobhunt.top' (Role: 'super_admin') attempting to access view: 'dashboard_visitors_info'.
[2025-06-01 08:15:35] [ACCESS_GRANTED] User 'suthan@jobhunt.top' accessed 'dashboard_visitors_info' view.
[2025-06-01 08:15:36] [ACCESS_ATTEMPT] User 'suthan@jobhunt.top' (Role: 'super_admin') attempting to access view: 'dashboard_qoe'.
[2025-06-01 08:15:36] [ACCESS_GRANTED] User 'suthan@jobhunt.top' accessed 'dashboard_qoe' view.
[2025-06-01 08:15:50] [ACCESS_ATTEMPT] User 'suthan@jobhunt.top' (Role: 'super_admin') attempting to access view: 'logs'.
[2025-06-01 08:15:50] [ACCESS_GRANTED] User 'suthan@jobhunt.top' accessed 'logs' view.
[2025-06-01 08:16:00] [ACCESS_ATTEMPT] User 'suthan@jobhunt.top' (Role: 'super_admin') attempting to access view: 'logs'.
[2025-06-01 08:16:03] [ACCESS_ATTEMPT] User 'suthan@jobhunt.top' (Role: 'super_admin') attempting to access view: 'generate_message'.
[2025-06-01 08:16:05] [ACCESS_ATTEMPT] User 'suthan@jobhunt.top' (Role: 'super_admin') attempting to access view: 'achievements'.
[2025-06-01 08:16:20] [ACCESS_ATTEMPT] User 'suthan@jobhunt.top' (Role: 'super_admin') attempting to access view: 'manage_users'.
[2025-06-01 08:16:20] [ACCESS_GRANTED] User 'suthan@jobhunt.top' accessed 'manage_users' view.
[2025-06-01 08:16:27] [ACCESS_ATTEMPT] User 'suthan@jobhunt.top' (Role: 'super_admin') attempting to access view: 'server_management'.
[2025-06-01 08:16:27] [ACCESS_GRANTED] User 'suthan@jobhunt.top' accessed 'server_management' view.
[2025-06-01 08:16:44] [ACCESS_ATTEMPT] User 'suthan@jobhunt.top' (Role: 'super_admin') attempting to access view: 'server_management'.
[2025-06-01 08:16:44] [ACCESS_GRANTED] User 'suthan@jobhunt.top' accessed 'server_management' view.
[2025-06-01 08:16:53] [ACCESS_ATTEMPT] User 'suthan@jobhunt.top' (Role: 'super_admin') attempting to access view: 'whatsapp_profile'.
[2025-06-01 08:16:53] [ACCESS_GRANTED] User 'suthan@jobhunt.top' accessed 'whatsapp_profile' view.
[2025-06-01 08:16:56] [ACCESS_ATTEMPT] User 'suthan@jobhunt.top' (Role: 'super_admin') attempting to access view: 'profile'.
[2025-06-01 08:16:56] [ACCESS_GRANTED] User 'suthan@jobhunt.top' accessed 'profile' view.
[2025-06-01 08:17:22] [ACCESS_ATTEMPT] User 'suthan@jobhunt.top' (Role: 'super_admin') attempting to access view: 'profile'.
[2025-06-01 08:17:22] [ACCESS_GRANTED] User 'suthan@jobhunt.top' accessed 'profile' view.
[2025-06-01 08:17:25] [ACCESS_ATTEMPT] User 'suthan@jobhunt.top' (Role: 'super_admin') attempting to access view: 'dashboard_overview'.
[2025-06-01 08:17:38] [ACCESS_ATTEMPT] User 'suthan@jobhunt.top' (Role: 'super_admin') attempting to access view: 'reported_jobs'.
[2025-06-01 08:17:38] [ACCESS_GRANTED] User 'suthan@jobhunt.top' accessed 'reported_jobs' view.
[2025-06-01 08:17:48] [ACCESS_ATTEMPT] User 'suthan@jobhunt.top' (Role: 'super_admin') attempting to access view: 'reported_jobs'.
[2025-06-01 08:17:48] [ACCESS_GRANTED] User 'suthan@jobhunt.top' accessed 'reported_jobs' view.
[2025-06-01 08:17:51] [ACCESS_ATTEMPT] User 'suthan@jobhunt.top' (Role: 'super_admin') attempting to access view: 'dashboard_overview'.
[2025-06-01 08:18:12] [ACCESS_ATTEMPT] User 'suthan@jobhunt.top' (Role: 'super_admin') attempting to access view: 'dashboard_overview'.
[2025-06-01 08:18:25] [ACCESS_ATTEMPT] User 'suthan@jobhunt.top' (Role: 'super_admin') attempting to access view: 'dashboard_service_one'.
[2025-06-01 08:18:25] [ACCESS_GRANTED] User 'suthan@jobhunt.top' accessed 'dashboard_service_one' view.
[2025-06-01 08:18:27] [ACCESS_ATTEMPT] User 'suthan@jobhunt.top' (Role: 'super_admin') attempting to access view: 'dashboard_overview'.
[2025-06-01 08:18:39] [ACCESS_ATTEMPT] User 'suthan@jobhunt.top' (Role: 'super_admin') attempting to access view: 'dashboard_overview'.
[2025-06-01 08:19:59] [ACCESS_ATTEMPT] User 'suthan@jobhunt.top' (Role: 'super_admin') attempting to access view: 'dashboard_overview'.
[2025-06-01 08:20:23] [ACCESS_ATTEMPT] User 'suthan@jobhunt.top' (Role: 'super_admin') attempting to access view: 'dashboard_overview'.
[2025-06-01 08:20:26] [ACCESS_ATTEMPT] User 'suthan@jobhunt.top' (Role: 'super_admin') attempting to access view: 'dashboard_service_one'.
[2025-06-01 08:20:26] [ACCESS_GRANTED] User 'suthan@jobhunt.top' accessed 'dashboard_service_one' view.
[2025-06-01 08:20:35] [ACCESS_ATTEMPT] User 'suthan@jobhunt.top' (Role: 'super_admin') attempting to access view: 'dashboard_service_one'.
[2025-06-01 08:20:35] [ACCESS_GRANTED] User 'suthan@jobhunt.top' accessed 'dashboard_service_one' view.
[2025-06-01 08:20:39] [ACCESS_ATTEMPT] User 'suthan@jobhunt.top' (Role: 'super_admin') attempting to access view: 'dashboard_overview'.
[2025-06-01 08:21:35] [ACCESS_ATTEMPT] User 'suthan@jobhunt.top' (Role: 'super_admin') attempting to access view: 'dashboard_overview'.
[2025-06-01 08:21:58] [ACCESS_ATTEMPT] User 'suthan@jobhunt.top' (Role: 'super_admin') attempting to access view: 'dashboard_service_one'.
[2025-06-01 08:21:58] [ACCESS_GRANTED] User 'suthan@jobhunt.top' accessed 'dashboard_service_one' view.
[2025-06-01 08:22:04] [ACCESS_ATTEMPT] User 'suthan@jobhunt.top' (Role: 'super_admin') attempting to access view: 'dashboard_overview'.
[2025-06-01 08:22:05] [ACCESS_ATTEMPT] User 'suthan@jobhunt.top' (Role: 'super_admin') attempting to access view: 'dashboard_service_one'.
[2025-06-01 08:22:05] [ACCESS_GRANTED] User 'suthan@jobhunt.top' accessed 'dashboard_service_one' view.
[2025-06-01 08:23:20] [ACCESS_ATTEMPT] User 'suthan@jobhunt.top' (Role: 'super_admin') attempting to access view: 'dashboard_user_info'.
[2025-06-01 08:23:20] [ACCESS_GRANTED] User 'suthan@jobhunt.top' accessed 'dashboard_user_info' view.
[2025-06-01 08:23:20] [ACCESS_GRANTED] User 'suthan@jobhunt.top' accessed 'dashboard_service_two' view.
[2025-06-01 08:23:22] [ACCESS_ATTEMPT] User 'suthan@jobhunt.top' (Role: 'super_admin') attempting to access view: 'dashboard_overview'.
[2025-06-01 08:24:11] [ACCESS_ATTEMPT] User 'suthan@jobhunt.top' (Role: 'super_admin') attempting to access view: 'messages'.
[2025-06-01 08:24:11] [ACCESS_GRANTED] User 'suthan@jobhunt.top' accessed 'messages' view.
[2025-06-01 08:27:01] [ACCESS_ATTEMPT] User 'suthan@jobhunt.top' (Role: 'super_admin') attempting to access view: 'messages'.
[2025-06-01 08:27:01] [ACCESS_GRANTED] User 'suthan@jobhunt.top' accessed 'messages' view.
[2025-06-01 08:27:05] [ACCESS_ATTEMPT] User 'suthan@jobhunt.top' (Role: 'super_admin') attempting to access view: 'dashboard_overview'.
[2025-06-01 08:27:07] [ACCESS_ATTEMPT] User 'suthan@jobhunt.top' (Role: 'super_admin') attempting to access view: 'dashboard_service_one'.
[2025-06-01 08:27:07] [ACCESS_GRANTED] User 'suthan@jobhunt.top' accessed 'dashboard_service_one' view.
[2025-06-01 08:27:10] [ACCESS_ATTEMPT] User 'suthan@jobhunt.top' (Role: 'super_admin') attempting to access view: 'dashboard_user_info'.
[2025-06-01 08:27:10] [ACCESS_GRANTED] User 'suthan@jobhunt.top' accessed 'dashboard_user_info' view.
[2025-06-01 08:27:10] [ACCESS_GRANTED] User 'suthan@jobhunt.top' accessed 'dashboard_service_two' view.
[2025-06-01 08:27:17] [ACCESS_ATTEMPT] User 'suthan@jobhunt.top' (Role: 'super_admin') attempting to access view: 'dashboard_user_info'.
[2025-06-01 08:27:17] [ACCESS_GRANTED] User 'suthan@jobhunt.top' accessed 'dashboard_user_info' view.
[2025-06-01 08:27:17] [ACCESS_GRANTED] User 'suthan@jobhunt.top' accessed 'dashboard_service_two' view.
[2025-06-01 08:27:18] [ACCESS_ATTEMPT] User 'suthan@jobhunt.top' (Role: 'super_admin') attempting to access view: 'dashboard_job_stats'.
[2025-06-01 08:27:18] [ACCESS_GRANTED] User 'suthan@jobhunt.top' accessed 'dashboard_job_stats' view.
[2025-06-01 08:27:23] [ACCESS_ATTEMPT] User 'suthan@jobhunt.top' (Role: 'super_admin') attempting to access view: 'dashboard_service_two'.
[2025-06-01 08:27:23] [ACCESS_GRANTED] User 'suthan@jobhunt.top' accessed 'dashboard_service_two' view.
[2025-06-01 08:27:26] [ACCESS_ATTEMPT] User 'suthan@jobhunt.top' (Role: 'super_admin') attempting to access view: 'dashboard_visitors_info'.
[2025-06-01 08:27:26] [ACCESS_GRANTED] User 'suthan@jobhunt.top' accessed 'dashboard_visitors_info' view.
[2025-06-01 08:27:40] [ACCESS_ATTEMPT] User 'suthan@jobhunt.top' (Role: 'super_admin') attempting to access view: 'dashboard_qoe'.
[2025-06-01 08:27:40] [ACCESS_GRANTED] User 'suthan@jobhunt.top' accessed 'dashboard_qoe' view.
[2025-06-01 08:27:44] [ACCESS_ATTEMPT] User 'suthan@jobhunt.top' (Role: 'super_admin') attempting to access view: 'dashboard_service_one'.
[2025-06-01 08:27:44] [ACCESS_GRANTED] User 'suthan@jobhunt.top' accessed 'dashboard_service_one' view.
[2025-06-01 08:27:45] [ACCESS_ATTEMPT] User 'suthan@jobhunt.top' (Role: 'super_admin') attempting to access view: 'dashboard_user_info'.
[2025-06-01 08:27:45] [ACCESS_GRANTED] User 'suthan@jobhunt.top' accessed 'dashboard_user_info' view.
[2025-06-01 08:27:45] [ACCESS_GRANTED] User 'suthan@jobhunt.top' accessed 'dashboard_service_two' view.
[2025-06-01 08:28:45] [ACCESS_ATTEMPT] User 'suthan@jobhunt.top' (Role: 'super_admin') attempting to access view: 'dashboard_user_info'.
[2025-06-01 08:28:45] [ACCESS_GRANTED] User 'suthan@jobhunt.top' accessed 'dashboard_user_info' view.
[2025-06-01 08:28:45] [ACCESS_GRANTED] User 'suthan@jobhunt.top' accessed 'dashboard_service_two' view.
[2025-06-01 08:28:46] [ACCESS_ATTEMPT] User 'suthan@jobhunt.top' (Role: 'super_admin') attempting to access view: 'dashboard_user_info'.
[2025-06-01 08:28:46] [ACCESS_GRANTED] User 'suthan@jobhunt.top' accessed 'dashboard_user_info' view.
[2025-06-01 08:28:46] [ACCESS_GRANTED] User 'suthan@jobhunt.top' accessed 'dashboard_service_two' view.
[2025-06-01 08:29:59] [ACCESS_ATTEMPT] User 'suthan@jobhunt.top' (Role: 'super_admin') attempting to access view: 'dashboard_user_info'.
[2025-06-01 08:29:59] [ACCESS_GRANTED] User 'suthan@jobhunt.top' accessed 'dashboard_user_info' view.
[2025-06-01 08:29:59] [ACCESS_GRANTED] User 'suthan@jobhunt.top' accessed 'dashboard_service_two' view.
[2025-06-01 08:30:03] [ACCESS_ATTEMPT] User 'suthan@jobhunt.top' (Role: 'super_admin') attempting to access view: 'dashboard_user_info'.
[2025-06-01 08:30:03] [ACCESS_GRANTED] User 'suthan@jobhunt.top' accessed 'dashboard_user_info' view.
[2025-06-01 08:30:03] [ACCESS_GRANTED] User 'suthan@jobhunt.top' accessed 'dashboard_service_two' view.
[2025-06-01 08:30:04] [ACCESS_ATTEMPT] User 'suthan@jobhunt.top' (Role: 'super_admin') attempting to access view: 'dashboard_user_info'.
[2025-06-01 08:30:04] [ACCESS_GRANTED] User 'suthan@jobhunt.top' accessed 'dashboard_user_info' view.
[2025-06-01 08:30:04] [ACCESS_GRANTED] User 'suthan@jobhunt.top' accessed 'dashboard_service_two' view.
[2025-06-01 08:30:05] [ACCESS_ATTEMPT] User 'suthan@jobhunt.top' (Role: 'super_admin') attempting to access view: 'dashboard_service_one'.
[2025-06-01 08:30:05] [ACCESS_GRANTED] User 'suthan@jobhunt.top' accessed 'dashboard_service_one' view.
[2025-06-01 08:30:06] [ACCESS_ATTEMPT] User 'suthan@jobhunt.top' (Role: 'super_admin') attempting to access view: 'dashboard_user_info'.
[2025-06-01 08:30:06] [ACCESS_GRANTED] User 'suthan@jobhunt.top' accessed 'dashboard_user_info' view.
[2025-06-01 08:30:06] [ACCESS_GRANTED] User 'suthan@jobhunt.top' accessed 'dashboard_service_two' view.
[2025-06-01 08:30:21] [ACCESS_ATTEMPT] User 'suthan@jobhunt.top' (Role: 'super_admin') attempting to access view: 'dashboard_user_info'.
[2025-06-01 08:30:21] [ACCESS_GRANTED] User 'suthan@jobhunt.top' accessed 'dashboard_user_info' view.
[2025-06-01 08:30:21] [ACCESS_GRANTED] User 'suthan@jobhunt.top' accessed 'dashboard_service_two' view.
[2025-06-01 08:30:29] [ACCESS_ATTEMPT] User 'suthan@jobhunt.top' (Role: 'super_admin') attempting to access view: 'dashboard_service_one'.
[2025-06-01 08:30:29] [ACCESS_GRANTED] User 'suthan@jobhunt.top' accessed 'dashboard_service_one' view.
[2025-06-01 08:30:30] [ACCESS_ATTEMPT] User 'suthan@jobhunt.top' (Role: 'super_admin') attempting to access view: 'dashboard_user_info'.
[2025-06-01 08:30:30] [ACCESS_GRANTED] User 'suthan@jobhunt.top' accessed 'dashboard_user_info' view.
[2025-06-01 08:30:30] [ACCESS_GRANTED] User 'suthan@jobhunt.top' accessed 'dashboard_service_two' view.
[2025-06-01 08:30:33] [ACCESS_ATTEMPT] User 'suthan@jobhunt.top' (Role: 'super_admin') attempting to access view: 'dashboard_service_one'.
[2025-06-01 08:30:33] [ACCESS_GRANTED] User 'suthan@jobhunt.top' accessed 'dashboard_service_one' view.
[2025-06-01 08:30:35] [ACCESS_ATTEMPT] User 'suthan@jobhunt.top' (Role: 'super_admin') attempting to access view: 'dashboard_overview'.
[2025-06-01 08:30:36] [ACCESS_ATTEMPT] User 'suthan@jobhunt.top' (Role: 'super_admin') attempting to access view: 'dashboard_service_one'.
[2025-06-01 08:30:36] [ACCESS_GRANTED] User 'suthan@jobhunt.top' accessed 'dashboard_service_one' view.
[2025-06-01 08:30:38] [ACCESS_ATTEMPT] User 'suthan@jobhunt.top' (Role: 'super_admin') attempting to access view: 'dashboard_user_info'.
[2025-06-01 08:30:38] [ACCESS_GRANTED] User 'suthan@jobhunt.top' accessed 'dashboard_user_info' view.
[2025-06-01 08:30:38] [ACCESS_GRANTED] User 'suthan@jobhunt.top' accessed 'dashboard_service_two' view.
[2025-06-01 08:30:39] [ACCESS_ATTEMPT] User 'suthan@jobhunt.top' (Role: 'super_admin') attempting to access view: 'dashboard_job_stats'.
[2025-06-01 08:30:39] [ACCESS_GRANTED] User 'suthan@jobhunt.top' accessed 'dashboard_job_stats' view.
[2025-06-01 08:30:41] [ACCESS_ATTEMPT] User 'suthan@jobhunt.top' (Role: 'super_admin') attempting to access view: 'dashboard_user_info'.
[2025-06-01 08:30:41] [ACCESS_GRANTED] User 'suthan@jobhunt.top' accessed 'dashboard_user_info' view.
[2025-06-01 08:30:41] [ACCESS_GRANTED] User 'suthan@jobhunt.top' accessed 'dashboard_service_two' view.
[2025-06-01 08:31:25] [ACCESS_ATTEMPT] User 'suthan@jobhunt.top' (Role: 'super_admin') attempting to access view: 'messages'.
[2025-06-01 08:31:25] [ACCESS_GRANTED] User 'suthan@jobhunt.top' accessed 'messages' view.
[2025-06-01 08:34:19] [ACCESS_ATTEMPT] User 'suthan@jobhunt.top' (Role: 'super_admin') attempting to access view: 'dashboard_overview'.
[2025-06-01 08:34:21] [ACCESS_ATTEMPT] User 'suthan@jobhunt.top' (Role: 'super_admin') attempting to access view: 'dashboard_user_info'.
[2025-06-01 08:34:21] [ACCESS_GRANTED] User 'suthan@jobhunt.top' accessed 'dashboard_user_info' view.
[2025-06-01 08:34:21] [ACCESS_GRANTED] User 'suthan@jobhunt.top' accessed 'dashboard_service_two' view.
[2025-06-01 08:38:18] [ACCESS_ATTEMPT] User 'suthan@jobhunt.top' (Role: 'super_admin') attempting to access view: 'dashboard_user_info'.
[2025-06-01 08:38:18] [ACCESS_GRANTED] User 'suthan@jobhunt.top' accessed 'dashboard_user_info' view.
[2025-06-01 08:38:18] [ACCESS_GRANTED] User 'suthan@jobhunt.top' accessed 'dashboard_service_two' view.
[2025-06-01 08:39:06] [ACCESS_ATTEMPT] User 'suthan@jobhunt.top' (Role: 'super_admin') attempting to access view: 'dashboard_user_info'.
[2025-06-01 08:39:06] [ACCESS_GRANTED] User 'suthan@jobhunt.top' accessed 'dashboard_user_info' view.
[2025-06-01 08:39:06] [ACCESS_GRANTED] User 'suthan@jobhunt.top' accessed 'dashboard_service_two' view.
[2025-06-01 08:41:19] [ACCESS_ATTEMPT] User 'suthan@jobhunt.top' (Role: 'super_admin') attempting to access view: 'dashboard_user_info'.
[2025-06-01 08:41:19] [ACCESS_GRANTED] User 'suthan@jobhunt.top' accessed 'dashboard_user_info' view.
[2025-06-01 08:41:19] [ACCESS_GRANTED] User 'suthan@jobhunt.top' accessed 'dashboard_service_two' view.
[2025-06-01 08:42:19] [ACCESS_ATTEMPT] User 'suthan@jobhunt.top' (Role: 'super_admin') attempting to access view: 'dashboard_overview'.
[2025-06-01 08:42:39] [ACCESS_ATTEMPT] User 'suthan@jobhunt.top' (Role: 'super_admin') attempting to access view: 'dashboard_overview'.
[2025-06-01 08:42:40] [ACCESS_ATTEMPT] User 'suthan@jobhunt.top' (Role: 'super_admin') attempting to access view: 'dashboard_job_stats'.
[2025-06-01 08:42:40] [ACCESS_GRANTED] User 'suthan@jobhunt.top' accessed 'dashboard_job_stats' view.
[2025-06-01 08:42:41] [ACCESS_ATTEMPT] User 'suthan@jobhunt.top' (Role: 'super_admin') attempting to access view: 'dashboard_user_info'.
[2025-06-01 08:42:41] [ACCESS_GRANTED] User 'suthan@jobhunt.top' accessed 'dashboard_user_info' view.
[2025-06-01 08:42:41] [ACCESS_GRANTED] User 'suthan@jobhunt.top' accessed 'dashboard_service_two' view.
[2025-06-01 08:44:35] [ACCESS_ATTEMPT] User 'suthan@jobhunt.top' (Role: 'super_admin') attempting to access view: 'dashboard_user_info'.
[2025-06-01 08:44:35] [ACCESS_GRANTED] User 'suthan@jobhunt.top' accessed 'dashboard_user_info' view.
[2025-06-01 08:44:35] [ACCESS_GRANTED] User 'suthan@jobhunt.top' accessed 'dashboard_service_two' view.
[2025-06-01 08:44:38] [ACCESS_ATTEMPT] User 'suthan@jobhunt.top' (Role: 'super_admin') attempting to access view: 'dashboard_service_one'.
[2025-06-01 08:44:38] [ACCESS_GRANTED] User 'suthan@jobhunt.top' accessed 'dashboard_service_one' view.
[2025-06-01 08:44:39] [ACCESS_ATTEMPT] User 'suthan@jobhunt.top' (Role: 'super_admin') attempting to access view: 'dashboard_service_two'.
[2025-06-01 08:44:39] [ACCESS_GRANTED] User 'suthan@jobhunt.top' accessed 'dashboard_service_two' view.
[2025-06-01 08:44:40] [ACCESS_ATTEMPT] User 'suthan@jobhunt.top' (Role: 'super_admin') attempting to access view: 'dashboard_visitors_info'.
[2025-06-01 08:44:40] [ACCESS_GRANTED] User 'suthan@jobhunt.top' accessed 'dashboard_visitors_info' view.
[2025-06-01 08:44:42] [ACCESS_ATTEMPT] User 'suthan@jobhunt.top' (Role: 'super_admin') attempting to access view: 'dashboard_qoe'.
[2025-06-01 08:44:42] [ACCESS_GRANTED] User 'suthan@jobhunt.top' accessed 'dashboard_qoe' view.
[2025-06-01 08:44:49] [ACCESS_ATTEMPT] User 'suthan@jobhunt.top' (Role: 'super_admin') attempting to access view: 'messages'.
[2025-06-01 08:44:49] [ACCESS_GRANTED] User 'suthan@jobhunt.top' accessed 'messages' view.
[2025-06-01 08:46:38] [ACCESS_ATTEMPT] User 'suthan@jobhunt.top' (Role: 'super_admin') attempting to access view: 'dashboard_overview'.
[2025-06-01 08:46:39] [ACCESS_ATTEMPT] User 'suthan@jobhunt.top' (Role: 'super_admin') attempting to access view: 'dashboard_job_stats'.
[2025-06-01 08:46:39] [ACCESS_GRANTED] User 'suthan@jobhunt.top' accessed 'dashboard_job_stats' view.
[2025-06-01 08:46:40] [ACCESS_ATTEMPT] User 'suthan@jobhunt.top' (Role: 'super_admin') attempting to access view: 'dashboard_user_info'.
[2025-06-01 08:46:41] [ACCESS_GRANTED] User 'suthan@jobhunt.top' accessed 'dashboard_user_info' view.
[2025-06-01 08:46:41] [ACCESS_GRANTED] User 'suthan@jobhunt.top' accessed 'dashboard_service_two' view.
[2025-06-01 08:46:49] [ACCESS_ATTEMPT] User 'suthan@jobhunt.top' (Role: 'super_admin') attempting to access view: 'dashboard_user_info'.
[2025-06-01 08:46:49] [ACCESS_GRANTED] User 'suthan@jobhunt.top' accessed 'dashboard_user_info' view.
[2025-06-01 08:46:49] [ACCESS_GRANTED] User 'suthan@jobhunt.top' accessed 'dashboard_service_two' view.
[2025-06-01 08:46:50] [ACCESS_ATTEMPT] User 'suthan@jobhunt.top' (Role: 'super_admin') attempting to access view: 'dashboard_service_one'.
[2025-06-01 08:46:50] [ACCESS_GRANTED] User 'suthan@jobhunt.top' accessed 'dashboard_service_one' view.
[2025-06-01 08:46:51] [ACCESS_ATTEMPT] User 'suthan@jobhunt.top' (Role: 'super_admin') attempting to access view: 'dashboard_user_info'.
[2025-06-01 08:46:51] [ACCESS_GRANTED] User 'suthan@jobhunt.top' accessed 'dashboard_user_info' view.
[2025-06-01 08:46:51] [ACCESS_GRANTED] User 'suthan@jobhunt.top' accessed 'dashboard_service_two' view.
[2025-06-01 08:48:58] [ACCESS_ATTEMPT] User 'suthan@jobhunt.top' (Role: 'super_admin') attempting to access view: 'dashboard_user_info'.
[2025-06-01 08:48:58] [ACCESS_GRANTED] User 'suthan@jobhunt.top' accessed 'dashboard_user_info' view.
[2025-06-01 08:48:58] [ACCESS_GRANTED] User 'suthan@jobhunt.top' accessed 'dashboard_service_two' view.
[2025-06-01 08:49:00] [ACCESS_ATTEMPT] User 'suthan@jobhunt.top' (Role: 'super_admin') attempting to access view: 'dashboard_user_info'.
[2025-06-01 08:49:00] [ACCESS_GRANTED] User 'suthan@jobhunt.top' accessed 'dashboard_user_info' view.
[2025-06-01 08:49:00] [ACCESS_GRANTED] User 'suthan@jobhunt.top' accessed 'dashboard_service_two' view.
[2025-06-01 08:50:15] [ACCESS_ATTEMPT] User 'suthan@jobhunt.top' (Role: 'super_admin') attempting to access view: 'dashboard_user_info'.
[2025-06-01 08:50:15] [ACCESS_GRANTED] User 'suthan@jobhunt.top' accessed 'dashboard_user_info' view.
[2025-06-01 08:50:15] [ACCESS_GRANTED] User 'suthan@jobhunt.top' accessed 'dashboard_service_two' view.
[2025-06-01 08:50:49] [ACCESS_ATTEMPT] User 'suthan@jobhunt.top' (Role: 'super_admin') attempting to access view: 'dashboard_user_info'.
[2025-06-01 08:50:49] [ACCESS_GRANTED] User 'suthan@jobhunt.top' accessed 'dashboard_user_info' view.
[2025-06-01 08:50:49] [ACCESS_GRANTED] User 'suthan@jobhunt.top' accessed 'dashboard_service_two' view.
[2025-06-01 08:51:03] [ACCESS_ATTEMPT] User 'suthan@jobhunt.top' (Role: 'super_admin') attempting to access view: 'dashboard_user_info'.
[2025-06-01 08:51:03] [ACCESS_GRANTED] User 'suthan@jobhunt.top' accessed 'dashboard_user_info' view.
[2025-06-01 08:51:03] [ACCESS_GRANTED] User 'suthan@jobhunt.top' accessed 'dashboard_service_two' view.
[2025-06-01 08:51:05] [ACCESS_ATTEMPT] User 'suthan@jobhunt.top' (Role: 'super_admin') attempting to access view: 'dashboard_job_stats'.
[2025-06-01 08:51:05] [ACCESS_GRANTED] User 'suthan@jobhunt.top' accessed 'dashboard_job_stats' view.
[2025-06-01 08:51:06] [ACCESS_ATTEMPT] User 'suthan@jobhunt.top' (Role: 'super_admin') attempting to access view: 'dashboard_service_two'.
[2025-06-01 08:51:06] [ACCESS_GRANTED] User 'suthan@jobhunt.top' accessed 'dashboard_service_two' view.
[2025-06-01 08:51:07] [ACCESS_ATTEMPT] User 'suthan@jobhunt.top' (Role: 'super_admin') attempting to access view: 'dashboard_job_stats'.
[2025-06-01 08:51:07] [ACCESS_GRANTED] User 'suthan@jobhunt.top' accessed 'dashboard_job_stats' view.
[2025-06-01 08:51:10] [ACCESS_ATTEMPT] User 'suthan@jobhunt.top' (Role: 'super_admin') attempting to access view: 'dashboard_service_one'.
[2025-06-01 08:51:10] [ACCESS_GRANTED] User 'suthan@jobhunt.top' accessed 'dashboard_service_one' view.
[2025-06-01 08:51:11] [ACCESS_ATTEMPT] User 'suthan@jobhunt.top' (Role: 'super_admin') attempting to access view: 'dashboard_user_info'.
[2025-06-01 08:51:11] [ACCESS_GRANTED] User 'suthan@jobhunt.top' accessed 'dashboard_user_info' view.
[2025-06-01 08:51:11] [ACCESS_GRANTED] User 'suthan@jobhunt.top' accessed 'dashboard_service_two' view.
[2025-06-01 08:51:16] [ACCESS_ATTEMPT] User 'suthan@jobhunt.top' (Role: 'super_admin') attempting to access view: 'dashboard_job_stats'.
[2025-06-01 08:51:16] [ACCESS_GRANTED] User 'suthan@jobhunt.top' accessed 'dashboard_job_stats' view.
[2025-06-01 08:51:19] [ACCESS_ATTEMPT] User 'suthan@jobhunt.top' (Role: 'super_admin') attempting to access view: 'messages'.
[2025-06-01 08:51:19] [ACCESS_GRANTED] User 'suthan@jobhunt.top' accessed 'messages' view.
[2025-06-01 08:51:21] [ACCESS_ATTEMPT] User 'suthan@jobhunt.top' (Role: 'super_admin') attempting to access view: 'manage_jobs'.
[2025-06-01 08:53:13] [ACCESS_ATTEMPT] User 'suthan@jobhunt.top' (Role: 'super_admin') attempting to access view: 'dashboard_overview'.
[2025-06-01 08:53:23] [ACCESS_ATTEMPT] User 'suthan@jobhunt.top' (Role: 'super_admin') attempting to access view: 'messages'.
[2025-06-01 08:53:23] [ACCESS_GRANTED] User 'suthan@jobhunt.top' accessed 'messages' view.
[2025-06-01 08:56:31] [ACCESS_ATTEMPT] User 'suthan@jobhunt.top' (Role: 'super_admin') attempting to access view: 'manage_jobs'.
[2025-06-01 08:57:19] [ACCESS_ATTEMPT] User 'suthan@jobhunt.top' (Role: 'super_admin') attempting to access view: 'messages'.
[2025-06-01 08:57:19] [ACCESS_GRANTED] User 'suthan@jobhunt.top' accessed 'messages' view.
[2025-06-01 08:57:33] [ACCESS_ATTEMPT] User 'suthan@jobhunt.top' (Role: 'super_admin') attempting to access view: 'manage_jobs'.
[2025-06-01 08:58:43] [ACCESS_ATTEMPT] User 'suthan@jobhunt.top' (Role: 'super_admin') attempting to access view: 'manage_jobs'.
[2025-06-01 08:59:09] [ACCESS_ATTEMPT] User 'suthan@jobhunt.top' (Role: 'super_admin') attempting to access view: 'manage_jobs'.
[2025-06-01 08:59:10] [ACCESS_ATTEMPT] User 'suthan@jobhunt.top' (Role: 'super_admin') attempting to access view: 'manage_jobs'.
[2025-06-01 08:59:43] [ACCESS_ATTEMPT] User 'suthan@jobhunt.top' (Role: 'super_admin') attempting to access view: 'post_job'.
[2025-06-01 08:59:48] [ACCESS_ATTEMPT] User 'suthan@jobhunt.top' (Role: 'super_admin') attempting to access view: 'post_job'.
[2025-06-01 08:59:52] [ACCESS_ATTEMPT] User 'suthan@jobhunt.top' (Role: 'super_admin') attempting to access view: 'manage_jobs'.
[2025-06-01 08:59:54] [ACCESS_ATTEMPT] User 'suthan@jobhunt.top' (Role: 'super_admin') attempting to access view: 'post_job'.
[2025-06-01 09:00:05] [ACCESS_ATTEMPT] User 'suthan@jobhunt.top' (Role: 'super_admin') attempting to access view: 'messages'.
[2025-06-01 09:00:05] [ACCESS_GRANTED] User 'suthan@jobhunt.top' accessed 'messages' view.
[2025-06-01 09:00:08] [ACCESS_ATTEMPT] User 'suthan@jobhunt.top' (Role: 'super_admin') attempting to access view: 'manage_jobs'.
[2025-06-01 09:00:11] [ACCESS_ATTEMPT] User 'suthan@jobhunt.top' (Role: 'super_admin') attempting to access view: 'edit_job'.
[2025-06-01 09:00:15] [ACCESS_ATTEMPT] User 'suthan@jobhunt.top' (Role: 'super_admin') attempting to access view: 'manage_jobs'.
[2025-06-01 09:00:22] [ACCESS_ATTEMPT] User 'suthan@jobhunt.top' (Role: 'super_admin') attempting to access view: 'edit_job'.
[2025-06-01 09:00:24] [ACCESS_ATTEMPT] User 'suthan@jobhunt.top' (Role: 'super_admin') attempting to access view: 'manage_jobs'.
[2025-06-01 09:01:01] [ACCESS_ATTEMPT] User 'suthan@jobhunt.top' (Role: 'super_admin') attempting to access view: 'messages'.
[2025-06-01 09:01:01] [ACCESS_GRANTED] User 'suthan@jobhunt.top' accessed 'messages' view.
[2025-06-01 09:01:02] [ACCESS_ATTEMPT] User 'suthan@jobhunt.top' (Role: 'super_admin') attempting to access view: 'manage_jobs'.
[2025-06-01 09:01:12] [ACCESS_ATTEMPT] User 'suthan@jobhunt.top' (Role: 'super_admin') attempting to access view: 'manage_jobs'.
[2025-06-01 09:01:15] [ACCESS_ATTEMPT] User 'suthan@jobhunt.top' (Role: 'super_admin') attempting to access view: 'manage_jobs'.
[2025-06-01 09:01:39] [ACCESS_ATTEMPT] User 'suthan@jobhunt.top' (Role: 'super_admin') attempting to access view: 'generate_message'.
[2025-06-01 09:01:41] [ACCESS_ATTEMPT] User 'suthan@jobhunt.top' (Role: 'super_admin') attempting to access view: 'achievements'.
[2025-06-01 09:01:42] [ACCESS_ATTEMPT] User 'suthan@jobhunt.top' (Role: 'super_admin') attempting to access view: 'manage_users'.
[2025-06-01 09:01:42] [ACCESS_GRANTED] User 'suthan@jobhunt.top' accessed 'manage_users' view.
[2025-06-01 09:01:48] [ACCESS_ATTEMPT] User 'suthan@jobhunt.top' (Role: 'super_admin') attempting to access view: 'reported_jobs'.
[2025-06-01 09:01:48] [ACCESS_GRANTED] User 'suthan@jobhunt.top' accessed 'reported_jobs' view.
[2025-06-01 09:01:49] [ACCESS_ATTEMPT] User 'suthan@jobhunt.top' (Role: 'super_admin') attempting to access view: 'post_job'.
[2025-06-01 09:01:51] [ACCESS_ATTEMPT] User 'suthan@jobhunt.top' (Role: 'super_admin') attempting to access view: 'manage_jobs'.
[2025-06-01 09:02:46] [ACCESS_ATTEMPT] User 'suthan@jobhunt.top' (Role: 'super_admin') attempting to access view: 'manage_jobs'.
[2025-06-01 09:02:49] [ACCESS_ATTEMPT] User 'suthan@jobhunt.top' (Role: 'super_admin') attempting to access view: 'edit_job'.
[2025-06-01 09:03:03] [ACCESS_ATTEMPT] User 'suthan@jobhunt.top' (Role: 'super_admin') attempting to access view: 'manage_jobs'.
[2025-06-01 09:03:19] [ACCESS_ATTEMPT] User 'suthan@jobhunt.top' (Role: 'super_admin') attempting to access view: 'post_job'.
[2025-06-01 09:03:23] [ACCESS_ATTEMPT] User 'suthan@jobhunt.top' (Role: 'super_admin') attempting to access view: 'manage_users'.
[2025-06-01 09:03:23] [ACCESS_GRANTED] User 'suthan@jobhunt.top' accessed 'manage_users' view.
[2025-06-01 09:03:25] [ACCESS_ATTEMPT] User 'suthan@jobhunt.top' (Role: 'super_admin') attempting to access view: 'post_job'.
[2025-06-01 09:03:26] [ACCESS_ATTEMPT] User 'suthan@jobhunt.top' (Role: 'super_admin') attempting to access view: 'reported_jobs'.
[2025-06-01 09:03:26] [ACCESS_GRANTED] User 'suthan@jobhunt.top' accessed 'reported_jobs' view.
[2025-06-01 09:03:27] [ACCESS_ATTEMPT] User 'suthan@jobhunt.top' (Role: 'super_admin') attempting to access view: 'post_job'.
[2025-06-01 09:04:12] [ACCESS_ATTEMPT] User 'suthan@jobhunt.top' (Role: 'super_admin') attempting to access view: 'reported_jobs'.
[2025-06-01 09:04:12] [ACCESS_GRANTED] User 'suthan@jobhunt.top' accessed 'reported_jobs' view.
[2025-06-01 09:04:27] [ACCESS_ATTEMPT] User 'suthan@jobhunt.top' (Role: 'super_admin') attempting to access view: 'manage_users'.
[2025-06-01 09:04:27] [ACCESS_GRANTED] User 'suthan@jobhunt.top' accessed 'manage_users' view.
[2025-06-01 09:05:08] [ACCESS_ATTEMPT] User 'suthan@jobhunt.top' (Role: 'super_admin') attempting to access view: 'post_job'.
[2025-06-01 09:05:09] [ACCESS_ATTEMPT] User 'suthan@jobhunt.top' (Role: 'super_admin') attempting to access view: 'manage_jobs'.
[2025-06-01 09:07:04] [ACCESS_ATTEMPT] User 'suthan@jobhunt.top' (Role: 'super_admin') attempting to access view: 'post_job'.
[2025-06-01 09:07:13] [AI_SUMMARY_SKIP] AI Summary generation skipped for job '14q': API Key is placeholder or empty.
[2025-06-01 09:07:17] [AI_SUMMARY_SUCCESS] AI summary generated successfully for job '14q'.
[2025-06-01 09:07:17] [JOB_POST_REVIEW_READY] Job post by 'suthan@jobhunt.top' (Title: '14q') ready for review. AI Summary generated (length: 2120).
[2025-06-01 09:07:17] [ACCESS_ATTEMPT] User 'suthan@jobhunt.top' (Role: 'super_admin') attempting to access view: 'post_job'.
[2025-06-01 09:07:29] [ACCESS_ATTEMPT] User 'suthan@jobhunt.top' (Role: 'super_admin') attempting to access view: 'post_job'.
[2025-06-01 09:08:45] [ACCESS_ATTEMPT] User 'suthan@jobhunt.top' (Role: 'super_admin') attempting to access view: 'post_job'.
[2025-06-01 09:08:46] [ACCESS_ATTEMPT] User 'suthan@jobhunt.top' (Role: 'super_admin') attempting to access view: 'post_job'.
[2025-06-01 09:08:47] [ACCESS_ATTEMPT] User 'suthan@jobhunt.top' (Role: 'super_admin') attempting to access view: 'post_job'.
[2025-06-01 09:08:49] [ACCESS_ATTEMPT] User 'suthan@jobhunt.top' (Role: 'super_admin') attempting to access view: 'reported_jobs'.
[2025-06-01 09:08:49] [ACCESS_GRANTED] User 'suthan@jobhunt.top' accessed 'reported_jobs' view.
[2025-06-01 09:09:16] [ACCESS_ATTEMPT] User 'suthan@jobhunt.top' (Role: 'super_admin') attempting to access view: 'reported_jobs'.
[2025-06-01 09:09:16] [ACCESS_GRANTED] User 'suthan@jobhunt.top' accessed 'reported_jobs' view.
[2025-06-01 09:09:28] [ACCESS_ATTEMPT] User 'suthan@jobhunt.top' (Role: 'super_admin') attempting to access view: 'manage_users'.
[2025-06-01 09:09:28] [ACCESS_GRANTED] User 'suthan@jobhunt.top' accessed 'manage_users' view.
[2025-06-01 09:09:29] [ACCESS_ATTEMPT] User 'suthan@jobhunt.top' (Role: 'super_admin') attempting to access view: 'reported_jobs'.
[2025-06-01 09:09:29] [ACCESS_GRANTED] User 'suthan@jobhunt.top' accessed 'reported_jobs' view.
[2025-06-01 09:09:33] [ACCESS_ATTEMPT] User 'suthan@jobhunt.top' (Role: 'super_admin') attempting to access view: 'post_job'.
[2025-06-01 09:09:35] [ACCESS_ATTEMPT] User 'suthan@jobhunt.top' (Role: 'super_admin') attempting to access view: 'reported_jobs'.
[2025-06-01 09:09:35] [ACCESS_GRANTED] User 'suthan@jobhunt.top' accessed 'reported_jobs' view.
[2025-06-01 09:09:36] [ACCESS_ATTEMPT] User 'suthan@jobhunt.top' (Role: 'super_admin') attempting to access view: 'manage_users'.
[2025-06-01 09:09:36] [ACCESS_GRANTED] User 'suthan@jobhunt.top' accessed 'manage_users' view.
[2025-06-01 09:09:44] [ACCESS_ATTEMPT] User 'suthan@jobhunt.top' (Role: 'super_admin') attempting to access view: 'messages'.
[2025-06-01 09:09:44] [ACCESS_GRANTED] User 'suthan@jobhunt.top' accessed 'messages' view.
[2025-06-01 09:10:15] [ACCESS_ATTEMPT] User 'suthan@jobhunt.top' (Role: 'super_admin') attempting to access view: 'manage_users'.
[2025-06-01 09:10:15] [ACCESS_GRANTED] User 'suthan@jobhunt.top' accessed 'manage_users' view.
[2025-06-01 09:10:32] [ACCESS_ATTEMPT] User 'suthan@jobhunt.top' (Role: 'super_admin') attempting to access view: 'reported_jobs'.
[2025-06-01 09:10:32] [ACCESS_GRANTED] User 'suthan@jobhunt.top' accessed 'reported_jobs' view.
[2025-06-01 09:10:36] [ACCESS_ATTEMPT] User 'suthan@jobhunt.top' (Role: 'super_admin') attempting to access view: 'manage_users'.
[2025-06-01 09:10:36] [ACCESS_GRANTED] User 'suthan@jobhunt.top' accessed 'manage_users' view.
[2025-06-01 09:10:38] [ACCESS_ATTEMPT] User 'suthan@jobhunt.top' (Role: 'super_admin') attempting to access view: 'achievements'.
[2025-06-01 09:10:46] [ACCESS_ATTEMPT] User 'suthan@jobhunt.top' (Role: 'super_admin') attempting to access view: 'generate_message'.
[2025-06-01 09:10:49] [ACCESS_ATTEMPT] User 'suthan@jobhunt.top' (Role: 'super_admin') attempting to access view: 'logs'.
[2025-06-01 09:10:49] [ACCESS_GRANTED] User 'suthan@jobhunt.top' accessed 'logs' view.
[2025-06-01 09:10:51] [ACCESS_ATTEMPT] User 'suthan@jobhunt.top' (Role: 'super_admin') attempting to access view: 'server_management'.
[2025-06-01 09:10:51] [ACCESS_GRANTED] User 'suthan@jobhunt.top' accessed 'server_management' view.
[2025-06-01 09:10:54] [ACCESS_ATTEMPT] User 'suthan@jobhunt.top' (Role: 'super_admin') attempting to access view: 'whatsapp_profile'.
[2025-06-01 09:10:54] [ACCESS_GRANTED] User 'suthan@jobhunt.top' accessed 'whatsapp_profile' view.
[2025-06-01 09:10:56] [ACCESS_ATTEMPT] User 'suthan@jobhunt.top' (Role: 'super_admin') attempting to access view: 'manage_users'.
[2025-06-01 09:10:56] [ACCESS_GRANTED] User 'suthan@jobhunt.top' accessed 'manage_users' view.
[2025-06-01 09:11:41] [ACCESS_ATTEMPT] User 'suthan@jobhunt.top' (Role: 'super_admin') attempting to access view: 'post_job'.
[2025-06-01 09:11:48] [ACCESS_ATTEMPT] User 'suthan@jobhunt.top' (Role: 'super_admin') attempting to access view: 'manage_jobs'.
[2025-06-01 09:11:49] [ACCESS_ATTEMPT] User 'suthan@jobhunt.top' (Role: 'super_admin') attempting to access view: 'post_job'.
[2025-06-01 09:11:56] [ACCESS_ATTEMPT] User 'suthan@jobhunt.top' (Role: 'super_admin') attempting to access view: 'reported_jobs'.
[2025-06-01 09:11:56] [ACCESS_GRANTED] User 'suthan@jobhunt.top' accessed 'reported_jobs' view.
[2025-06-01 09:11:57] [ACCESS_ATTEMPT] User 'suthan@jobhunt.top' (Role: 'super_admin') attempting to access view: 'manage_users'.
[2025-06-01 09:11:57] [ACCESS_GRANTED] User 'suthan@jobhunt.top' accessed 'manage_users' view.
[2025-06-01 09:14:12] [ACCESS_ATTEMPT] User 'suthan@jobhunt.top' (Role: 'super_admin') attempting to access view: 'edit_user'.
[2025-06-01 09:14:17] [ACCESS_ATTEMPT] User 'suthan@jobhunt.top' (Role: 'super_admin') attempting to access view: 'manage_users'.
[2025-06-01 09:14:17] [ACCESS_GRANTED] User 'suthan@jobhunt.top' accessed 'manage_users' view.
[2025-06-01 09:14:21] [ACCESS_ATTEMPT] User 'suthan@jobhunt.top' (Role: 'super_admin') attempting to access view: 'edit_user'.
[2025-06-01 09:14:28] [ACCESS_ATTEMPT] User 'suthan@jobhunt.top' (Role: 'super_admin') attempting to access view: 'manage_users'.
[2025-06-01 09:14:28] [ACCESS_GRANTED] User 'suthan@jobhunt.top' accessed 'manage_users' view.
[2025-06-01 09:14:52] [ACCESS_ATTEMPT] User 'suthan@jobhunt.top' (Role: 'super_admin') attempting to access view: 'server_management'.
[2025-06-01 09:14:52] [ACCESS_GRANTED] User 'suthan@jobhunt.top' accessed 'server_management' view.
[2025-06-01 09:16:02] [ACCESS_ATTEMPT] User 'suthan@jobhunt.top' (Role: 'super_admin') attempting to access view: 'generate_message'.
[2025-06-01 09:16:03] [ACCESS_ATTEMPT] User 'suthan@jobhunt.top' (Role: 'super_admin') attempting to access view: 'generate_message'.
[2025-06-01 09:16:07] [ACCESS_ATTEMPT] User 'suthan@jobhunt.top' (Role: 'super_admin') attempting to access view: 'post_job'.
[2025-06-01 09:16:11] [AI_SUMMARY_SKIP] AI Summary generation skipped for job '14q': API Key is placeholder or empty.
[2025-06-01 09:16:16] [AI_SUMMARY_SUCCESS] AI summary generated successfully for job '14q'.
[2025-06-01 09:16:16] [JOB_POST_REVIEW_READY] Job post by 'suthan@jobhunt.top' (Title: '14q') ready for review. AI Summary generated (length: 2118).
[2025-06-01 09:16:16] [ACCESS_ATTEMPT] User 'suthan@jobhunt.top' (Role: 'super_admin') attempting to access view: 'post_job'.
[2025-06-01 09:16:18] [JOB_POST_SUCCESS] Job ID '1748749578_1649' (Title: '14q') posted successfully by 'suthan@jobhunt.top'.
[2025-06-01 09:16:20] [AI_IMAGE_ERROR] AI poster image generation FAILED for job ID '1748749578_1649'. Prompt: 'Create a professional and visually appealing poster for a job opening. Job Title: '14q'. Company: 'Allitson'. Location: ''. Key elements to convey: opportunity, growth, modern workplace. Style: Clean, corporate, with a touch of innovation. Dominant colors: blues, greys, with an accent color like teal or orange. Include abstract representations of collaboration or technology if appropriate. Avoid text clutter.'
[2025-06-01 09:16:20] [ACCESS_ATTEMPT] User 'suthan@jobhunt.top' (Role: 'super_admin') attempting to access view: 'manage_jobs'.
[2025-06-01 09:16:33] [ACCESS_ATTEMPT] User 'suthan@jobhunt.top' (Role: 'super_admin') attempting to access view: 'generate_message'.
[2025-06-01 09:16:33] [ACCESS_GRANTED] User 'suthan@jobhunt.top' accessed 'generate_message' view. WhatsApp generated: Yes. Telegram generated: Yes.
[2025-06-01 09:17:30] [ACCESS_ATTEMPT] User 'suthan@jobhunt.top' (Role: 'super_admin') attempting to access view: 'generate_message'.
[2025-06-01 09:17:30] [ACCESS_GRANTED] User 'suthan@jobhunt.top' accessed 'generate_message' view. WhatsApp generated: Yes. Telegram generated: Yes.
[2025-06-01 09:18:29] [ACCESS_ATTEMPT] User 'suthan@jobhunt.top' (Role: 'super_admin') attempting to access view: 'logs'.
[2025-06-01 09:18:29] [ACCESS_GRANTED] User 'suthan@jobhunt.top' accessed 'logs' view.
[2025-06-01 09:18:36] [ACCESS_ATTEMPT] User 'suthan@jobhunt.top' (Role: 'super_admin') attempting to access view: 'manage_users'.
[2025-06-01 09:18:36] [ACCESS_GRANTED] User 'suthan@jobhunt.top' accessed 'manage_users' view.
[2025-06-01 09:18:44] [ACCESS_ATTEMPT] User 'suthan@jobhunt.top' (Role: 'super_admin') attempting to access view: 'edit_user'.
[2025-06-01 09:18:48] [ACCESS_ATTEMPT] User 'suthan@jobhunt.top' (Role: 'super_admin') attempting to access view: 'manage_users'.
[2025-06-01 09:18:48] [ACCESS_GRANTED] User 'suthan@jobhunt.top' accessed 'manage_users' view.
[2025-06-01 09:18:55] [ACCESS_ATTEMPT] User 'suthan@jobhunt.top' (Role: 'super_admin') attempting to access view: 'server_management'.
[2025-06-01 09:18:55] [ACCESS_GRANTED] User 'suthan@jobhunt.top' accessed 'server_management' view.
[2025-06-01 09:19:00] [ACCESS_ATTEMPT] User 'suthan@jobhunt.top' (Role: 'super_admin') attempting to access view: 'achievements'.
[2025-06-01 09:19:02] [ACCESS_ATTEMPT] User 'suthan@jobhunt.top' (Role: 'super_admin') attempting to access view: 'manage_jobs'.
[2025-06-01 09:19:07] [ACCESS_ATTEMPT] User 'suthan@jobhunt.top' (Role: 'super_admin') attempting to access view: 'achievements'.
[2025-06-01 09:20:30] [ACCESS_ATTEMPT] User 'suthan@jobhunt.top' (Role: 'super_admin') attempting to access view: 'manage_jobs'.
[2025-06-01 09:20:38] [ACCESS_ATTEMPT] User 'suthan@jobhunt.top' (Role: 'super_admin') attempting to access view: 'dashboard_overview'.
[2025-06-01 09:20:40] [ACCESS_ATTEMPT] User 'suthan@jobhunt.top' (Role: 'super_admin') attempting to access view: 'dashboard_overview'.
[2025-06-01 09:21:05] [AUTH_INFO] User 'suthan@jobhunt.top' logged out.
[2025-06-01 09:21:09] [AUTH_SUCCESS] User 'suthan@jobhunt.top' logged in successfully. Role: 'super_admin'.
[2025-06-01 09:21:09] [ACCESS_ATTEMPT] User 'suthan@jobhunt.top' (Role: 'super_admin') attempting to access view: 'dashboard_overview'.
[2025-06-01 09:21:32] [ACCESS_ATTEMPT] User 'suthan@jobhunt.top' (Role: 'super_admin') attempting to access view: 'messages'.
[2025-06-01 09:21:32] [ACCESS_GRANTED] User 'suthan@jobhunt.top' accessed 'messages' view.
[2025-06-01 09:24:23] [ACCESS_ATTEMPT] User 'suthan@jobhunt.top' (Role: 'super_admin') attempting to access view: 'messages'.
[2025-06-01 09:24:23] [ACCESS_GRANTED] User 'suthan@jobhunt.top' accessed 'messages' view.
[2025-06-01 09:24:25] [ACCESS_ATTEMPT] User 'suthan@jobhunt.top' (Role: 'super_admin') attempting to access view: 'profile'.
[2025-06-01 09:24:25] [ACCESS_GRANTED] User 'suthan@jobhunt.top' accessed 'profile' view.
[2025-06-01 09:24:45] [ACCESS_ATTEMPT] User 'suthan@jobhunt.top' (Role: 'super_admin') attempting to access view: 'server_management'.
[2025-06-01 09:24:45] [ACCESS_GRANTED] User 'suthan@jobhunt.top' accessed 'server_management' view.
[2025-06-01 09:24:53] [ACCESS_ATTEMPT] User 'suthan@jobhunt.top' (Role: 'super_admin') attempting to access view: 'whatsapp_profile'.
[2025-06-01 09:24:53] [ACCESS_GRANTED] User 'suthan@jobhunt.top' accessed 'whatsapp_profile' view.
[2025-06-01 09:24:59] [ACCESS_ATTEMPT] User 'suthan@jobhunt.top' (Role: 'super_admin') attempting to access view: 'generate_message'.
[2025-06-01 09:24:59] [ACCESS_GRANTED] User 'suthan@jobhunt.top' accessed 'generate_message' view. WhatsApp generated: Yes. Telegram generated: Yes.
[2025-06-01 09:25:01] [ACCESS_ATTEMPT] User 'suthan@jobhunt.top' (Role: 'super_admin') attempting to access view: 'manage_users'.
[2025-06-01 09:25:01] [ACCESS_GRANTED] User 'suthan@jobhunt.top' accessed 'manage_users' view.
[2025-06-01 09:25:02] [ACCESS_ATTEMPT] User 'suthan@jobhunt.top' (Role: 'super_admin') attempting to access view: 'achievements'.
[2025-06-01 09:25:05] [ACCESS_ATTEMPT] User 'suthan@jobhunt.top' (Role: 'super_admin') attempting to access view: 'manage_users'.
[2025-06-01 09:25:05] [ACCESS_GRANTED] User 'suthan@jobhunt.top' accessed 'manage_users' view.
[2025-06-01 09:26:12] [ACCESS_ATTEMPT] User 'suthan@jobhunt.top' (Role: 'super_admin') attempting to access view: 'manage_jobs'.
[2025-06-01 09:26:20] [ACCESS_ATTEMPT] User 'suthan@jobhunt.top' (Role: 'super_admin') attempting to access view: 'post_job'.
[2025-06-01 09:26:25] [ACCESS_ATTEMPT] User 'suthan@jobhunt.top' (Role: 'super_admin') attempting to access view: 'reported_jobs'.
[2025-06-01 09:26:25] [ACCESS_GRANTED] User 'suthan@jobhunt.top' accessed 'reported_jobs' view.
[2025-06-01 09:26:31] [ACCESS_ATTEMPT] User 'suthan@jobhunt.top' (Role: 'super_admin') attempting to access view: 'manage_users'.
[2025-06-01 09:26:31] [ACCESS_GRANTED] User 'suthan@jobhunt.top' accessed 'manage_users' view.
[2025-06-01 09:26:35] [ACCESS_ATTEMPT] User 'suthan@jobhunt.top' (Role: 'super_admin') attempting to access view: 'achievements'.
[2025-06-01 09:26:39] [ACCESS_ATTEMPT] User 'suthan@jobhunt.top' (Role: 'super_admin') attempting to access view: 'generate_message'.
[2025-06-01 09:26:39] [ACCESS_GRANTED] User 'suthan@jobhunt.top' accessed 'generate_message' view. WhatsApp generated: Yes. Telegram generated: Yes.
[2025-06-01 09:26:42] [ACCESS_ATTEMPT] User 'suthan@jobhunt.top' (Role: 'super_admin') attempting to access view: 'logs'.
[2025-06-01 09:26:42] [ACCESS_GRANTED] User 'suthan@jobhunt.top' accessed 'logs' view.
[2025-06-01 09:26:47] [ACCESS_ATTEMPT] User 'suthan@jobhunt.top' (Role: 'super_admin') attempting to access view: 'server_management'.
[2025-06-01 09:26:47] [ACCESS_GRANTED] User 'suthan@jobhunt.top' accessed 'server_management' view.
[2025-06-01 09:26:51] [ACCESS_ATTEMPT] User 'suthan@jobhunt.top' (Role: 'super_admin') attempting to access view: 'whatsapp_profile'.
[2025-06-01 09:26:51] [ACCESS_GRANTED] User 'suthan@jobhunt.top' accessed 'whatsapp_profile' view.
[2025-06-01 09:26:53] [ACCESS_ATTEMPT] User 'suthan@jobhunt.top' (Role: 'super_admin') attempting to access view: 'profile'.
[2025-06-01 09:26:53] [ACCESS_GRANTED] User 'suthan@jobhunt.top' accessed 'profile' view.
[2025-06-01 09:26:57] [AUTH_INFO] User 'suthan@jobhunt.top' logged out.
[2025-06-01 09:27:20] [REG_SUCCESS] New user registration: 's.ariharasuthan@gmail.com'. Status: pending_approval.
[2025-06-01 09:27:47] [REG_SUCCESS] New user registration: 'sa@jobhunt.top'. Status: pending_approval.
[2025-06-01 09:27:57] [AUTH_SUCCESS] User 'suthan@jobhunt.top' logged in successfully. Role: 'super_admin'.
[2025-06-01 09:27:57] [ACCESS_ATTEMPT] User 'suthan@jobhunt.top' (Role: 'super_admin') attempting to access view: 'dashboard_overview'.
[2025-06-01 09:28:05] [ACCESS_ATTEMPT] User 'suthan@jobhunt.top' (Role: 'super_admin') attempting to access view: 'profile'.
[2025-06-01 09:28:05] [ACCESS_GRANTED] User 'suthan@jobhunt.top' accessed 'profile' view.
[2025-06-01 09:28:10] [ACCESS_ATTEMPT] User 'suthan@jobhunt.top' (Role: 'super_admin') attempting to access view: 'server_management'.
[2025-06-01 09:28:10] [ACCESS_GRANTED] User 'suthan@jobhunt.top' accessed 'server_management' view.
[2025-06-01 09:28:15] [ACCESS_ATTEMPT] User 'suthan@jobhunt.top' (Role: 'super_admin') attempting to access view: 'profile'.
[2025-06-01 09:28:15] [ACCESS_GRANTED] User 'suthan@jobhunt.top' accessed 'profile' view.
[2025-06-01 09:28:37] [ACCESS_ATTEMPT] User 'suthan@jobhunt.top' (Role: 'super_admin') attempting to access view: 'whatsapp_profile'.
[2025-06-01 09:28:37] [ACCESS_GRANTED] User 'suthan@jobhunt.top' accessed 'whatsapp_profile' view.
[2025-06-01 09:28:38] [ACCESS_ATTEMPT] User 'suthan@jobhunt.top' (Role: 'super_admin') attempting to access view: 'achievements'.
[2025-06-01 09:28:41] [ACCESS_ATTEMPT] User 'suthan@jobhunt.top' (Role: 'super_admin') attempting to access view: 'manage_users'.
[2025-06-01 09:28:41] [ACCESS_GRANTED] User 'suthan@jobhunt.top' accessed 'manage_users' view.
[2025-06-01 09:28:51] [USER_STATUS_CHANGE] User 's.ariharasuthan@gmail.com' registration rejected (deleted) by 'suthan@jobhunt.top'.
[2025-06-01 09:28:51] [ACCESS_ATTEMPT] User 'suthan@jobhunt.top' (Role: 'super_admin') attempting to access view: 'manage_users'.
[2025-06-01 09:28:51] [ACCESS_GRANTED] User 'suthan@jobhunt.top' accessed 'manage_users' view.
[2025-06-01 09:29:00] [USER_STATUS_CHANGE] User 'sa@jobhunt.top' approved by 'suthan@jobhunt.top'. Status: active.
[2025-06-01 09:29:00] [ACCESS_ATTEMPT] User 'suthan@jobhunt.top' (Role: 'super_admin') attempting to access view: 'manage_users'.
[2025-06-01 09:29:00] [ACCESS_GRANTED] User 'suthan@jobhunt.top' accessed 'manage_users' view.
[2025-06-01 09:29:06] [ACCESS_ATTEMPT] User 'suthan@jobhunt.top' (Role: 'super_admin') attempting to access view: 'edit_user'.
[2025-06-01 09:29:15] [ACCESS_ATTEMPT] User 'suthan@jobhunt.top' (Role: 'super_admin') attempting to access view: 'dashboard_overview'.
[2025-06-01 09:29:22] [ACCESS_ATTEMPT] User 'suthan@jobhunt.top' (Role: 'super_admin') attempting to access view: 'messages'.
[2025-06-01 09:29:22] [ACCESS_GRANTED] User 'suthan@jobhunt.top' accessed 'messages' view.
[2025-06-01 09:31:16] [ACCESS_ATTEMPT] User 'suthan@jobhunt.top' (Role: 'super_admin') attempting to access view: 'manage_jobs'.
[2025-06-01 09:44:29] [ACCESS_ATTEMPT] User 'suthan@jobhunt.top' (Role: 'super_admin') attempting to access view: 'manage_jobs'.
[2025-06-01 09:44:32] [ACCESS_ATTEMPT] User 'suthan@jobhunt.top' (Role: 'super_admin') attempting to access view: 'messages'.
[2025-06-01 09:44:32] [ACCESS_GRANTED] User 'suthan@jobhunt.top' accessed 'messages' view.
[2025-06-01 09:45:10] [ACCESS_ATTEMPT] User 'suthan@jobhunt.top' (Role: 'super_admin') attempting to access view: 'messages'.
[2025-06-01 09:45:10] [ACCESS_GRANTED] User 'suthan@jobhunt.top' accessed 'messages' view.
[2025-06-01 09:49:18] [ACCESS_ATTEMPT] User 'suthan@jobhunt.top' (Role: 'super_admin') attempting to access view: 'manage_jobs'.
[2025-06-01 09:49:20] [ACCESS_ATTEMPT] User 'suthan@jobhunt.top' (Role: 'super_admin') attempting to access view: 'messages'.
[2025-06-01 09:49:20] [ACCESS_GRANTED] User 'suthan@jobhunt.top' accessed 'messages' view.
[2025-06-01 09:49:30] [ACCESS_ATTEMPT] User 'suthan@jobhunt.top' (Role: 'super_admin') attempting to access view: 'messages'.
[2025-06-01 09:49:30] [ACCESS_GRANTED] User 'suthan@jobhunt.top' accessed 'messages' view.
[2025-06-01 09:51:20] [ACCESS_ATTEMPT] User 'suthan@jobhunt.top' (Role: 'super_admin') attempting to access view: 'manage_jobs'.
[2025-06-01 09:51:23] [ACCESS_ATTEMPT] User 'suthan@jobhunt.top' (Role: 'super_admin') attempting to access view: 'reported_jobs'.
[2025-06-01 09:51:23] [ACCESS_GRANTED] User 'suthan@jobhunt.top' accessed 'reported_jobs' view.
[2025-06-01 09:52:40] [ACCESS_ATTEMPT] User 'suthan@jobhunt.top' (Role: 'super_admin') attempting to access view: 'reported_jobs'.
[2025-06-01 09:52:40] [ACCESS_GRANTED] User 'suthan@jobhunt.top' accessed 'reported_jobs' view.
[2025-06-01 09:52:41] [ACCESS_ATTEMPT] User 'suthan@jobhunt.top' (Role: 'super_admin') attempting to access view: 'post_job'.
[2025-06-01 09:52:43] [ACCESS_ATTEMPT] User 'suthan@jobhunt.top' (Role: 'super_admin') attempting to access view: 'manage_jobs'.
[2025-06-01 09:52:47] [ACCESS_ATTEMPT] User 'suthan@jobhunt.top' (Role: 'super_admin') attempting to access view: 'messages'.
[2025-06-01 09:52:47] [ACCESS_GRANTED] User 'suthan@jobhunt.top' accessed 'messages' view.
[2025-06-01 09:54:11] [ACCESS_ATTEMPT] User 'suthan@jobhunt.top' (Role: 'super_admin') attempting to access view: 'messages'.
[2025-06-01 09:54:11] [ACCESS_GRANTED] User 'suthan@jobhunt.top' accessed 'messages' view.
[2025-06-01 09:59:41] [ACCESS_ATTEMPT] User 'suthan@jobhunt.top' (Role: 'super_admin') attempting to access view: 'manage_jobs'.
[2025-06-01 10:00:58] [ACCESS_ATTEMPT] User 'suthan@jobhunt.top' (Role: 'super_admin') attempting to access view: 'manage_jobs'.
[2025-06-01 10:01:08] [ACCESS_ATTEMPT] User 'suthan@jobhunt.top' (Role: 'super_admin') attempting to access view: 'messages'.
[2025-06-01 10:01:08] [ACCESS_GRANTED] User 'suthan@jobhunt.top' accessed 'messages' view.
[2025-06-01 10:02:08] [ACCESS_ATTEMPT] User 'suthan@jobhunt.top' (Role: 'super_admin') attempting to access view: 'dashboard_overview'.
[2025-06-01 10:03:57] [ACCESS_ATTEMPT] User 'suthan@jobhunt.top' (Role: 'super_admin') attempting to access view: 'dashboard_overview'.
[2025-06-01 10:04:01] [ACCESS_ATTEMPT] User 'suthan@jobhunt.top' (Role: 'super_admin') attempting to access view: 'manage_jobs'.
[2025-06-01 10:06:56] [ACCESS_ATTEMPT] User 'suthan@jobhunt.top' (Role: 'super_admin') attempting to access view: 'manage_jobs'.
[2025-06-01 10:10:23] [ACCESS_ATTEMPT] User 'suthan@jobhunt.top' (Role: 'super_admin') attempting to access view: 'profile'.
[2025-06-01 10:10:23] [ACCESS_GRANTED] User 'suthan@jobhunt.top' accessed 'profile' view.
[2025-06-01 10:12:16] [ACCESS_ATTEMPT] User 'suthan@jobhunt.top' (Role: 'super_admin') attempting to access view: 'profile'.
[2025-06-01 10:12:16] [ACCESS_GRANTED] User 'suthan@jobhunt.top' accessed 'profile' view.
[2025-06-01 10:12:24] [ACCESS_ATTEMPT] User 'suthan@jobhunt.top' (Role: 'super_admin') attempting to access view: 'dashboard_overview'.
[2025-06-01 10:12:39] [ACCESS_ATTEMPT] User 'suthan@jobhunt.top' (Role: 'super_admin') attempting to access view: 'dashboard_overview'.
[2025-06-01 10:12:41] [ACCESS_ATTEMPT] User 'suthan@jobhunt.top' (Role: 'super_admin') attempting to access view: 'dashboard_overview'.
[2025-06-01 10:12:42] [ACCESS_ATTEMPT] User 'suthan@jobhunt.top' (Role: 'super_admin') attempting to access view: 'dashboard_overview'.
[2025-06-01 10:16:13] [ACCESS_ATTEMPT] User 'suthan@jobhunt.top' (Role: 'super_admin') attempting to access view: 'messages'.
[2025-06-01 10:16:13] [ACCESS_GRANTED] User 'suthan@jobhunt.top' accessed 'messages' view.
[2025-06-01 10:18:44] [ACCESS_ATTEMPT] User 'suthan@jobhunt.top' (Role: 'super_admin') attempting to access view: 'messages'.
[2025-06-01 10:18:44] [ACCESS_GRANTED] User 'suthan@jobhunt.top' accessed 'messages' view.
[2025-06-01 10:18:44] [ACCESS_ATTEMPT] User 'suthan@jobhunt.top' (Role: 'super_admin') attempting to access view: 'messages'.
[2025-06-01 10:18:44] [ACCESS_GRANTED] User 'suthan@jobhunt.top' accessed 'messages' view.
[2025-06-01 10:20:22] [ACCESS_ATTEMPT] User 'suthan@jobhunt.top' (Role: 'super_admin') attempting to access view: 'messages'.
[2025-06-01 10:20:22] [ACCESS_GRANTED] User 'suthan@jobhunt.top' accessed 'messages' view.
[2025-06-01 10:21:31] [ACCESS_ATTEMPT] User 'suthan@jobhunt.top' (Role: 'super_admin') attempting to access view: 'messages'.
[2025-06-01 10:21:31] [ACCESS_GRANTED] User 'suthan@jobhunt.top' accessed 'messages' view.
[2025-06-01 10:23:47] [ACCESS_ATTEMPT] User 'suthan@jobhunt.top' (Role: 'super_admin') attempting to access view: 'messages'.
[2025-06-01 10:23:47] [ACCESS_GRANTED] User 'suthan@jobhunt.top' accessed 'messages' view.
[2025-06-01 10:27:37] [ACCESS_ATTEMPT] User 'suthan@jobhunt.top' (Role: 'super_admin') attempting to access view: 'messages'.
[2025-06-01 10:27:37] [ACCESS_GRANTED] User 'suthan@jobhunt.top' accessed 'messages' view.
[2025-06-01 10:27:55] [ACCESS_ATTEMPT] User 'suthan@jobhunt.top' (Role: 'super_admin') attempting to access view: 'dashboard_overview'.
[2025-06-01 10:28:22] [ACCESS_ATTEMPT] User 'suthan@jobhunt.top' (Role: 'super_admin') attempting to access view: 'dashboard_overview'.
[2025-06-01 10:28:26] [ACCESS_ATTEMPT] User 'suthan@jobhunt.top' (Role: 'super_admin') attempting to access view: 'dashboard_overview'.
[2025-06-01 10:30:40] [ACCESS_ATTEMPT] User 'suthan@jobhunt.top' (Role: 'super_admin') attempting to access view: 'dashboard_overview'.
[2025-06-01 10:34:53] [ACCESS_ATTEMPT] User 'suthan@jobhunt.top' (Role: 'super_admin') attempting to access view: 'dashboard_overview'.
[2025-06-01 10:36:00] [ACCESS_ATTEMPT] User 'suthan@jobhunt.top' (Role: 'super_admin') attempting to access view: 'dashboard_overview'.
[2025-06-01 10:39:23] [ACCESS_ATTEMPT] User 'suthan@jobhunt.top' (Role: 'super_admin') attempting to access view: 'dashboard_overview'.
[2025-06-01 10:39:33] [ACCESS_ATTEMPT] User 'suthan@jobhunt.top' (Role: 'super_admin') attempting to access view: 'dashboard_overview'.
[2025-06-01 10:39:35] [ACCESS_ATTEMPT] User 'suthan@jobhunt.top' (Role: 'super_admin') attempting to access view: 'dashboard_overview'.
[2025-06-01 10:39:52] [ACCESS_ATTEMPT] User 'suthan@jobhunt.top' (Role: 'super_admin') attempting to access view: 'dashboard_overview'.
[2025-06-01 10:39:53] [ACCESS_ATTEMPT] User 'suthan@jobhunt.top' (Role: 'super_admin') attempting to access view: 'dashboard_overview'.
[2025-06-01 10:40:00] [ACCESS_ATTEMPT] User 'suthan@jobhunt.top' (Role: 'super_admin') attempting to access view: 'dashboard_service_one'.
[2025-06-01 10:40:00] [ACCESS_GRANTED] User 'suthan@jobhunt.top' accessed 'dashboard_service_one' view.
[2025-06-01 10:40:01] [ACCESS_ATTEMPT] User 'suthan@jobhunt.top' (Role: 'super_admin') attempting to access view: 'dashboard_user_info'.
[2025-06-01 10:40:01] [ACCESS_GRANTED] User 'suthan@jobhunt.top' accessed 'dashboard_user_info' view.
[2025-06-01 10:40:01] [ACCESS_GRANTED] User 'suthan@jobhunt.top' accessed 'dashboard_service_two' view.
[2025-06-01 10:40:29] [ACCESS_ATTEMPT] User 'suthan@jobhunt.top' (Role: 'super_admin') attempting to access view: 'dashboard_user_info'.
[2025-06-01 10:40:29] [ACCESS_GRANTED] User 'suthan@jobhunt.top' accessed 'dashboard_user_info' view.
[2025-06-01 10:40:29] [ACCESS_GRANTED] User 'suthan@jobhunt.top' accessed 'dashboard_service_two' view.
[2025-06-01 10:40:30] [ACCESS_ATTEMPT] User 'suthan@jobhunt.top' (Role: 'super_admin') attempting to access view: 'dashboard_overview'.
[2025-06-01 10:41:08] [ACCESS_ATTEMPT] User 'suthan@jobhunt.top' (Role: 'super_admin') attempting to access view: 'dashboard_overview'.
[2025-06-01 10:41:59] [ACCESS_ATTEMPT] User 'suthan@jobhunt.top' (Role: 'super_admin') attempting to access view: 'dashboard_overview'.
[2025-06-01 10:43:29] [ACCESS_ATTEMPT] User 'suthan@jobhunt.top' (Role: 'super_admin') attempting to access view: 'dashboard_overview'.
[2025-06-01 10:44:54] [AUTH_INFO] User 'suthan@jobhunt.top' logged out.
[2025-06-01 10:44:56] [AUTH_SUCCESS] User 'suthan@jobhunt.top' logged in successfully. Role: 'super_admin'.
[2025-06-01 10:44:56] [ACCESS_ATTEMPT] User 'suthan@jobhunt.top' (Role: 'super_admin') attempting to access view: 'dashboard_overview'.
[2025-06-01 10:45:06] [ACCESS_ATTEMPT] User 'suthan@jobhunt.top' (Role: 'super_admin') attempting to access view: 'messages'.
[2025-06-01 10:45:06] [ACCESS_GRANTED] User 'suthan@jobhunt.top' accessed 'messages' view.
[2025-06-01 10:46:00] [ACCESS_ATTEMPT] User 'suthan@jobhunt.top' (Role: 'super_admin') attempting to access view: 'messages'.
[2025-06-01 10:46:00] [ACCESS_GRANTED] User 'suthan@jobhunt.top' accessed 'messages' view.
[2025-06-01 10:46:16] [ACCESS_ATTEMPT] User 'suthan@jobhunt.top' (Role: 'super_admin') attempting to access view: 'dashboard_overview'.
[2025-06-01 10:46:23] [ACCESS_ATTEMPT] User 'suthan@jobhunt.top' (Role: 'super_admin') attempting to access view: 'messages'.
[2025-06-01 10:46:23] [ACCESS_GRANTED] User 'suthan@jobhunt.top' accessed 'messages' view.
[2025-06-01 10:46:27] [ACCESS_ATTEMPT] User 'suthan@jobhunt.top' (Role: 'super_admin') attempting to access view: 'dashboard_overview'.
[2025-06-01 10:49:32] [ACCESS_ATTEMPT] User 'suthan@jobhunt.top' (Role: 'super_admin') attempting to access view: 'dashboard_overview'.
[2025-06-01 10:49:42] [ACCESS_ATTEMPT] User 'suthan@jobhunt.top' (Role: 'super_admin') attempting to access view: 'dashboard_overview'.
[2025-06-01 10:49:51] [ACCESS_ATTEMPT] User 'suthan@jobhunt.top' (Role: 'super_admin') attempting to access view: 'dashboard_service_one'.
[2025-06-01 10:49:51] [ACCESS_GRANTED] User 'suthan@jobhunt.top' accessed 'dashboard_service_one' view.
[2025-06-01 10:49:52] [ACCESS_ATTEMPT] User 'suthan@jobhunt.top' (Role: 'super_admin') attempting to access view: 'dashboard_user_info'.
[2025-06-01 10:49:52] [ACCESS_GRANTED] User 'suthan@jobhunt.top' accessed 'dashboard_user_info' view.
[2025-06-01 10:49:52] [ACCESS_GRANTED] User 'suthan@jobhunt.top' accessed 'dashboard_service_two' view.
[2025-06-01 10:49:55] [ACCESS_ATTEMPT] User 'suthan@jobhunt.top' (Role: 'super_admin') attempting to access view: 'dashboard_user_info'.
[2025-06-01 10:49:55] [ACCESS_GRANTED] User 'suthan@jobhunt.top' accessed 'dashboard_user_info' view.
[2025-06-01 10:49:55] [ACCESS_GRANTED] User 'suthan@jobhunt.top' accessed 'dashboard_service_two' view.
[2025-06-01 10:49:57] [ACCESS_ATTEMPT] User 'suthan@jobhunt.top' (Role: 'super_admin') attempting to access view: 'dashboard_overview'.
[2025-06-01 10:49:59] [ACCESS_ATTEMPT] User 'suthan@jobhunt.top' (Role: 'super_admin') attempting to access view: 'dashboard_overview'.
[2025-06-01 10:50:01] [ACCESS_ATTEMPT] User 'suthan@jobhunt.top' (Role: 'super_admin') attempting to access view: 'dashboard_service_one'.
[2025-06-01 10:50:01] [ACCESS_GRANTED] User 'suthan@jobhunt.top' accessed 'dashboard_service_one' view.
[2025-06-01 10:50:02] [ACCESS_ATTEMPT] User 'suthan@jobhunt.top' (Role: 'super_admin') attempting to access view: 'dashboard_overview'.
[2025-06-01 10:50:03] [ACCESS_ATTEMPT] User 'suthan@jobhunt.top' (Role: 'super_admin') attempting to access view: 'dashboard_overview'.
[2025-06-01 10:53:26] [AUTH_SUCCESS] User 'suthan@jobhunt.top' logged in successfully. Role: 'super_admin'.
[2025-06-01 10:53:26] [ACCESS_ATTEMPT] User 'suthan@jobhunt.top' (Role: 'super_admin') attempting to access view: 'dashboard_overview'.
[2025-06-01 10:54:28] [AUTH_SUCCESS] User 'suthan@jobhunt.top' logged in successfully. Role: 'super_admin'.
[2025-06-01 10:54:28] [ACCESS_ATTEMPT] User 'suthan@jobhunt.top' (Role: 'super_admin') attempting to access view: 'dashboard_overview'.
[2025-06-01 10:55:01] [ACCESS_ATTEMPT] User 'suthan@jobhunt.top' (Role: 'super_admin') attempting to access view: 'dashboard_service_one'.
[2025-06-01 10:55:01] [ACCESS_GRANTED] User 'suthan@jobhunt.top' accessed 'dashboard_service_one' view.
[2025-06-01 11:00:55] [AUTH_SUCCESS] User 'Suthan@jobhunt.top' logged in successfully. Role: 'super_admin'.
[2025-06-01 11:00:55] [ACCESS_ATTEMPT] User 'suthan@jobhunt.top' (Role: 'super_admin') attempting to access view: 'dashboard_overview'.
[2025-06-01 11:06:27] [ACCESS_ATTEMPT] User 'suthan@jobhunt.top' (Role: 'super_admin') attempting to access view: 'dashboard_overview'.
[2025-06-01 11:06:51] [ACCESS_ATTEMPT] User 'suthan@jobhunt.top' (Role: 'super_admin') attempting to access view: 'dashboard_service_one'.
[2025-06-01 11:06:51] [ACCESS_GRANTED] User 'suthan@jobhunt.top' accessed 'dashboard_service_one' view.
[2025-06-01 11:06:53] [ACCESS_ATTEMPT] User 'suthan@jobhunt.top' (Role: 'super_admin') attempting to access view: 'dashboard_user_info'.
[2025-06-01 11:06:53] [ACCESS_GRANTED] User 'suthan@jobhunt.top' accessed 'dashboard_user_info' view.
[2025-06-01 11:06:53] [ACCESS_GRANTED] User 'suthan@jobhunt.top' accessed 'dashboard_service_two' view.
[2025-06-01 11:07:08] [ACCESS_ATTEMPT] User 'suthan@jobhunt.top' (Role: 'super_admin') attempting to access view: 'dashboard_overview'.
[2025-06-01 11:08:04] [ACCESS_ATTEMPT] User 'suthan@jobhunt.top' (Role: 'super_admin') attempting to access view: 'dashboard_overview'.
[2025-06-01 11:08:09] [ACCESS_ATTEMPT] User 'suthan@jobhunt.top' (Role: 'super_admin') attempting to access view: 'manage_jobs'.
[2025-06-01 11:08:21] [ACCESS_ATTEMPT] User 'suthan@jobhunt.top' (Role: 'super_admin') attempting to access view: 'post_job'.
[2025-06-01 11:08:36] [ACCESS_ATTEMPT] User 'suthan@jobhunt.top' (Role: 'super_admin') attempting to access view: 'manage_jobs'.
[2025-06-01 11:08:51] [ACCESS_ATTEMPT] User 'suthan@jobhunt.top' (Role: 'super_admin') attempting to access view: 'dashboard_overview'.
[2025-06-01 11:09:51] [ACCESS_ATTEMPT] User 'suthan@jobhunt.top' (Role: 'super_admin') attempting to access view: 'dashboard_overview'.
[2025-06-02 01:51:58] [ACCESS_ATTEMPT] User 'suthan@jobhunt.top' (Role: 'super_admin') attempting to access view: 'dashboard_overview'.
[2025-06-02 01:52:36] [ACCESS_ATTEMPT] User 'suthan@jobhunt.top' (Role: 'super_admin') attempting to access view: 'dashboard_service_one'.
[2025-06-02 01:52:36] [ACCESS_GRANTED] User 'suthan@jobhunt.top' accessed 'dashboard_service_one' view.
[2025-06-02 01:52:38] [ACCESS_ATTEMPT] User 'suthan@jobhunt.top' (Role: 'super_admin') attempting to access view: 'dashboard_user_info'.
[2025-06-02 01:52:38] [ACCESS_GRANTED] User 'suthan@jobhunt.top' accessed 'dashboard_user_info' view.
[2025-06-02 01:52:38] [ACCESS_GRANTED] User 'suthan@jobhunt.top' accessed 'dashboard_service_two' view.
[2025-06-02 01:52:39] [ACCESS_ATTEMPT] User 'suthan@jobhunt.top' (Role: 'super_admin') attempting to access view: 'dashboard_job_stats'.
[2025-06-02 01:52:39] [ACCESS_GRANTED] User 'suthan@jobhunt.top' accessed 'dashboard_job_stats' view.
[2025-06-02 01:52:40] [ACCESS_ATTEMPT] User 'suthan@jobhunt.top' (Role: 'super_admin') attempting to access view: 'dashboard_service_two'.
[2025-06-02 01:52:40] [ACCESS_GRANTED] User 'suthan@jobhunt.top' accessed 'dashboard_service_two' view.
[2025-06-02 01:52:42] [ACCESS_ATTEMPT] User 'suthan@jobhunt.top' (Role: 'super_admin') attempting to access view: 'dashboard_visitors_info'.
[2025-06-02 01:52:42] [ACCESS_GRANTED] User 'suthan@jobhunt.top' accessed 'dashboard_visitors_info' view.
[2025-06-02 01:52:43] [ACCESS_ATTEMPT] User 'suthan@jobhunt.top' (Role: 'super_admin') attempting to access view: 'dashboard_qoe'.
[2025-06-02 01:52:43] [ACCESS_GRANTED] User 'suthan@jobhunt.top' accessed 'dashboard_qoe' view.
[2025-06-02 01:52:45] [ACCESS_ATTEMPT] User 'suthan@jobhunt.top' (Role: 'super_admin') attempting to access view: 'messages'.
[2025-06-02 01:52:45] [ACCESS_GRANTED] User 'suthan@jobhunt.top' accessed 'messages' view.
[2025-06-02 01:53:02] [ACCESS_ATTEMPT] User 'suthan@jobhunt.top' (Role: 'super_admin') attempting to access view: 'manage_jobs'.
[2025-06-02 01:53:07] [ACCESS_ATTEMPT] User 'suthan@jobhunt.top' (Role: 'super_admin') attempting to access view: 'post_job'.
[2025-06-02 01:53:10] [ACCESS_ATTEMPT] User 'suthan@jobhunt.top' (Role: 'super_admin') attempting to access view: 'reported_jobs'.
[2025-06-02 01:53:10] [ACCESS_GRANTED] User 'suthan@jobhunt.top' accessed 'reported_jobs' view.
[2025-06-02 01:53:12] [ACCESS_ATTEMPT] User 'suthan@jobhunt.top' (Role: 'super_admin') attempting to access view: 'manage_users'.
[2025-06-02 01:53:12] [ACCESS_GRANTED] User 'suthan@jobhunt.top' accessed 'manage_users' view.
[2025-06-02 01:53:21] [ACCESS_ATTEMPT] User 'suthan@jobhunt.top' (Role: 'super_admin') attempting to access view: 'achievements'.
[2025-06-02 01:53:22] [ACCESS_ATTEMPT] User 'suthan@jobhunt.top' (Role: 'super_admin') attempting to access view: 'logs'.
[2025-06-02 01:53:22] [ACCESS_GRANTED] User 'suthan@jobhunt.top' accessed 'logs' view.
[2025-06-02 01:53:23] [ACCESS_ATTEMPT] User 'suthan@jobhunt.top' (Role: 'super_admin') attempting to access view: 'generate_message'.
[2025-06-02 01:53:23] [ACCESS_GRANTED] User 'suthan@jobhunt.top' accessed 'generate_message' view. WhatsApp generated: Yes. Telegram generated: Yes.
[2025-06-02 01:53:26] [ACCESS_ATTEMPT] User 'suthan@jobhunt.top' (Role: 'super_admin') attempting to access view: 'server_management'.
[2025-06-02 01:53:26] [ACCESS_GRANTED] User 'suthan@jobhunt.top' accessed 'server_management' view.
[2025-06-02 01:53:28] [ACCESS_ATTEMPT] User 'suthan@jobhunt.top' (Role: 'super_admin') attempting to access view: 'whatsapp_profile'.
[2025-06-02 01:53:28] [ACCESS_GRANTED] User 'suthan@jobhunt.top' accessed 'whatsapp_profile' view.
[2025-06-02 02:25:04] [ACCESS_ATTEMPT] User 'suthan@jobhunt.top' (Role: 'super_admin') attempting to access view: 'server_management'.
[2025-06-02 02:25:04] [ACCESS_GRANTED] User 'suthan@jobhunt.top' accessed 'server_management' view.
[2025-06-02 02:25:13] [ACCESS_ATTEMPT] User 'suthan@jobhunt.top' (Role: 'super_admin') attempting to access view: 'messages'.
[2025-06-02 02:25:13] [ACCESS_GRANTED] User 'suthan@jobhunt.top' accessed 'messages' view.
[2025-06-15 18:30:37] [AUTH_SUCCESS] User 'suthan@jobhunt.top' logged in successfully. Role: 'super_admin'.
[2025-06-15 18:30:37] [ACCESS_ATTEMPT] User 'suthan@jobhunt.top' (Role: 'super_admin') attempting to access view: 'dashboard_overview'.
[2025-06-15 18:53:09] [ACCESS_ATTEMPT] User 'suthan@jobhunt.top' (Role: 'super_admin') attempting to access view: 'manage_users'.
[2025-06-15 18:53:09] [ACCESS_GRANTED] User 'suthan@jobhunt.top' accessed 'manage_users' view.
[2025-06-15 19:27:58] [AUTH_SUCCESS] User 'suthan@jobhunt.top' logged in successfully. Role: 'super_admin'.
[2025-06-15 19:27:58] [ACCESS_ATTEMPT] User 'suthan@jobhunt.top' (Role: 'super_admin') attempting to access view: 'dashboard_overview'.
[2025-06-15 19:45:45] [ACCESS_ATTEMPT] User 'suthan@jobhunt.top' (Role: 'super_admin') attempting to access view: 'dashboard_overview'.
[2025-06-15 19:45:50] [ACCESS_ATTEMPT] User 'suthan@jobhunt.top' (Role: 'super_admin') attempting to access view: 'dashboard_overview'.
[2025-06-15 19:45:53] [ACCESS_ATTEMPT] User 'suthan@jobhunt.top' (Role: 'super_admin') attempting to access view: 'dashboard_overview'.
[2025-06-15 19:46:43] [ACCESS_ATTEMPT] User 'suthan@jobhunt.top' (Role: 'super_admin') attempting to access view: 'dashboard_overview'.
[2025-06-15 19:51:54] [ACCESS_ATTEMPT] User 'suthan@jobhunt.top' (Role: 'super_admin') attempting to access view: 'dashboard_overview'.
[2025-06-15 19:53:57] [ACCESS_ATTEMPT] User 'suthan@jobhunt.top' (Role: 'super_admin') attempting to access view: 'dashboard_overview'.
[2025-06-15 21:43:54] [AUTH_SUCCESS] User 'Suthan@jobhunt.top' logged in successfully. Role: 'super_admin'.
[2025-06-15 21:43:54] [ACCESS_ATTEMPT] User 'suthan@jobhunt.top' (Role: 'super_admin') attempting to access view: 'dashboard_overview'.
[2025-06-15 21:43:59] [ACCESS_ATTEMPT] User 'suthan@jobhunt.top' (Role: 'super_admin') attempting to access view: 'messages'.
[2025-06-15 21:43:59] [ACCESS_GRANTED] User 'suthan@jobhunt.top' accessed 'messages' view.
[2025-06-15 21:45:31] [ACCESS_ATTEMPT] User 'suthan@jobhunt.top' (Role: 'super_admin') attempting to access view: 'manage_jobs'.
[2025-06-25 19:19:12] [AUTH_SUCCESS] User 'suthan@jobhunt.top' logged in successfully. Role: 'super_admin'.
[2025-06-25 19:19:12] [ACCESS_ATTEMPT] User 'suthan@jobhunt.top' (Role: 'super_admin') attempting to access view: 'dashboard_overview'.
[2025-06-25 19:19:49] [ACCESS_ATTEMPT] User 'suthan@jobhunt.top' (Role: 'super_admin') attempting to access view: 'manage_jobs'.
[2025-06-25 19:19:56] [ACCESS_ATTEMPT] User 'suthan@jobhunt.top' (Role: 'super_admin') attempting to access view: 'manage_users'.
[2025-06-25 19:19:56] [ACCESS_GRANTED] User 'suthan@jobhunt.top' accessed 'manage_users' view.
[2025-06-25 19:20:01] [ACCESS_ATTEMPT] User 'suthan@jobhunt.top' (Role: 'super_admin') attempting to access view: 'achievements'.
[2025-06-25 19:20:07] [ACCESS_ATTEMPT] User 'suthan@jobhunt.top' (Role: 'super_admin') attempting to access view: 'generate_message'.
[2025-06-25 19:20:09] [ACCESS_ATTEMPT] User 'suthan@jobhunt.top' (Role: 'super_admin') attempting to access view: 'logs'.
[2025-06-25 19:20:09] [ACCESS_GRANTED] User 'suthan@jobhunt.top' accessed 'logs' view.
[2025-06-25 19:20:11] [ACCESS_ATTEMPT] User 'suthan@jobhunt.top' (Role: 'super_admin') attempting to access view: 'server_management'.
[2025-06-25 19:20:11] [ACCESS_GRANTED] User 'suthan@jobhunt.top' accessed 'server_management' view.
[2025-06-25 19:20:19] [ACCESS_ATTEMPT] User 'suthan@jobhunt.top' (Role: 'super_admin') attempting to access view: 'whatsapp_profile'.
[2025-06-25 19:20:19] [ACCESS_GRANTED] User 'suthan@jobhunt.top' accessed 'whatsapp_profile' view.
[2025-06-25 19:20:22] [ACCESS_ATTEMPT] User 'suthan@jobhunt.top' (Role: 'super_admin') attempting to access view: 'manage_jobs'.
[2025-06-25 23:51:14] [AUTH_FAILURE] Failed login attempt for username/email: 'aaa@jobhunt.top'
[2025-06-25 23:51:16] [AUTH_FAILURE] Failed login attempt for username/email: 'aaa@jobhunt.top'
[2025-06-25 23:51:21] [AUTH_SUCCESS] User 'suthan@jobhunt.top' logged in successfully. Role: 'super_admin'.
[2025-06-25 23:51:21] [ACCESS_ATTEMPT] User 'suthan@jobhunt.top' (Role: 'super_admin') attempting to access view: 'dashboard_overview'.
[2025-06-29 16:37:47] [AUTH_SUCCESS] User 'suthan@jobhunt.top' logged in successfully. Role: 'super_admin'.
[2025-06-29 16:37:47] [ACCESS_ATTEMPT] User 'suthan@jobhunt.top' (Role: 'super_admin') attempting to access view: 'dashboard_overview'.
[2025-06-29 16:54:12] [AUTH_INFO] User 'suthan@jobhunt.top' logged out.
[2025-06-29 16:54:14] [AUTH_SUCCESS] User 'suthan@jobhunt.top' logged in successfully. Role: 'super_admin'.
[2025-06-29 16:54:14] [ACCESS_ATTEMPT] User 'suthan@jobhunt.top' (Role: 'super_admin') attempting to access view: 'dashboard_overview'.
[2025-06-29 16:57:51] [AUTH_INFO] User 'suthan@jobhunt.top' logged out.
[2025-06-29 16:57:53] [AUTH_SUCCESS] User 'suthan@jobhunt.top' logged in successfully. Role: 'super_admin'.
[2025-06-29 16:57:53] [ACCESS_ATTEMPT] User 'suthan@jobhunt.top' (Role: 'super_admin') attempting to access view: 'dashboard_overview'.
[2025-06-29 17:20:09] [AUTH_INFO] User 'suthan@jobhunt.top' logged out.
[2025-06-29 17:20:12] [AUTH_SUCCESS] User 'suthan@jobhunt.top' logged in successfully. Role: 'super_admin'.
[2025-06-29 17:20:12] [ACCESS_ATTEMPT] User 'suthan@jobhunt.top' (Role: 'super_admin') attempting to access view: 'dashboard_overview'.
[2025-06-29 17:34:49] [AUTH_SUCCESS] User 'suthan@jobhunt.top' logged in successfully. Role: 'super_admin'.
[2025-06-29 17:34:49] [ACCESS_ATTEMPT] User 'suthan@jobhunt.top' (Role: 'super_admin') attempting to access view: 'dashboard_overview'.
[2025-06-29 17:41:34] [AUTH_INFO] User 'suthan@jobhunt.top' logged out.
[2025-06-29 17:41:48] [AUTH_SUCCESS] User 'suthan@jobhunt.top' logged in successfully. Role: 'super_admin'.
[2025-06-29 17:41:48] [ACCESS_ATTEMPT] User 'suthan@jobhunt.top' (Role: 'super_admin') attempting to access view: 'dashboard_overview'.
[2025-07-01 03:11:31] [AUTH_SUCCESS] User 'suthan@jobhunt.top' logged in successfully. Role: 'super_admin'.
[2025-07-01 03:11:31] [ACCESS_ATTEMPT] User 'suthan@jobhunt.top' (Role: 'super_admin') attempting to access view: 'dashboard_overview'.
[2025-07-01 03:11:40] [ACCESS_ATTEMPT] User 'suthan@jobhunt.top' (Role: 'super_admin') attempting to access view: 'post_job'.
[2025-07-01 03:11:55] [AI_SUMMARY_SKIP] AI Summary generation skipped for job '14qh': API Key is placeholder or empty.
[2025-07-01 03:11:58] [AI_SUMMARY_SUCCESS] AI summary generated successfully for job '14qh'.
[2025-07-01 03:11:58] [JOB_POST_REVIEW_READY] Job post by 'suthan@jobhunt.top' (Title: '14qh') ready for review. AI Summary generated (length: 900).
[2025-07-01 03:11:58] [ACCESS_ATTEMPT] User 'suthan@jobhunt.top' (Role: 'super_admin') attempting to access view: 'post_job'.
[2025-07-01 03:12:01] [JOB_POST_SUCCESS] Job ID '1751319721_1045' (Title: '14qh') posted successfully by 'suthan@jobhunt.top'.
[2025-07-01 03:12:03] [AI_IMAGE_ERROR] AI poster image generation FAILED for job ID '1751319721_1045'. Prompt: 'Create a professional and visually appealing poster for a job opening. Job Title: '14qh'. Company: 'Allitson'. Location: 'Abu Dhabi'. Key elements to convey: opportunity, growth, modern workplace. Style: Clean, corporate, with a touch of innovation. Dominant colors: blues, greys, with an accent color like teal or orange. Include abstract representations of collaboration or technology if appropriate. Avoid text clutter.'
[2025-07-01 03:12:03] [ACCESS_ATTEMPT] User 'suthan@jobhunt.top' (Role: 'super_admin') attempting to access view: 'manage_jobs'.
[2025-07-01 03:21:18] [ACCESS_ATTEMPT] User 'suthan@jobhunt.top' (Role: 'super_admin') attempting to access view: 'post_job'.
[2025-07-01 03:21:29] [AI_SUMMARY_SKIP] AI Summary generation skipped for job '14qhd': API Key is placeholder or empty.
[2025-07-01 03:21:33] [AI_SUMMARY_SUCCESS] AI summary generated successfully for job '14qhd'.
[2025-07-01 03:21:33] [JOB_POST_REVIEW_READY] Job post by 'suthan@jobhunt.top' (Title: '14qhd') ready for review. AI Summary generated (length: 2488).
[2025-07-01 03:21:33] [ACCESS_ATTEMPT] User 'suthan@jobhunt.top' (Role: 'super_admin') attempting to access view: 'post_job'.
[2025-07-01 03:21:37] [JOB_POST_SUCCESS] Job ID '1751320297_4657' (Title: '14qhd') posted successfully by 'suthan@jobhunt.top'.
[2025-07-01 03:21:39] [AI_IMAGE_ERROR] AI poster image generation FAILED for job ID '1751320297_4657'. Prompt: 'Create a professional and visually appealing poster for a job opening. Job Title: '14qhd'. Company: 'Allitson'. Location: 'Abu Dhabi'. Key elements to convey: opportunity, growth, modern workplace. Style: Clean, corporate, with a touch of innovation. Dominant colors: blues, greys, with an accent color like teal or orange. Include abstract representations of collaboration or technology if appropriate. Avoid text clutter.'
[2025-07-01 03:21:39] [ACCESS_ATTEMPT] User 'suthan@jobhunt.top' (Role: 'super_admin') attempting to access view: 'manage_jobs'.
[2025-07-01 03:24:17] [ACCESS_ATTEMPT] User 'suthan@jobhunt.top' (Role: 'super_admin') attempting to access view: 'manage_jobs'.
[2025-07-01 03:24:19] [ACCESS_ATTEMPT] User 'suthan@jobhunt.top' (Role: 'super_admin') attempting to access view: 'post_job'.
[2025-07-01 03:24:27] [AI_SUMMARY_SKIP] AI Summary generation skipped for job '14qhdf': API Key is placeholder or empty.
[2025-07-01 03:24:29] [AI_SUMMARY_SUCCESS] AI summary generated successfully for job '14qhdf'.
[2025-07-01 03:24:29] [JOB_POST_REVIEW_READY] Job post by 'suthan@jobhunt.top' (Title: '14qhdf') ready for review. AI Summary generated (length: 626).
[2025-07-01 03:24:29] [ACCESS_ATTEMPT] User 'suthan@jobhunt.top' (Role: 'super_admin') attempting to access view: 'post_job'.
[2025-07-01 03:24:32] [JOB_POST_SUCCESS] Job ID '1751320472_1628' (Title: '14qhdf') posted successfully by 'suthan@jobhunt.top'.
[2025-07-01 03:24:34] [AI_IMAGE_ERROR] AI poster image generation FAILED for job ID '1751320472_1628'. Prompt: 'Create a professional and visually appealing poster for a job opening. Job Title: '14qhdf'. Company: 'Allitson'. Location: 'Abu Dhabi'. Key elements to convey: opportunity, growth, modern workplace. Style: Clean, corporate, with a touch of innovation. Dominant colors: blues, greys, with an accent color like teal or orange. Include abstract representations of collaboration or technology if appropriate. Avoid text clutter.'
[2025-07-01 03:24:34] [ACCESS_ATTEMPT] User 'suthan@jobhunt.top' (Role: 'super_admin') attempting to access view: 'manage_jobs'.
[2025-07-01 03:32:52] [ACCESS_ATTEMPT] User 'suthan@jobhunt.top' (Role: 'super_admin') attempting to access view: 'dashboard_overview'.
[2025-07-01 03:32:57] [ACCESS_ATTEMPT] User 'suthan@jobhunt.top' (Role: 'super_admin') attempting to access view: 'post_job'.
[2025-07-01 03:33:32] [AI_SUMMARY_SKIP] AI Summary generation skipped for job 'jiji': API Key is placeholder or empty.
[2025-07-01 03:33:36] [AI_SUMMARY_SUCCESS] AI summary generated successfully for job 'jiji'.
[2025-07-01 03:33:36] [JOB_POST_REVIEW_READY] Job post by 'UnknownAdmin' (Title: 'jiji') ready for review. AI Summary generated (length: 701).
[2025-07-01 03:33:47] [AUTH_SUCCESS] User 'suthan@jobhunt.top' logged in successfully. Role: 'super_admin'.
[2025-07-01 03:33:47] [ACCESS_ATTEMPT] User 'suthan@jobhunt.top' (Role: 'super_admin') attempting to access view: 'dashboard_overview'.
[2025-07-01 03:33:53] [ACCESS_ATTEMPT] User 'suthan@jobhunt.top' (Role: 'super_admin') attempting to access view: 'post_job'.
[2025-07-01 03:34:18] [AI_SUMMARY_SKIP] AI Summary generation skipped for job 'jghgh': API Key is placeholder or empty.
[2025-07-01 03:34:21] [AI_SUMMARY_SUCCESS] AI summary generated successfully for job 'jghgh'.
[2025-07-01 03:34:21] [JOB_POST_REVIEW_READY] Job post by 'suthan@jobhunt.top' (Title: 'jghgh') ready for review. AI Summary generated (length: 532).
[2025-07-01 03:34:21] [ACCESS_ATTEMPT] User 'suthan@jobhunt.top' (Role: 'super_admin') attempting to access view: 'post_job'.
[2025-07-01 03:34:26] [JOB_POST_SUCCESS] Job ID '1751321066_7655' (Title: 'jghgh') posted successfully by 'suthan@jobhunt.top'.
[2025-07-01 03:34:26] [WHATSAPP_INITIATE] Preparing to send WhatsApp notification for job '1751321066_7655'.
[2025-07-01 03:45:52] [AUTH_SUCCESS] User 'suthan@jobhunt.top' logged in successfully. Role: 'super_admin'.
[2025-07-01 03:45:52] [ACCESS_ATTEMPT] User 'suthan@jobhunt.top' (Role: 'super_admin') attempting to access view: 'dashboard_overview'.
[2025-07-01 03:45:56] [ACCESS_ATTEMPT] User 'suthan@jobhunt.top' (Role: 'super_admin') attempting to access view: 'post_job'.
[2025-07-01 03:46:05] [AI_SUMMARY_SKIP] AI Summary generation skipped for job '14qhdfg': API Key is a placeholder or empty.
[2025-07-01 03:46:05] [JOB_POST_SUCCESS] Job ID '1751321765_5898' (Title: '14qhdfg') posted successfully by 'suthan@jobhunt.top'.
[2025-07-01 03:46:05] [WHATSAPP_INITIATE] Preparing to send WhatsApp notification for job '1751321765_5898'.
[2025-07-01 03:48:03] [JOB_POST_DUPLICATE] Duplicate job post attempt by 'suthan@jobhunt.top'. Title: '14qhdfg'. Contacts: P-9789765026 E-s.ariharasuthan@gmail.com.
[2025-07-01 03:48:03] [ACCESS_ATTEMPT] User 'suthan@jobhunt.top' (Role: 'super_admin') attempting to access view: 'post_job'.
[2025-07-01 03:48:08] [JOB_POST_DUPLICATE] Duplicate job post attempt by 'suthan@jobhunt.top'. Title: '14qhdfg'. Contacts: P-9789765026 E-s.ariharasuthan@gmail.com.
[2025-07-01 03:48:08] [ACCESS_ATTEMPT] User 'suthan@jobhunt.top' (Role: 'super_admin') attempting to access view: 'post_job'.
[2025-07-01 03:48:17] [AI_SUMMARY_SKIP] AI Summary generation skipped for job '14qhdfgf': API Key is a placeholder or empty.
[2025-07-01 03:48:17] [JOB_POST_SUCCESS] Job ID '1751321897_7942' (Title: '14qhdfgf') posted successfully by 'suthan@jobhunt.top'.
[2025-07-01 03:48:17] [AI_IMAGE_INFO] Attempting to generate placeholder image for job ID '1751321897_7942'.
[2025-07-01 03:48:17] [AI_IMAGE_WARNING] GD library not available. Cannot create placeholder image for job ID '1751321897_7942'.
[2025-07-01 03:48:17] [AI_IMAGE_ERROR] Placeholder poster image generation FAILED for job ID '1751321897_7942'.
[2025-07-01 03:48:17] [ACCESS_ATTEMPT] User 'suthan@jobhunt.top' (Role: 'super_admin') attempting to access view: 'post_job'.
[2025-07-01 03:57:42] [AI_SUMMARY_SKIP] AI Summary generation skipped for job '14qhdfv': API Key is a placeholder or empty.
[2025-07-01 03:57:42] [JOB_POST_SUCCESS] Job ID '1751322462_5008' (Title: '14qhdfv') posted successfully by 'suthan@jobhunt.top'.
[2025-07-01 03:57:42] [AI_IMAGE_INFO] Attempting to generate placeholder image for job ID '1751322462_5008'.
[2025-07-01 03:57:42] [AI_IMAGE_WARNING] GD library not available. Cannot create placeholder image for job ID '1751322462_5008'.
[2025-07-01 03:57:42] [AI_IMAGE_ERROR] Placeholder poster image generation FAILED for job ID '1751322462_5008'.
[2025-07-01 03:57:42] [ACCESS_ATTEMPT] User 'suthan@jobhunt.top' (Role: 'super_admin') attempting to access view: 'post_job'.
[2025-07-01 03:58:30] [ACCESS_ATTEMPT] User 'suthan@jobhunt.top' (Role: 'super_admin') attempting to access view: 'post_job'.
[2025-07-01 03:58:31] [ACCESS_ATTEMPT] User 'suthan@jobhunt.top' (Role: 'super_admin') attempting to access view: 'post_job'.
[2025-07-01 03:58:42] [AI_SUMMARY_SKIP] AI Summary generation skipped for job '14qhdfk': API Key is not configured or is a placeholder.
[2025-07-01 03:58:42] [JOB_POST_SUCCESS] Job ID '1751322522_6056' (Title: '14qhdfk') posted successfully by 'suthan@jobhunt.top'.
[2025-07-01 03:58:42] [AI_IMAGE_INFO] Attempting to generate placeholder image for job ID '1751322522_6056'.
[2025-07-01 03:58:42] [AI_IMAGE_WARNING] GD library not available. Cannot create placeholder image for job ID '1751322522_6056'.
[2025-07-01 03:58:42] [AI_IMAGE_ERROR] Placeholder poster image generation FAILED for job ID '1751322522_6056'.
[2025-07-01 03:58:42] [ACCESS_ATTEMPT] User 'suthan@jobhunt.top' (Role: 'super_admin') attempting to access view: 'post_job'.
[2025-07-01 04:05:59] [ACCESS_ATTEMPT] User 'suthan@jobhunt.top' (Role: 'super_admin') attempting to access view: 'post_job'.
[2025-07-01 04:06:08] [AI_SUMMARY_SKIP] AI Summary generation skipped for job '14qhff': API Key is not configured or is a placeholder.
[2025-07-01 04:06:08] [JOB_POST_SUCCESS] Job ID '1751322968_3190' (Title: '14qhff') posted successfully by 'suthan@jobhunt.top'.
[2025-07-01 04:06:08] [AI_IMAGE_INFO] Attempting to generate placeholder image for job ID '1751322968_3190'.
[2025-07-01 04:06:08] [AI_IMAGE_WARNING] GD library not available. Cannot create placeholder image for job ID '1751322968_3190'.
[2025-07-01 04:06:08] [ACCESS_ATTEMPT] User 'suthan@jobhunt.top' (Role: 'super_admin') attempting to access view: 'post_job'.
[2025-07-01 04:11:08] [ACCESS_ATTEMPT] User 'suthan@jobhunt.top' (Role: 'super_admin') attempting to access view: 'post_job'.
[2025-07-01 04:11:24] [AI_SUMMARY_SKIP] AI Summary generation skipped for job '14qhs': API Key is not configured or is a placeholder.
[2025-07-01 04:11:24] [JOB_POST_SUCCESS] Job ID '1751323284_5410' (Title: '14qhs') posted successfully by 'suthan@jobhunt.top'.
[2025-07-01 04:11:24] [AI_IMAGE_INFO] Attempting to generate placeholder image for job ID '1751323284_5410'.
[2025-07-01 04:11:24] [AI_IMAGE_WARNING] GD library not available. Cannot create placeholder image for job ID '1751323284_5410'.
[2025-07-01 04:11:24] [ACCESS_ATTEMPT] User 'suthan@jobhunt.top' (Role: 'super_admin') attempting to access view: 'post_job'.
[2025-07-01 04:13:37] [ACCESS_ATTEMPT] User 'suthan@jobhunt.top' (Role: 'super_admin') attempting to access view: 'post_job'.
[2025-07-01 04:13:38] [ACCESS_ATTEMPT] User 'suthan@jobhunt.top' (Role: 'super_admin') attempting to access view: 'post_job'.
[2025-07-01 04:13:47] [AI_SUMMARY_SKIP] AI Summary generation skipped for job '14qhj': API Key is not configured or is a placeholder.
[2025-07-01 04:13:47] [JOB_POST_SUCCESS] Job ID '1751323427_8158' (Title: '14qhj') posted successfully by 'suthan@jobhunt.top'.
[2025-07-01 04:13:47] [AI_IMAGE_INFO] Attempting to generate placeholder image for job ID '1751323427_8158'.
[2025-07-01 04:13:47] [AI_IMAGE_WARNING] GD library not available. Cannot create placeholder image for job ID '1751323427_8158'.
[2025-07-01 04:13:47] [ACCESS_ATTEMPT] User 'suthan@jobhunt.top' (Role: 'super_admin') attempting to access view: 'post_job'.
[2025-07-01 04:18:50] [ACCESS_ATTEMPT] User 'suthan@jobhunt.top' (Role: 'super_admin') attempting to access view: 'post_job'.
[2025-07-01 04:19:00] [AI_SUMMARY_SKIP] AI Summary generation skipped for job '14qhjj': API Key is not configured or is a placeholder.
[2025-07-01 04:19:00] [JOB_POST_REVIEW_READY] Job post by 'suthan@jobhunt.top' (Title: '14qhjj') ready for review.
[2025-07-01 04:19:00] [ACCESS_ATTEMPT] User 'suthan@jobhunt.top' (Role: 'super_admin') attempting to access view: 'post_job'.
[2025-07-01 04:19:07] [JOB_POST_SUCCESS] Job ID '1751323747_5389' (Title: '14qhjj') posted successfully by 'suthan@jobhunt.top'.
[2025-07-01 04:19:07] [AI_IMAGE_WARNING] GD library not available. Cannot create placeholder image for job ID '1751323747_5389'.
[2025-07-01 04:19:07] [ACCESS_ATTEMPT] User 'suthan@jobhunt.top' (Role: 'super_admin') attempting to access view: 'post_job'.
[2025-07-01 04:23:13] [ACCESS_ATTEMPT] User 'suthan@jobhunt.top' (Role: 'super_admin') attempting to access view: 'post_job'.
[2025-07-01 04:23:28] [AI_SUMMARY_SKIP] AI Summary generation skipped for job '14qhjk': API Key is not configured or is a placeholder.
[2025-07-01 04:23:28] [JOB_POST_REVIEW_READY] Job post by 'suthan@jobhunt.top' (Title: '14qhjk') ready for review.
[2025-07-01 04:23:28] [ACCESS_ATTEMPT] User 'suthan@jobhunt.top' (Role: 'super_admin') attempting to access view: 'post_job'.
[2025-07-01 04:31:27] [ACCESS_ATTEMPT] User 'suthan@jobhunt.top' (Role: 'super_admin') attempting to access view: 'post_job'.
[2025-07-01 04:31:29] [ACCESS_ATTEMPT] User 'suthan@jobhunt.top' (Role: 'super_admin') attempting to access view: 'post_job'.
[2025-07-01 04:31:31] [ACCESS_ATTEMPT] User 'suthan@jobhunt.top' (Role: 'super_admin') attempting to access view: 'post_job'.
[2025-07-01 04:31:41] [AI_SUMMARY_SKIP] AI Summary generation skipped for job '14qhe': API Key is not configured or is a placeholder.
[2025-07-01 04:31:41] [JOB_POST_REVIEW_READY] Job post by 'suthan@jobhunt.top' (Title: '14qhe') ready for review.
[2025-07-01 04:31:41] [ACCESS_ATTEMPT] User 'suthan@jobhunt.top' (Role: 'super_admin') attempting to access view: 'post_job'.
[2025-07-01 04:31:45] [JOB_POST_SUCCESS] Job ID '1751324505_6696' (Title: '14qhe') posted successfully by 'suthan@jobhunt.top'.
[2025-07-01 04:31:45] [AI_IMAGE_WARNING] GD library not available. Cannot create placeholder image for job ID '1751324505_6696'.
[2025-07-01 04:31:45] [ACCESS_ATTEMPT] User 'suthan@jobhunt.top' (Role: 'super_admin') attempting to access view: 'post_job'.
[2025-07-01 04:35:41] [ACCESS_ATTEMPT] User 'suthan@jobhunt.top' (Role: 'super_admin') attempting to access view: 'post_job'.
[2025-07-01 04:35:42] [ACCESS_ATTEMPT] User 'suthan@jobhunt.top' (Role: 'super_admin') attempting to access view: 'post_job'.
[2025-07-01 04:35:51] [AI_SUMMARY_SKIP] AI Summary generation skipped for job '14qhee': API Key is not configured or is a placeholder.
[2025-07-01 04:35:51] [JOB_POST_REVIEW_READY] Job post by 'suthan@jobhunt.top' (Title: '14qhee') ready for review.
[2025-07-01 04:35:51] [ACCESS_ATTEMPT] User 'suthan@jobhunt.top' (Role: 'super_admin') attempting to access view: 'post_job'.
[2025-07-01 04:37:50] [ACCESS_ATTEMPT] User 'suthan@jobhunt.top' (Role: 'super_admin') attempting to access view: 'post_job'.
[2025-07-01 04:37:52] [ACCESS_ATTEMPT] User 'suthan@jobhunt.top' (Role: 'super_admin') attempting to access view: 'post_job'.
[2025-07-01 04:37:53] [ACCESS_ATTEMPT] User 'suthan@jobhunt.top' (Role: 'super_admin') attempting to access view: 'post_job'.
[2025-07-01 04:37:56] [AI_SUMMARY_SKIP] AI Summary generation skipped for job '14qhee': API Key is not configured or is a placeholder.
[2025-07-01 04:37:56] [JOB_POST_REVIEW_READY] Job post by 'suthan@jobhunt.top' (Title: '14qhee') ready for review.
[2025-07-01 04:37:56] [ACCESS_ATTEMPT] User 'suthan@jobhunt.top' (Role: 'super_admin') attempting to access view: 'post_job'.
[2025-07-01 04:37:59] [ACCESS_ATTEMPT] User 'suthan@jobhunt.top' (Role: 'super_admin') attempting to access view: 'post_job'.
[2025-07-01 04:38:00] [ACCESS_ATTEMPT] User 'suthan@jobhunt.top' (Role: 'super_admin') attempting to access view: 'post_job'.
[2025-07-01 04:38:04] [AI_SUMMARY_SKIP] AI Summary generation skipped for job '14qhee': API Key is not configured or is a placeholder.
[2025-07-01 04:38:04] [JOB_POST_REVIEW_READY] Job post by 'suthan@jobhunt.top' (Title: '14qhee') ready for review.
[2025-07-01 04:38:04] [ACCESS_ATTEMPT] User 'suthan@jobhunt.top' (Role: 'super_admin') attempting to access view: 'post_job'.
[2025-07-01 04:38:20] [AUTH_SUCCESS] User 'suthan@jobhunt.top' logged in successfully. Role: 'super_admin'.
[2025-07-01 04:38:20] [ACCESS_ATTEMPT] User 'suthan@jobhunt.top' (Role: 'super_admin') attempting to access view: 'dashboard_overview'.
[2025-07-01 04:38:24] [ACCESS_ATTEMPT] User 'suthan@jobhunt.top' (Role: 'super_admin') attempting to access view: 'post_job'.
[2025-07-01 04:38:40] [AI_SUMMARY_SKIP] AI Summary generation skipped for job 'Network Engineer II': API Key is not configured or is a placeholder.
[2025-07-01 04:38:40] [JOB_POST_REVIEW_READY] Job post by 'suthan@jobhunt.top' (Title: 'Network Engineer II') ready for review.
[2025-07-01 04:38:40] [ACCESS_ATTEMPT] User 'suthan@jobhunt.top' (Role: 'super_admin') attempting to access view: 'post_job'.
[2025-07-01 04:45:11] [ACCESS_ATTEMPT] User 'suthan@jobhunt.top' (Role: 'super_admin') attempting to access view: 'post_job'.
[2025-07-01 04:45:13] [ACCESS_ATTEMPT] User 'suthan@jobhunt.top' (Role: 'super_admin') attempting to access view: 'post_job'.
[2025-07-01 04:45:16] [AI_SUMMARY_SKIP] AI Summary generation skipped for job '14qhee': API Key is not configured or is a placeholder.
[2025-07-01 04:45:16] [JOB_POST_REVIEW_READY] Job post by 'suthan@jobhunt.top' (Title: '14qhee') ready for review.
[2025-07-01 04:45:17] [ACCESS_ATTEMPT] User 'suthan@jobhunt.top' (Role: 'super_admin') attempting to access view: 'post_job'.
[2025-07-01 04:47:03] [ACCESS_ATTEMPT] User 'suthan@jobhunt.top' (Role: 'super_admin') attempting to access view: 'post_job'.
[2025-07-01 04:47:04] [ACCESS_ATTEMPT] User 'suthan@jobhunt.top' (Role: 'super_admin') attempting to access view: 'post_job'.
[2025-07-01 04:47:10] [AI_SUMMARY_SKIP] AI Summary generation skipped for job '14qhee': API Key is not configured or is a placeholder.
[2025-07-01 04:47:10] [JOB_POST_REVIEW_READY] Job post by 'suthan@jobhunt.top' (Title: '14qhee') ready for review.
[2025-07-01 04:47:10] [ACCESS_ATTEMPT] User 'suthan@jobhunt.top' (Role: 'super_admin') attempting to access view: 'post_job'.
[2025-07-01 04:47:17] [ACCESS_ATTEMPT] User 'suthan@jobhunt.top' (Role: 'super_admin') attempting to access view: 'post_job'.
[2025-07-01 04:47:18] [ACCESS_ATTEMPT] User 'suthan@jobhunt.top' (Role: 'super_admin') attempting to access view: 'post_job'.
[2025-07-01 04:47:34] [AI_SUMMARY_SKIP] AI Summary generation skipped for job '14qhee': API Key is not configured or is a placeholder.
[2025-07-01 04:47:34] [JOB_POST_REVIEW_READY] Job post by 'suthan@jobhunt.top' (Title: '14qhee') ready for review.
[2025-07-01 04:47:34] [ACCESS_ATTEMPT] User 'suthan@jobhunt.top' (Role: 'super_admin') attempting to access view: 'post_job'.
[2025-07-01 04:51:27] [ACCESS_ATTEMPT] User 'suthan@jobhunt.top' (Role: 'super_admin') attempting to access view: 'post_job'.
[2025-07-01 04:51:28] [ACCESS_ATTEMPT] User 'suthan@jobhunt.top' (Role: 'super_admin') attempting to access view: 'post_job'.
[2025-07-01 04:51:30] [ACCESS_ATTEMPT] User 'suthan@jobhunt.top' (Role: 'super_admin') attempting to access view: 'post_job'.
[2025-07-01 04:51:31] [ACCESS_ATTEMPT] User 'suthan@jobhunt.top' (Role: 'super_admin') attempting to access view: 'post_job'.
[2025-07-01 04:51:41] [AI_SUMMARY_SKIP] AI Summary generation skipped for job '14qhee': API Key is not configured or is a placeholder.
[2025-07-01 04:51:41] [JOB_POST_REVIEW_READY] Job post by 'suthan@jobhunt.top' (Title: '14qhee') ready for review.
[2025-07-01 04:51:41] [ACCESS_ATTEMPT] User 'suthan@jobhunt.top' (Role: 'super_admin') attempting to access view: 'post_job'.
[2025-07-01 04:52:30] [ACCESS_ATTEMPT] User 'suthan@jobhunt.top' (Role: 'super_admin') attempting to access view: 'post_job'.
[2025-07-01 04:52:30] [ACCESS_ATTEMPT] User 'suthan@jobhunt.top' (Role: 'super_admin') attempting to access view: 'post_job'.
[2025-07-01 04:52:32] [ACCESS_ATTEMPT] User 'suthan@jobhunt.top' (Role: 'super_admin') attempting to access view: 'post_job'.
[2025-07-01 04:52:34] [ACCESS_ATTEMPT] User 'suthan@jobhunt.top' (Role: 'super_admin') attempting to access view: 'post_job'.
[2025-07-01 04:52:47] [AI_SUMMARY_SKIP] AI Summary generation skipped for job 'Network Engineer II': API Key is not configured or is a placeholder.
[2025-07-01 04:52:47] [JOB_POST_REVIEW_READY] Job post by 'suthan@jobhunt.top' (Title: 'Network Engineer II') ready for review.
[2025-07-01 04:52:47] [ACCESS_ATTEMPT] User 'suthan@jobhunt.top' (Role: 'super_admin') attempting to access view: 'post_job'.
[2025-07-01 04:56:48] [ACCESS_ATTEMPT] User 'suthan@jobhunt.top' (Role: 'super_admin') attempting to access view: 'post_job'.
[2025-07-01 04:56:49] [ACCESS_ATTEMPT] User 'suthan@jobhunt.top' (Role: 'super_admin') attempting to access view: 'post_job'.
[2025-07-01 04:56:52] [ACCESS_ATTEMPT] User 'suthan@jobhunt.top' (Role: 'super_admin') attempting to access view: 'post_job'.
[2025-07-01 04:57:11] [AI_SUMMARY_SKIP] AI Summary generation skipped for job 'Network Engineer II': API Key is not configured or is a placeholder.
[2025-07-01 04:57:11] [JOB_POST_REVIEW_READY] Job post by 'suthan@jobhunt.top' (Title: 'Network Engineer II') ready for review.
[2025-07-01 04:57:11] [ACCESS_ATTEMPT] User 'suthan@jobhunt.top' (Role: 'super_admin') attempting to access view: 'post_job'.
[2025-07-01 04:57:18] [JOB_POST_SUCCESS] Job ID '1751326038_7826' (Title: 'Network Engineer II') posted successfully by 'suthan@jobhunt.top'.
[2025-07-01 04:57:18] [AI_IMAGE_WARNING] GD library not available. Cannot create placeholder image for job ID '1751326038_7826'.
[2025-07-01 04:57:18] [ACCESS_ATTEMPT] User 'suthan@jobhunt.top' (Role: 'super_admin') attempting to access view: 'post_job'.
[2025-07-01 05:08:30] [ACCESS_ATTEMPT] User 'suthan@jobhunt.top' (Role: 'super_admin') attempting to access view: 'post_job'.
[2025-07-01 05:08:31] [ACCESS_ATTEMPT] User 'suthan@jobhunt.top' (Role: 'super_admin') attempting to access view: 'post_job'.
[2025-07-01 05:08:37] [ACCESS_ATTEMPT] User 'suthan@jobhunt.top' (Role: 'super_admin') attempting to access view: 'dashboard_overview'.
[2025-07-01 05:08:41] [ACCESS_ATTEMPT] User 'suthan@jobhunt.top' (Role: 'super_admin') attempting to access view: 'post_job'.
[2025-07-01 05:08:49] [AI_SUMMARY_SKIP] AI Summary generation skipped for job '14qhee': API Key is not configured or is a placeholder.
[2025-07-01 05:08:49] [JOB_POST_REVIEW_READY] Job post by 'suthan@jobhunt.top' (Title: '14qhee') ready for review.
[2025-07-01 05:08:49] [ACCESS_ATTEMPT] User 'suthan@jobhunt.top' (Role: 'super_admin') attempting to access view: 'post_job'.
[2025-07-01 05:09:02] [JOB_POST_SUCCESS] Job ID '1751326742_5298' (Title: 'jghgh') posted successfully by 'UnknownAdmin'.
[2025-07-01 05:09:02] [AI_IMAGE_WARNING] GD library not available. Cannot create placeholder image for job ID '1751326742_5298'.
[2025-07-01 05:09:12] [AUTH_SUCCESS] User 'suthan@jobhunt.top' logged in successfully. Role: 'super_admin'.
[2025-07-01 05:09:12] [ACCESS_ATTEMPT] User 'suthan@jobhunt.top' (Role: 'super_admin') attempting to access view: 'dashboard_overview'.
[2025-07-01 05:09:18] [ACCESS_ATTEMPT] User 'suthan@jobhunt.top' (Role: 'super_admin') attempting to access view: 'post_job'.
[2025-07-01 05:09:42] [AI_SUMMARY_SKIP] AI Summary generation skipped for job 'jjj': API Key is not configured or is a placeholder.
[2025-07-01 05:09:42] [JOB_POST_REVIEW_READY] Job post by 'suthan@jobhunt.top' (Title: 'jjj') ready for review.
[2025-07-01 05:09:42] [ACCESS_ATTEMPT] User 'suthan@jobhunt.top' (Role: 'super_admin') attempting to access view: 'post_job'.
[2025-07-01 05:10:33] [ACCESS_ATTEMPT] User 'suthan@jobhunt.top' (Role: 'super_admin') attempting to access view: 'post_job'.
[2025-07-01 05:10:35] [ACCESS_ATTEMPT] User 'suthan@jobhunt.top' (Role: 'super_admin') attempting to access view: 'post_job'.
[2025-07-01 05:10:35] [ACCESS_ATTEMPT] User 'suthan@jobhunt.top' (Role: 'super_admin') attempting to access view: 'post_job'.
[2025-07-01 05:10:41] [AI_SUMMARY_SKIP] AI Summary generation skipped for job '14qhee': API Key is not configured or is a placeholder.
[2025-07-01 05:10:41] [JOB_POST_REVIEW_READY] Job post by 'suthan@jobhunt.top' (Title: '14qhee') ready for review.
[2025-07-01 05:10:41] [ACCESS_ATTEMPT] User 'suthan@jobhunt.top' (Role: 'super_admin') attempting to access view: 'post_job'.
[2025-07-01 05:10:47] [ACCESS_ATTEMPT] User 'suthan@jobhunt.top' (Role: 'super_admin') attempting to access view: 'post_job'.
[2025-07-01 05:10:51] [AI_SUMMARY_SKIP] AI Summary generation skipped for job 'jjj': API Key is not configured or is a placeholder.
[2025-07-01 05:10:51] [JOB_POST_REVIEW_READY] Job post by 'suthan@jobhunt.top' (Title: 'jjj') ready for review.
[2025-07-01 05:10:51] [ACCESS_ATTEMPT] User 'suthan@jobhunt.top' (Role: 'super_admin') attempting to access view: 'post_job'.
[2025-07-01 05:11:35] [ACCESS_ATTEMPT] User 'suthan@jobhunt.top' (Role: 'super_admin') attempting to access view: 'post_job'.
[2025-07-01 05:11:36] [ACCESS_ATTEMPT] User 'suthan@jobhunt.top' (Role: 'super_admin') attempting to access view: 'post_job'.
[2025-07-01 05:11:40] [ACCESS_ATTEMPT] User 'suthan@jobhunt.top' (Role: 'super_admin') attempting to access view: 'post_job'.
[2025-07-01 05:11:43] [AI_SUMMARY_SKIP] AI Summary generation skipped for job 'jjj': API Key is not configured or is a placeholder.
[2025-07-01 05:11:43] [JOB_POST_REVIEW_READY] Job post by 'suthan@jobhunt.top' (Title: 'jjj') ready for review.
[2025-07-01 05:11:43] [ACCESS_ATTEMPT] User 'suthan@jobhunt.top' (Role: 'super_admin') attempting to access view: 'post_job'.
[2025-07-01 05:12:21] [ACCESS_ATTEMPT] User 'suthan@jobhunt.top' (Role: 'super_admin') attempting to access view: 'post_job'.
[2025-07-01 05:12:24] [AI_SUMMARY_SKIP] AI Summary generation skipped for job 'jjj': API Key is not configured or is a placeholder.
[2025-07-01 05:12:24] [JOB_POST_REVIEW_READY] Job post by 'suthan@jobhunt.top' (Title: 'jjj') ready for review.
[2025-07-01 05:12:24] [ACCESS_ATTEMPT] User 'suthan@jobhunt.top' (Role: 'super_admin') attempting to access view: 'post_job'.
[2025-07-01 05:12:45] [ACCESS_ATTEMPT] User 'suthan@jobhunt.top' (Role: 'super_admin') attempting to access view: 'post_job'.
[2025-07-01 05:12:47] [JOB_POST_SUCCESS] Job ID '1751326967_6225' (Title: 'jjj') posted successfully by 'suthan@jobhunt.top'.
[2025-07-01 05:12:47] [AI_IMAGE_WARNING] GD library not available. Cannot create placeholder image for job ID '1751326967_6225'.
[2025-07-01 05:12:47] [ACCESS_ATTEMPT] User 'suthan@jobhunt.top' (Role: 'super_admin') attempting to access view: 'post_job'.
[2025-07-01 05:13:15] [AI_SUMMARY_SKIP] AI Summary generation skipped for job 'hgh': API Key is not configured or is a placeholder.
[2025-07-01 05:13:15] [JOB_POST_REVIEW_READY] Job post by 'suthan@jobhunt.top' (Title: 'hgh') ready for review.
[2025-07-01 05:13:15] [ACCESS_ATTEMPT] User 'suthan@jobhunt.top' (Role: 'super_admin') attempting to access view: 'post_job'.
[2025-07-01 05:14:44] [ACCESS_ATTEMPT] User 'suthan@jobhunt.top' (Role: 'super_admin') attempting to access view: 'post_job'.
[2025-07-01 05:14:48] [AI_SUMMARY_SKIP] AI Summary generation skipped for job 'hgh': API Key is not configured or is a placeholder.
[2025-07-01 05:14:48] [JOB_POST_REVIEW_READY] Job post by 'suthan@jobhunt.top' (Title: 'hgh') ready for review.
[2025-07-01 05:14:48] [ACCESS_ATTEMPT] User 'suthan@jobhunt.top' (Role: 'super_admin') attempting to access view: 'post_job'.
[2025-07-01 05:14:54] [AI_SUMMARY_SKIP] AI Summary generation skipped for job 'hgh': API Key is not configured or is a placeholder.
[2025-07-01 05:14:54] [JOB_POST_REVIEW_READY] Job post by 'suthan@jobhunt.top' (Title: 'hgh') ready for review.
[2025-07-01 05:14:54] [ACCESS_ATTEMPT] User 'suthan@jobhunt.top' (Role: 'super_admin') attempting to access view: 'post_job'.
[2025-07-01 05:16:21] [AUTH_SUCCESS] User 'suthan@jobhunt.top' logged in successfully. Role: 'super_admin'.
[2025-07-01 05:16:21] [ACCESS_ATTEMPT] User 'suthan@jobhunt.top' (Role: 'super_admin') attempting to access view: 'dashboard_overview'.
[2025-07-01 05:16:58] [ACCESS_ATTEMPT] User 'suthan@jobhunt.top' (Role: 'super_admin') attempting to access view: 'post_job'.
[2025-07-01 05:18:14] [AI_SUMMARY_SKIP] AI Summary generation skipped for job 'Vin': API Key is not configured or is a placeholder.
[2025-07-01 05:18:14] [JOB_POST_REVIEW_READY] Job post by 'suthan@jobhunt.top' (Title: 'Vin') ready for review.
[2025-07-01 05:18:14] [ACCESS_ATTEMPT] User 'suthan@jobhunt.top' (Role: 'super_admin') attempting to access view: 'post_job'.
[2025-07-01 05:19:13] [ACCESS_ATTEMPT] User 'suthan@jobhunt.top' (Role: 'super_admin') attempting to access view: 'post_job'.
[2025-07-01 05:19:15] [ACCESS_ATTEMPT] User 'suthan@jobhunt.top' (Role: 'super_admin') attempting to access view: 'post_job'.
[2025-07-01 05:19:17] [AI_SUMMARY_SKIP] AI Summary generation skipped for job 'Vin': API Key is not configured or is a placeholder.
[2025-07-01 05:19:17] [JOB_POST_REVIEW_READY] Job post by 'suthan@jobhunt.top' (Title: 'Vin') ready for review.
[2025-07-01 05:19:17] [ACCESS_ATTEMPT] User 'suthan@jobhunt.top' (Role: 'super_admin') attempting to access view: 'post_job'.
[2025-07-01 05:20:20] [AI_SUMMARY_SKIP] AI Summary generation skipped for job 'Vin': API Key is not configured or is a placeholder.
[2025-07-01 05:20:20] [JOB_POST_REVIEW_READY] Job post by 'suthan@jobhunt.top' (Title: 'Vin') ready for review.
[2025-07-01 05:20:20] [ACCESS_ATTEMPT] User 'suthan@jobhunt.top' (Role: 'super_admin') attempting to access view: 'post_job'.
[2025-07-01 05:20:24] [ACCESS_ATTEMPT] User 'suthan@jobhunt.top' (Role: 'super_admin') attempting to access view: 'post_job'.
[2025-07-01 05:20:57] [ACCESS_ATTEMPT] User 'suthan@jobhunt.top' (Role: 'super_admin') attempting to access view: 'post_job'.
[2025-07-01 05:21:07] [ACCESS_ATTEMPT] User 'suthan@jobhunt.top' (Role: 'super_admin') attempting to access view: 'post_job'.
[2025-07-01 05:21:09] [AI_SUMMARY_SKIP] AI Summary generation skipped for job 'Vin': API Key is not configured or is a placeholder.
[2025-07-01 05:21:09] [JOB_POST_REVIEW_READY] Job post by 'suthan@jobhunt.top' (Title: 'Vin') ready for review.
[2025-07-01 05:21:09] [ACCESS_ATTEMPT] User 'suthan@jobhunt.top' (Role: 'super_admin') attempting to access view: 'post_job'.
[2025-07-01 05:21:54] [ACCESS_ATTEMPT] User 'suthan@jobhunt.top' (Role: 'super_admin') attempting to access view: 'post_job'.
[2025-07-01 05:23:24] [ACCESS_ATTEMPT] User 'suthan@jobhunt.top' (Role: 'super_admin') attempting to access view: 'post_job'.
[2025-07-01 05:23:37] [ACCESS_ATTEMPT] User 'suthan@jobhunt.top' (Role: 'super_admin') attempting to access view: 'messages'.
[2025-07-01 05:23:37] [ACCESS_GRANTED] User 'suthan@jobhunt.top' accessed 'messages' view.
[2025-07-01 05:24:46] [ACCESS_ATTEMPT] User 'suthan@jobhunt.top' (Role: 'super_admin') attempting to access view: 'messages'.
[2025-07-01 05:24:46] [ACCESS_GRANTED] User 'suthan@jobhunt.top' accessed 'messages' view.
[2025-07-01 05:24:47] [ACCESS_ATTEMPT] User 'suthan@jobhunt.top' (Role: 'super_admin') attempting to access view: 'post_job'.
[2025-07-01 05:25:06] [AI_SUMMARY_SKIP] AI Summary generation skipped for job 'X8': API Key is not configured or is a placeholder.
[2025-07-01 05:25:06] [JOB_POST_REVIEW_READY] Job post by 'suthan@jobhunt.top' (Title: 'X8') ready for review.
[2025-07-01 05:25:06] [ACCESS_ATTEMPT] User 'suthan@jobhunt.top' (Role: 'super_admin') attempting to access view: 'post_job'.
[2025-07-01 05:25:40] [ACCESS_ATTEMPT] User 'suthan@jobhunt.top' (Role: 'super_admin') attempting to access view: 'post_job'.
[2025-07-01 05:25:52] [ACCESS_ATTEMPT] User 'suthan@jobhunt.top' (Role: 'super_admin') attempting to access view: 'post_job'.
[2025-07-01 05:25:54] [AI_SUMMARY_SKIP] AI Summary generation skipped for job 'X8': API Key is not configured or is a placeholder.
[2025-07-01 05:25:54] [JOB_POST_REVIEW_READY] Job post by 'suthan@jobhunt.top' (Title: 'X8') ready for review.
[2025-07-01 05:25:54] [ACCESS_ATTEMPT] User 'suthan@jobhunt.top' (Role: 'super_admin') attempting to access view: 'post_job'.
[2025-07-01 05:26:45] [ACCESS_ATTEMPT] User 'suthan@jobhunt.top' (Role: 'super_admin') attempting to access view: 'post_job'.
[2025-07-01 05:28:26] [ACCESS_ATTEMPT] User 'suthan@jobhunt.top' (Role: 'super_admin') attempting to access view: 'post_job'.
[2025-07-01 05:28:28] [ACCESS_ATTEMPT] User 'suthan@jobhunt.top' (Role: 'super_admin') attempting to access view: 'post_job'.
[2025-07-01 05:28:29] [AI_SUMMARY_SKIP] AI Summary generation skipped for job 'X8': API Key is not configured or is a placeholder.
[2025-07-01 05:28:29] [JOB_POST_REVIEW_READY] Job post by 'suthan@jobhunt.top' (Title: 'X8') ready for review.
[2025-07-01 05:28:30] [ACCESS_ATTEMPT] User 'suthan@jobhunt.top' (Role: 'super_admin') attempting to access view: 'post_job'.
[2025-07-01 05:28:34] [ACCESS_ATTEMPT] User 'suthan@jobhunt.top' (Role: 'super_admin') attempting to access view: 'post_job'.
[2025-07-01 05:28:37] [ACCESS_ATTEMPT] User 'suthan@jobhunt.top' (Role: 'super_admin') attempting to access view: 'post_job'.
[2025-07-01 05:28:56] [AI_SUMMARY_SKIP] AI Summary generation skipped for job 'S.ariharasuthan@gmail.com': API Key is not configured or is a placeholder.
[2025-07-01 05:28:56] [JOB_POST_REVIEW_READY] Job post by 'suthan@jobhunt.top' (Title: 'S.ariharasuthan@gmail.com') ready for review.
[2025-07-01 05:28:56] [ACCESS_ATTEMPT] User 'suthan@jobhunt.top' (Role: 'super_admin') attempting to access view: 'post_job'.
[2025-07-01 05:29:34] [ACCESS_ATTEMPT] User 'suthan@jobhunt.top' (Role: 'super_admin') attempting to access view: 'post_job'.
[2025-07-01 05:29:37] [JOB_POST_SUCCESS] Job ID '1751327977_2174' (Title: 'S.ariharasuthan@gmail.com') posted successfully by 'suthan@jobhunt.top'.
[2025-07-01 05:29:37] [AI_IMAGE_WARNING] GD library not available. Cannot create placeholder image for job ID '1751327977_2174'.
[2025-07-01 05:29:37] [ACCESS_ATTEMPT] User 'suthan@jobhunt.top' (Role: 'super_admin') attempting to access view: 'post_job'.
[2025-07-01 05:32:32] [ACCESS_ATTEMPT] User 'suthan@jobhunt.top' (Role: 'super_admin') attempting to access view: 'post_job'.
[2025-07-01 05:32:53] [AI_SUMMARY_SKIP] AI Summary generation skipped for job 'Do': API Key is placeholder or empty.
[2025-07-01 05:32:55] [AI_SUMMARY_SUCCESS] AI summary generated successfully for job 'Do'.
[2025-07-01 05:32:55] [JOB_POST_REVIEW_READY] Job post by 'suthan@jobhunt.top' (Title: 'Do') ready for review.
[2025-07-01 05:32:55] [ACCESS_ATTEMPT] User 'suthan@jobhunt.top' (Role: 'super_admin') attempting to access view: 'post_job'.
[2025-07-01 05:32:59] [JOB_POST_SUCCESS] Job ID '1751328179_1255' (Title: 'Do') posted successfully by 'suthan@jobhunt.top'.
[2025-07-01 05:32:59] [AI_IMAGE_WARNING] GD library not available. Cannot create placeholder image for job ID '1751328179_1255'.
[2025-07-01 05:32:59] [ACCESS_ATTEMPT] User 'suthan@jobhunt.top' (Role: 'super_admin') attempting to access view: 'post_job'.
[2025-07-01 05:38:13] [ACCESS_ATTEMPT] User 'suthan@jobhunt.top' (Role: 'super_admin') attempting to access view: 'post_job'.
[2025-07-01 05:38:50] [AI_SUMMARY_SKIP] AI Summary generation skipped for job 'Do do': API Key is placeholder or empty.
[2025-07-01 05:38:53] [AI_SUMMARY_SUCCESS] AI summary generated successfully for job 'Do do'.
[2025-07-01 05:38:53] [JOB_POST_REVIEW_READY] Job post by 'suthan@jobhunt.top' (Title: 'Do do') ready for review.
[2025-07-01 05:38:53] [ACCESS_ATTEMPT] User 'suthan@jobhunt.top' (Role: 'super_admin') attempting to access view: 'post_job'.
[2025-07-01 05:38:56] [JOB_POST_SUCCESS] Job ID '1751328536_2004' (Title: 'Do do') posted successfully by 'suthan@jobhunt.top'.
[2025-07-01 05:38:56] [AI_IMAGE_WARNING] GD library not available. Cannot create placeholder image for job ID '1751328536_2004'.
[2025-07-01 05:38:57] [ACCESS_ATTEMPT] User 'suthan@jobhunt.top' (Role: 'super_admin') attempting to access view: 'post_job'.
[2025-07-01 05:40:09] [ACCESS_ATTEMPT] User 'suthan@jobhunt.top' (Role: 'super_admin') attempting to access view: 'post_job'.
[2025-07-01 05:40:13] [ACCESS_ATTEMPT] User 'suthan@jobhunt.top' (Role: 'super_admin') attempting to access view: 'post_job'.
[2025-07-01 05:40:15] [ACCESS_ATTEMPT] User 'suthan@jobhunt.top' (Role: 'super_admin') attempting to access view: 'post_job'.
[2025-07-01 05:43:16] [AI_SUMMARY_SKIP] AI Summary generation skipped for job 'Lg BBC': API Key is placeholder or empty.
[2025-07-01 05:43:19] [AI_SUMMARY_SUCCESS] AI summary generated successfully for job 'Lg BBC'.
[2025-07-01 05:43:19] [JOB_POST_REVIEW_READY] Job post by 'suthan@jobhunt.top' (Title: 'Lg BBC') ready for review.
[2025-07-01 05:43:19] [ACCESS_ATTEMPT] User 'suthan@jobhunt.top' (Role: 'super_admin') attempting to access view: 'post_job'.
[2025-07-01 05:43:24] [JOB_POST_SUCCESS] Job ID '1751328804_3397' (Title: 'Lg BBC') posted successfully by 'suthan@jobhunt.top'.
[2025-07-01 05:43:24] [AI_IMAGE_WARNING] GD library not available. Cannot create placeholder image for job ID '1751328804_3397'.
[2025-07-01 05:43:24] [ACCESS_ATTEMPT] User 'suthan@jobhunt.top' (Role: 'super_admin') attempting to access view: 'post_job'.
[2025-07-01 06:11:44] [AI_SUMMARY_SKIP] AI Summary generation skipped for job 'Go': API Key is placeholder or empty.
[2025-07-01 06:11:48] [AI_SUMMARY_SUCCESS] AI summary generated successfully for job 'Go'.
[2025-07-01 06:11:48] [JOB_POST_REVIEW_READY] Job post by 'suthan@jobhunt.top' (Title: 'Go') ready for review.
[2025-07-01 06:11:48] [ACCESS_ATTEMPT] User 'suthan@jobhunt.top' (Role: 'super_admin') attempting to access view: 'post_job'.
[2025-07-01 06:12:55] [JOB_POST_SUCCESS] Job ID '1751330575_7846' (Title: 'Go') posted successfully by 'suthan@jobhunt.top'.
[2025-07-01 06:12:55] [AI_IMAGE_WARNING] GD library not available. Cannot create placeholder image for job ID '1751330575_7846'.
[2025-07-01 06:12:55] [ACCESS_ATTEMPT] User 'suthan@jobhunt.top' (Role: 'super_admin') attempting to access view: 'post_job'.
[2025-07-01 06:14:35] [AI_SUMMARY_SKIP] AI Summary generation skipped for job 'If it': API Key is placeholder or empty.
[2025-07-01 06:14:38] [AI_SUMMARY_SUCCESS] AI summary generated successfully for job 'If it'.
[2025-07-01 06:14:38] [JOB_POST_REVIEW_READY] Job post by 'suthan@jobhunt.top' (Title: 'If it') ready for review.
[2025-07-01 06:14:38] [ACCESS_ATTEMPT] User 'suthan@jobhunt.top' (Role: 'super_admin') attempting to access view: 'post_job'.
[2025-07-01 06:14:40] [JOB_POST_SUCCESS] Job ID '1751330680_3979' (Title: 'If it') posted successfully by 'suthan@jobhunt.top'.
[2025-07-01 06:14:40] [AI_IMAGE_WARNING] GD library not available. Cannot create placeholder image for job ID '1751330680_3979'.
[2025-07-01 06:14:40] [ACCESS_ATTEMPT] User 'suthan@jobhunt.top' (Role: 'super_admin') attempting to access view: 'post_job'.
[2025-07-01 06:16:07] [ACCESS_ATTEMPT] User 'suthan@jobhunt.top' (Role: 'super_admin') attempting to access view: 'post_job'.
[2025-07-01 06:16:22] [AI_SUMMARY_SKIP] AI Summary generation skipped for job 'Chi M8': API Key is placeholder or empty.
[2025-07-01 06:16:24] [AI_SUMMARY_SUCCESS] AI summary generated successfully for job 'Chi M8'.
[2025-07-01 06:16:24] [JOB_POST_REVIEW_READY] Job post by 'suthan@jobhunt.top' (Title: 'Chi M8') ready for review.
[2025-07-01 06:16:24] [ACCESS_ATTEMPT] User 'suthan@jobhunt.top' (Role: 'super_admin') attempting to access view: 'post_job'.
[2025-07-01 06:16:25] [JOB_POST_SUCCESS] Job ID '1751330785_9466' (Title: 'Chi M8') posted successfully by 'suthan@jobhunt.top'.
[2025-07-01 06:16:25] [AI_IMAGE_WARNING] GD library not available. Cannot create placeholder image for job ID '1751330785_9466'.
[2025-07-01 06:16:25] [ACCESS_ATTEMPT] User 'suthan@jobhunt.top' (Role: 'super_admin') attempting to access view: 'post_job'.
[2025-07-01 06:17:37] [ACCESS_ATTEMPT] User 'suthan@jobhunt.top' (Role: 'super_admin') attempting to access view: 'post_job'.
[2025-07-01 06:17:48] [AI_SUMMARY_SKIP] AI Summary generation skipped for job 'Chi Chi': API Key is placeholder or empty.
[2025-07-01 06:17:50] [AI_SUMMARY_SUCCESS] AI summary generated successfully for job 'Chi Chi'.
[2025-07-01 06:17:50] [JOB_POST_REVIEW_READY] Job post by 'suthan@jobhunt.top' (Title: 'Chi Chi') ready for review.
[2025-07-01 06:17:50] [ACCESS_ATTEMPT] User 'suthan@jobhunt.top' (Role: 'super_admin') attempting to access view: 'post_job'.
[2025-07-01 06:17:51] [JOB_POST_SUCCESS] Job ID '1751330871_8187' (Title: 'Chi Chi') posted successfully by 'suthan@jobhunt.top'.
[2025-07-01 06:17:51] [AI_IMAGE_WARNING] GD library not available. Cannot create placeholder image for job ID '1751330871_8187'.
[2025-07-01 06:17:51] [ACCESS_ATTEMPT] User 'suthan@jobhunt.top' (Role: 'super_admin') attempting to access view: 'post_job'.
[2025-07-01 06:21:41] [ACCESS_ATTEMPT] User 'suthan@jobhunt.top' (Role: 'super_admin') attempting to access view: 'post_job'.
[2025-07-01 06:21:54] [AI_SUMMARY_SKIP] AI Summary generation skipped for job 'FYI': API Key is placeholder or empty.
[2025-07-01 06:21:56] [AI_SUMMARY_SUCCESS] AI summary generated successfully for job 'FYI'.
[2025-07-01 06:21:56] [JOB_POST_REVIEW_READY] Job post by 'suthan@jobhunt.top' (Title: 'FYI') ready for review.
[2025-07-01 06:21:56] [ACCESS_ATTEMPT] User 'suthan@jobhunt.top' (Role: 'super_admin') attempting to access view: 'post_job'.
[2025-07-01 06:21:57] [JOB_POST_SUCCESS] Job ID '1751331117_1249' (Title: 'FYI') posted successfully by 'suthan@jobhunt.top'.
[2025-07-01 06:21:57] [AI_IMAGE_WARNING] GD library not available. Cannot create placeholder image for job ID '1751331117_1249'.
[2025-07-01 06:21:57] [ACCESS_ATTEMPT] User 'suthan@jobhunt.top' (Role: 'super_admin') attempting to access view: 'post_job'.
[2025-07-01 06:25:53] [ACCESS_ATTEMPT] User 'suthan@jobhunt.top' (Role: 'super_admin') attempting to access view: 'post_job'.
[2025-07-01 06:26:03] [AI_SUMMARY_SKIP] AI Summary generation skipped for job 'It': API Key is placeholder or empty.
[2025-07-01 06:26:06] [AI_SUMMARY_SUCCESS] AI summary generated successfully for job 'It'.
[2025-07-01 06:26:06] [JOB_POST_REVIEW_READY] Job post by 'suthan@jobhunt.top' (Title: 'It') ready for review.
[2025-07-01 06:26:06] [ACCESS_ATTEMPT] User 'suthan@jobhunt.top' (Role: 'super_admin') attempting to access view: 'post_job'.
[2025-07-01 06:26:09] [JOB_POST_SUCCESS] Job ID '1751331369_1027' (Title: 'It') posted successfully by 'suthan@jobhunt.top'.
[2025-07-01 06:26:09] [AI_IMAGE_WARNING] GD library not available. Cannot create placeholder image for job ID '1751331369_1027'.
[2025-07-01 06:26:09] [ACCESS_ATTEMPT] User 'suthan@jobhunt.top' (Role: 'super_admin') attempting to access view: 'post_job'.
[2025-07-01 06:28:34] [ACCESS_ATTEMPT] User 'suthan@jobhunt.top' (Role: 'super_admin') attempting to access view: 'post_job'.
[2025-07-01 06:28:43] [AI_SUMMARY_SKIP] AI Summary generation skipped for job 'Vj': API Key is placeholder or empty.
[2025-07-01 06:28:47] [AI_SUMMARY_SUCCESS] AI summary generated successfully for job 'Vj'.
[2025-07-01 06:28:47] [JOB_POST_REVIEW_READY] Job post by 'suthan@jobhunt.top' (Title: 'Vj') ready for review.
[2025-07-01 06:28:47] [ACCESS_ATTEMPT] User 'suthan@jobhunt.top' (Role: 'super_admin') attempting to access view: 'post_job'.
[2025-07-01 06:28:48] [JOB_POST_SUCCESS] Job ID '1751331528_8726' (Title: 'Vj') posted successfully by 'suthan@jobhunt.top'.
[2025-07-01 06:28:48] [AI_IMAGE_WARNING] GD library not available. Cannot create placeholder image for job ID '1751331528_8726'.
[2025-07-01 06:28:48] [ACCESS_ATTEMPT] User 'suthan@jobhunt.top' (Role: 'super_admin') attempting to access view: 'post_job'.
[2025-07-01 06:32:04] [ACCESS_ATTEMPT] User 'suthan@jobhunt.top' (Role: 'super_admin') attempting to access view: 'post_job'.
[2025-07-01 06:32:15] [AI_SUMMARY_SKIP] AI Summary generation skipped for job 'Whm': API Key is placeholder or empty.
[2025-07-01 06:32:18] [AI_SUMMARY_SUCCESS] AI summary generated successfully for job 'Whm'.
[2025-07-01 06:32:18] [JOB_POST_REVIEW_READY] Job post by 'suthan@jobhunt.top' (Title: 'Whm') ready for review.
[2025-07-01 06:32:18] [ACCESS_ATTEMPT] User 'suthan@jobhunt.top' (Role: 'super_admin') attempting to access view: 'post_job'.
[2025-07-01 06:32:20] [JOB_POST_SUCCESS] Job ID '1751331740_3088' (Title: 'Whm') posted successfully by 'suthan@jobhunt.top'.
[2025-07-01 06:32:20] [AI_IMAGE_WARNING] GD library not available. Cannot create placeholder image for job ID '1751331740_3088'.
[2025-07-01 06:32:20] [ACCESS_ATTEMPT] User 'suthan@jobhunt.top' (Role: 'super_admin') attempting to access view: 'post_job'.
[2025-07-01 06:33:43] [ACCESS_ATTEMPT] User 'suthan@jobhunt.top' (Role: 'super_admin') attempting to access view: 'post_job'.
[2025-07-01 06:33:59] [AI_SUMMARY_SKIP] AI Summary generation skipped for job 'Of vj': API Key is placeholder or empty.
[2025-07-01 06:34:02] [AI_SUMMARY_SUCCESS] AI summary generated successfully for job 'Of vj'.
[2025-07-01 06:34:02] [JOB_POST_REVIEW_READY] Job post by 'suthan@jobhunt.top' (Title: 'Of vj') ready for review.
[2025-07-01 06:34:02] [ACCESS_ATTEMPT] User 'suthan@jobhunt.top' (Role: 'super_admin') attempting to access view: 'post_job'.
[2025-07-01 06:34:03] [JOB_POST_SUCCESS] Job ID '1751331843_2804' (Title: 'Of vj') posted successfully by 'suthan@jobhunt.top'.
[2025-07-01 06:34:03] [AI_IMAGE_WARNING] GD library not available. Cannot create placeholder image for job ID '1751331843_2804'.
[2025-07-01 06:34:03] [ACCESS_ATTEMPT] User 'suthan@jobhunt.top' (Role: 'super_admin') attempting to access view: 'post_job'.
[2025-07-01 06:34:50] [ACCESS_ATTEMPT] User 'suthan@jobhunt.top' (Role: 'super_admin') attempting to access view: 'post_job'.
[2025-07-01 06:35:09] [AI_SUMMARY_SKIP] AI Summary generation skipped for job 'Do of': API Key is placeholder or empty.
[2025-07-01 06:35:12] [AI_SUMMARY_SUCCESS] AI summary generated successfully for job 'Do of'.
[2025-07-01 06:35:12] [JOB_POST_REVIEW_READY] Job post by 'suthan@jobhunt.top' (Title: 'Do of') ready for review.
[2025-07-01 06:35:12] [ACCESS_ATTEMPT] User 'suthan@jobhunt.top' (Role: 'super_admin') attempting to access view: 'post_job'.
[2025-07-01 06:35:13] [JOB_POST_SUCCESS] Job ID '1751331913_9387' (Title: 'Do of') posted successfully by 'suthan@jobhunt.top'.
[2025-07-01 06:35:13] [AI_IMAGE_WARNING] GD library not available. Cannot create placeholder image for job ID '1751331913_9387'.
[2025-07-01 06:35:13] [ACCESS_ATTEMPT] User 'suthan@jobhunt.top' (Role: 'super_admin') attempting to access view: 'post_job'.
[2025-07-01 06:42:54] [ACCESS_ATTEMPT] User 'suthan@jobhunt.top' (Role: 'super_admin') attempting to access view: 'post_job'.
[2025-07-01 06:43:05] [AI_SUMMARY_SKIP] AI Summary generation skipped for job 'Me': API Key is placeholder or empty.
[2025-07-01 06:43:08] [AI_SUMMARY_SUCCESS] AI summary generated successfully for job 'Me'.
[2025-07-01 06:43:08] [JOB_POST_REVIEW_READY] Job post by 'suthan@jobhunt.top' (Title: 'Me') ready for review.
[2025-07-01 06:43:08] [ACCESS_ATTEMPT] User 'suthan@jobhunt.top' (Role: 'super_admin') attempting to access view: 'post_job'.
[2025-07-01 06:43:10] [JOB_POST_SUCCESS] Job ID '1751332390_1928' (Title: 'Me') posted successfully by 'suthan@jobhunt.top'.
[2025-07-01 06:43:10] [AI_IMAGE_WARNING] GD library not available. Cannot create placeholder image for job ID '1751332390_1928'.
[2025-07-01 06:43:10] [ACCESS_ATTEMPT] User 'suthan@jobhunt.top' (Role: 'super_admin') attempting to access view: 'post_job'.
[2025-07-02 04:36:38] [AUTH_SUCCESS] User 'Suthan@jobhunt.top' logged in successfully. Role: 'super_admin'.
[2025-07-02 04:36:38] [ACCESS_ATTEMPT] User 'suthan@jobhunt.top' (Role: 'super_admin') attempting to access view: 'dashboard_overview'.
[2025-07-02 04:37:58] [ACCESS_ATTEMPT] User 'suthan@jobhunt.top' (Role: 'super_admin') attempting to access view: 'messages'.
[2025-07-02 04:37:58] [ACCESS_GRANTED] User 'suthan@jobhunt.top' accessed 'messages' view.
[2025-07-02 04:39:04] [ACCESS_ATTEMPT] User 'suthan@jobhunt.top' (Role: 'super_admin') attempting to access view: 'messages'.
[2025-07-02 04:39:04] [ACCESS_GRANTED] User 'suthan@jobhunt.top' accessed 'messages' view.
[2025-07-02 04:39:20] [ACCESS_ATTEMPT] User 'suthan@jobhunt.top' (Role: 'super_admin') attempting to access view: 'messages'.
[2025-07-02 04:39:20] [ACCESS_GRANTED] User 'suthan@jobhunt.top' accessed 'messages' view.
[2025-07-02 04:39:29] [ACCESS_ATTEMPT] User 'suthan@jobhunt.top' (Role: 'super_admin') attempting to access view: 'messages'.
[2025-07-02 04:39:29] [ACCESS_GRANTED] User 'suthan@jobhunt.top' accessed 'messages' view.
[2025-07-02 04:41:28] [ACCESS_ATTEMPT] User 'suthan@jobhunt.top' (Role: 'super_admin') attempting to access view: 'manage_jobs'.
[2025-07-02 04:42:41] [ACCESS_ATTEMPT] User 'suthan@jobhunt.top' (Role: 'super_admin') attempting to access view: 'manage_jobs'.
[2025-07-02 04:42:43] [ACCESS_ATTEMPT] User 'suthan@jobhunt.top' (Role: 'super_admin') attempting to access view: 'messages'.
[2025-07-02 04:42:43] [ACCESS_GRANTED] User 'suthan@jobhunt.top' accessed 'messages' view.
[2025-07-02 04:44:20] [ACCESS_ATTEMPT] User 'suthan@jobhunt.top' (Role: 'super_admin') attempting to access view: 'messages'.
[2025-07-02 04:44:20] [ACCESS_GRANTED] User 'suthan@jobhunt.top' accessed 'messages' view.
[2025-07-02 04:44:30] [ACCESS_ATTEMPT] User 'suthan@jobhunt.top' (Role: 'super_admin') attempting to access view: 'manage_jobs'.
[2025-07-02 04:44:48] [ACCESS_ATTEMPT] User 'suthan@jobhunt.top' (Role: 'super_admin') attempting to access view: 'manage_jobs'.
[2025-07-02 04:45:41] [ACCESS_ATTEMPT] User 'suthan@jobhunt.top' (Role: 'super_admin') attempting to access view: 'manage_jobs'.
[2025-07-02 04:45:43] [ACCESS_ATTEMPT] User 'suthan@jobhunt.top' (Role: 'super_admin') attempting to access view: 'messages'.
[2025-07-02 04:45:43] [ACCESS_GRANTED] User 'suthan@jobhunt.top' accessed 'messages' view.
[2025-07-02 04:46:07] [ACCESS_ATTEMPT] User 'suthan@jobhunt.top' (Role: 'super_admin') attempting to access view: 'messages'.
[2025-07-02 04:46:07] [ACCESS_GRANTED] User 'suthan@jobhunt.top' accessed 'messages' view.
[2025-07-02 04:50:11] [ACCESS_ATTEMPT] User 'suthan@jobhunt.top' (Role: 'super_admin') attempting to access view: 'messages'.
[2025-07-02 04:50:11] [ACCESS_GRANTED] User 'suthan@jobhunt.top' accessed 'messages' view.
[2025-07-02 04:50:21] [ACCESS_ATTEMPT] User 'suthan@jobhunt.top' (Role: 'super_admin') attempting to access view: 'manage_jobs'.
[2025-07-02 04:50:23] [ACCESS_ATTEMPT] User 'suthan@jobhunt.top' (Role: 'super_admin') attempting to access view: 'messages'.
[2025-07-02 04:50:23] [ACCESS_GRANTED] User 'suthan@jobhunt.top' accessed 'messages' view.
[2025-07-02 04:52:22] [ACCESS_ATTEMPT] User 'suthan@jobhunt.top' (Role: 'super_admin') attempting to access view: 'messages'.
[2025-07-02 04:52:22] [ACCESS_GRANTED] User 'suthan@jobhunt.top' accessed 'messages' view.
[2025-07-02 04:52:31] [ACCESS_ATTEMPT] User 'suthan@jobhunt.top' (Role: 'super_admin') attempting to access view: 'messages'.
[2025-07-02 04:52:31] [ACCESS_GRANTED] User 'suthan@jobhunt.top' accessed 'messages' view.
[2025-07-02 04:52:40] [ACCESS_ATTEMPT] User 'suthan@jobhunt.top' (Role: 'super_admin') attempting to access view: 'messages'.
[2025-07-02 04:52:40] [ACCESS_GRANTED] User 'suthan@jobhunt.top' accessed 'messages' view.
[2025-07-02 04:53:10] [ACCESS_ATTEMPT] User 'suthan@jobhunt.top' (Role: 'super_admin') attempting to access view: 'messages'.
[2025-07-02 04:53:10] [ACCESS_GRANTED] User 'suthan@jobhunt.top' accessed 'messages' view.
[2025-07-02 04:53:17] [ACCESS_ATTEMPT] User 'suthan@jobhunt.top' (Role: 'super_admin') attempting to access view: 'messages'.
[2025-07-02 04:53:17] [ACCESS_GRANTED] User 'suthan@jobhunt.top' accessed 'messages' view.
[2025-07-02 04:54:25] [ACCESS_ATTEMPT] User 'suthan@jobhunt.top' (Role: 'super_admin') attempting to access view: 'messages'.
[2025-07-02 04:54:25] [ACCESS_GRANTED] User 'suthan@jobhunt.top' accessed 'messages' view.
[2025-07-02 04:55:36] [ACCESS_ATTEMPT] User 'suthan@jobhunt.top' (Role: 'super_admin') attempting to access view: 'messages'.
[2025-07-02 04:55:36] [ACCESS_GRANTED] User 'suthan@jobhunt.top' accessed 'messages' view.
[2025-07-02 04:57:11] [ACCESS_ATTEMPT] User 'suthan@jobhunt.top' (Role: 'super_admin') attempting to access view: 'messages'.
[2025-07-02 04:57:11] [ACCESS_GRANTED] User 'suthan@jobhunt.top' accessed 'messages' view.
[2025-07-02 04:57:25] [ACCESS_ATTEMPT] User 'suthan@jobhunt.top' (Role: 'super_admin') attempting to access view: 'messages'.
[2025-07-02 04:57:25] [ACCESS_GRANTED] User 'suthan@jobhunt.top' accessed 'messages' view.
[2025-07-02 04:57:34] [ACCESS_ATTEMPT] User 'suthan@jobhunt.top' (Role: 'super_admin') attempting to access view: 'messages'.
[2025-07-02 04:57:34] [ACCESS_GRANTED] User 'suthan@jobhunt.top' accessed 'messages' view.
[2025-07-02 04:59:13] [ACCESS_ATTEMPT] User 'suthan@jobhunt.top' (Role: 'super_admin') attempting to access view: 'messages'.
[2025-07-02 04:59:13] [ACCESS_GRANTED] User 'suthan@jobhunt.top' accessed 'messages' view.
[2025-07-02 04:59:58] [ACCESS_ATTEMPT] User 'suthan@jobhunt.top' (Role: 'super_admin') attempting to access view: 'messages'.
[2025-07-02 04:59:58] [ACCESS_GRANTED] User 'suthan@jobhunt.top' accessed 'messages' view.
[2025-07-02 05:00:10] [ACCESS_ATTEMPT] User 'suthan@jobhunt.top' (Role: 'super_admin') attempting to access view: 'messages'.
[2025-07-02 05:00:10] [ACCESS_GRANTED] User 'suthan@jobhunt.top' accessed 'messages' view.
[2025-07-02 05:00:24] [ACCESS_ATTEMPT] User 'suthan@jobhunt.top' (Role: 'super_admin') attempting to access view: 'messages'.
[2025-07-02 05:00:24] [ACCESS_GRANTED] User 'suthan@jobhunt.top' accessed 'messages' view.
[2025-07-02 05:00:33] [ACCESS_ATTEMPT] User 'suthan@jobhunt.top' (Role: 'super_admin') attempting to access view: 'messages'.
[2025-07-02 05:00:33] [ACCESS_GRANTED] User 'suthan@jobhunt.top' accessed 'messages' view.
[2025-07-02 05:06:55] [ACCESS_ATTEMPT] User 'suthan@jobhunt.top' (Role: 'super_admin') attempting to access view: 'messages'.
[2025-07-02 05:06:55] [ACCESS_GRANTED] User 'suthan@jobhunt.top' accessed 'messages' view.
[2025-07-02 05:12:46] [ACCESS_ATTEMPT] User 'suthan@jobhunt.top' (Role: 'super_admin') attempting to access view: 'messages'.
[2025-07-02 05:12:46] [ACCESS_GRANTED] User 'suthan@jobhunt.top' accessed 'messages' view.
[2025-07-02 05:12:48] [ACCESS_ATTEMPT] User 'suthan@jobhunt.top' (Role: 'super_admin') attempting to access view: 'manage_jobs'.
[2025-07-02 05:12:54] [ACCESS_ATTEMPT] User 'suthan@jobhunt.top' (Role: 'super_admin') attempting to access view: 'post_job'.
[2025-07-02 05:13:11] [ACCESS_ATTEMPT] User 'suthan@jobhunt.top' (Role: 'super_admin') attempting to access view: 'blocked_jobs'.
[2025-07-02 05:13:11] [INVALID_VIEW_ERROR] User 'suthan@jobhunt.top' attempted to access invalid view: 'blocked_jobs'.
[2025-07-02 05:13:13] [ACCESS_ATTEMPT] User 'suthan@jobhunt.top' (Role: 'super_admin') attempting to access view: 'reported_jobs'.
[2025-07-02 05:13:13] [ACCESS_GRANTED] User 'suthan@jobhunt.top' accessed 'reported_jobs' view.
[2025-07-02 05:13:32] [ACCESS_ATTEMPT] User 'suthan@jobhunt.top' (Role: 'super_admin') attempting to access view: 'generate_message'.
[2025-07-02 05:13:32] [ACCESS_GRANTED] User 'suthan@jobhunt.top' accessed 'generate_message' view. WhatsApp generated: Yes. Telegram generated: Yes.
[2025-07-02 05:13:51] [ACCESS_ATTEMPT] User 'suthan@jobhunt.top' (Role: 'super_admin') attempting to access view: 'manage_jobs'.
[2025-07-02 05:15:45] [ACCESS_ATTEMPT] User 'suthan@jobhunt.top' (Role: 'super_admin') attempting to access view: 'manage_jobs'.
[2025-07-02 05:15:47] [ACCESS_ATTEMPT] User 'suthan@jobhunt.top' (Role: 'super_admin') attempting to access view: 'generate_message'.
[2025-07-02 05:15:47] [ACCESS_GRANTED] User 'suthan@jobhunt.top' accessed 'generate_message' view. WhatsApp generated: Yes. Telegram generated: Yes.
[2025-07-02 05:15:52] [ACCESS_ATTEMPT] User 'suthan@jobhunt.top' (Role: 'super_admin') attempting to access view: 'manage_jobs'.
[2025-07-02 05:15:59] [ACCESS_ATTEMPT] User 'suthan@jobhunt.top' (Role: 'super_admin') attempting to access view: 'post_job'.
[2025-07-02 05:16:15] [AI_SUMMARY_SKIP] AI Summary generation skipped for job 'Go go': API Key is placeholder or empty.
[2025-07-02 05:16:18] [AI_SUMMARY_SUCCESS] AI summary generated successfully for job 'Go go'.
[2025-07-02 05:16:18] [JOB_POST_REVIEW_READY] Job post by 'suthan@jobhunt.top' (Title: 'Go go') ready for review.
[2025-07-02 05:16:18] [ACCESS_ATTEMPT] User 'suthan@jobhunt.top' (Role: 'super_admin') attempting to access view: 'post_job'.
[2025-07-02 05:16:22] [JOB_POST_SUCCESS] Job ID '1751413582_4190' (Title: 'Go go') posted successfully by 'suthan@jobhunt.top'.
[2025-07-02 05:16:22] [AI_IMAGE_WARNING] GD library not available. Cannot create placeholder image for job ID '1751413582_4190'.
[2025-07-02 05:16:22] [ACCESS_ATTEMPT] User 'suthan@jobhunt.top' (Role: 'super_admin') attempting to access view: 'post_job'.
[2025-07-02 05:21:18] [ACCESS_ATTEMPT] User 'suthan@jobhunt.top' (Role: 'super_admin') attempting to access view: 'post_job'.
[2025-07-02 05:21:21] [ACCESS_ATTEMPT] User 'suthan@jobhunt.top' (Role: 'super_admin') attempting to access view: 'manage_jobs'.
[2025-07-02 05:21:29] [ACCESS_ATTEMPT] User 'suthan@jobhunt.top' (Role: 'super_admin') attempting to access view: 'manage_jobs'.
[2025-07-02 05:22:26] [ACCESS_ATTEMPT] User 'suthan@jobhunt.top' (Role: 'super_admin') attempting to access view: 'manage_jobs'.
[2025-07-02 05:22:46] [ACCESS_ATTEMPT] User 'suthan@jobhunt.top' (Role: 'super_admin') attempting to access view: 'manage_jobs'.
[2025-07-02 05:23:40] [ACCESS_ATTEMPT] User 'suthan@jobhunt.top' (Role: 'super_admin') attempting to access view: 'edit_job'.
[2025-07-02 05:23:44] [ACCESS_ATTEMPT] User 'suthan@jobhunt.top' (Role: 'super_admin') attempting to access view: 'manage_jobs'.
[2025-07-02 05:23:49] [ACCESS_ATTEMPT] User 'suthan@jobhunt.top' (Role: 'super_admin') attempting to access view: 'post_job'.
[2025-07-02 05:23:56] [ACCESS_ATTEMPT] User 'suthan@jobhunt.top' (Role: 'super_admin') attempting to access view: 'generate_message'.
[2025-07-02 05:23:56] [ACCESS_GRANTED] User 'suthan@jobhunt.top' accessed 'generate_message' view. WhatsApp generated: Yes. Telegram generated: Yes.
[2025-07-02 05:24:49] [ACCESS_ATTEMPT] User 'suthan@jobhunt.top' (Role: 'super_admin') attempting to access view: 'generate_message'.
[2025-07-02 05:24:49] [ACCESS_GRANTED] User 'suthan@jobhunt.top' accessed 'generate_message' view. WhatsApp generated: Yes. Telegram generated: Yes.
[2025-07-02 05:24:51] [ACCESS_ATTEMPT] User 'suthan@jobhunt.top' (Role: 'super_admin') attempting to access view: 'manage_jobs'.
[2025-07-02 05:25:09] [ACCESS_ATTEMPT] User 'suthan@jobhunt.top' (Role: 'super_admin') attempting to access view: 'dashboard_overview'.
[2025-07-02 05:25:13] [ACCESS_ATTEMPT] User 'suthan@jobhunt.top' (Role: 'super_admin') attempting to access view: 'manage_jobs'.
[2025-07-02 05:25:28] [ACCESS_ATTEMPT] User 'suthan@jobhunt.top' (Role: 'super_admin') attempting to access view: 'manage_jobs'.
[2025-07-02 05:26:36] [AUTH_SUCCESS] User 'suthan@jobhunt.top' logged in successfully. Role: 'super_admin'.
[2025-07-02 05:26:36] [ACCESS_ATTEMPT] User 'suthan@jobhunt.top' (Role: 'super_admin') attempting to access view: 'dashboard_overview'.
[2025-07-02 05:26:53] [ACCESS_ATTEMPT] User 'suthan@jobhunt.top' (Role: 'super_admin') attempting to access view: 'manage_jobs'.
[2025-07-02 05:27:01] [ACCESS_ATTEMPT] User 'suthan@jobhunt.top' (Role: 'super_admin') attempting to access view: 'edit_job'.
[2025-07-02 05:27:06] [ACCESS_ATTEMPT] User 'suthan@jobhunt.top' (Role: 'super_admin') attempting to access view: 'manage_jobs'.
[2025-07-02 05:29:39] [ACCESS_ATTEMPT] User 'suthan@jobhunt.top' (Role: 'super_admin') attempting to access view: 'achievements'.
[2025-07-02 05:29:48] [ACCESS_ATTEMPT] User 'suthan@jobhunt.top' (Role: 'super_admin') attempting to access view: 'manage_jobs'.
[2025-07-02 05:30:41] [ACCESS_ATTEMPT] User 'suthan@jobhunt.top' (Role: 'super_admin') attempting to access view: 'manage_jobs'.
[2025-07-02 05:31:55] [ACCESS_ATTEMPT] User 'suthan@jobhunt.top' (Role: 'super_admin') attempting to access view: 'manage_jobs'.
[2025-07-02 05:32:48] [ACCESS_ATTEMPT] User 'suthan@jobhunt.top' (Role: 'super_admin') attempting to access view: 'manage_jobs'.
[2025-07-13 13:15:14] [AUTH_SUCCESS] User 'suthan@jobhunt.top' logged in successfully. Role: 'super_admin'.
[2025-07-13 13:15:14] [ACCESS_ATTEMPT] User 'suthan@jobhunt.top' (Role: 'super_admin') attempting to access view: 'dashboard_overview'.
[2025-07-13 13:15:28] [ACCESS_ATTEMPT] User 'suthan@jobhunt.top' (Role: 'super_admin') attempting to access view: 'manage_jobs'.
[2025-07-13 13:18:39] [ACCESS_ATTEMPT] User 'suthan@jobhunt.top' (Role: 'super_admin') attempting to access view: 'manage_jobs'.
[2025-07-13 13:18:44] [ACCESS_ATTEMPT] User 'suthan@jobhunt.top' (Role: 'super_admin') attempting to access view: 'post_job'.
[2025-07-13 13:18:59] [AI_SUMMARY_SKIP] AI Summary generation skipped for job 'fwfw': API Key is placeholder or empty.
[2025-07-13 13:19:08] [AI_SUMMARY_SUCCESS] AI summary generated successfully for job 'fwfw'.
[2025-07-13 13:19:08] [JOB_POST_REVIEW_READY] Job post by 'suthan@jobhunt.top' (Title: 'fwfw') ready for review.
[2025-07-13 13:19:08] [ACCESS_ATTEMPT] User 'suthan@jobhunt.top' (Role: 'super_admin') attempting to access view: 'post_job'.
[2025-07-13 13:22:31] [ACCESS_ATTEMPT] User 'suthan@jobhunt.top' (Role: 'super_admin') attempting to access view: 'post_job'.
[2025-07-13 13:22:39] [AI_SUMMARY_SKIP] AI Summary generation skipped for job 'fwfw': API Key is placeholder or empty.
[2025-07-13 13:22:41] [AI_SUMMARY_SUCCESS] AI summary generated successfully for job 'fwfw'.
[2025-07-13 13:22:41] [JOB_POST_REVIEW_READY] Job post by 'suthan@jobhunt.top' (Title: 'fwfw') ready for review.
[2025-07-13 13:22:41] [ACCESS_ATTEMPT] User 'suthan@jobhunt.top' (Role: 'super_admin') attempting to access view: 'post_job'.
[2025-07-13 13:25:24] [ACCESS_ATTEMPT] User 'suthan@jobhunt.top' (Role: 'super_admin') attempting to access view: 'post_job'.
[2025-07-13 13:25:33] [ACCESS_ATTEMPT] User 'suthan@jobhunt.top' (Role: 'super_admin') attempting to access view: 'post_job'.
[2025-07-13 13:25:34] [ACCESS_ATTEMPT] User 'suthan@jobhunt.top' (Role: 'super_admin') attempting to access view: 'post_job'.
[2025-07-13 13:28:47] [ACCESS_ATTEMPT] User 'suthan@jobhunt.top' (Role: 'super_admin') attempting to access view: 'post_job'.
[2025-07-13 13:29:22] [ACCESS_ATTEMPT] User 'suthan@jobhunt.top' (Role: 'super_admin') attempting to access view: 'post_job'.
[2025-07-13 13:44:12] [ACCESS_ATTEMPT] User 'suthan@jobhunt.top' (Role: 'super_admin') attempting to access view: 'post_job'.
[2025-07-13 13:44:35] [ACCESS_ATTEMPT] User 'suthan@jobhunt.top' (Role: 'super_admin') attempting to access view: 'post_job'.
[2025-07-13 13:44:37] [ACCESS_ATTEMPT] User 'suthan@jobhunt.top' (Role: 'super_admin') attempting to access view: 'post_job'.
[2025-07-13 13:44:38] [ACCESS_ATTEMPT] User 'suthan@jobhunt.top' (Role: 'super_admin') attempting to access view: 'post_job'.
[2025-07-13 13:44:39] [ACCESS_ATTEMPT] User 'suthan@jobhunt.top' (Role: 'super_admin') attempting to access view: 'post_job'.
[2025-07-13 13:44:41] [ACCESS_ATTEMPT] User 'suthan@jobhunt.top' (Role: 'super_admin') attempting to access view: 'post_job'.
[2025-07-13 13:46:42] [ACCESS_ATTEMPT] User 'suthan@jobhunt.top' (Role: 'super_admin') attempting to access view: 'post_job'.
[2025-07-13 13:46:47] [AI_SUMMARY_SKIP] AI Summary generation skipped for job 'fwfw': API Key is placeholder or empty.
[2025-07-13 13:46:50] [AI_SUMMARY_SUCCESS] AI summary generated successfully for job 'fwfw'.
[2025-07-13 13:46:50] [JOB_POST_REVIEW_READY] Job post by 'suthan@jobhunt.top' (Title: 'fwfw') ready for review.
[2025-07-13 13:46:50] [ACCESS_ATTEMPT] User 'suthan@jobhunt.top' (Role: 'super_admin') attempting to access view: 'post_job'.
[2025-07-13 13:52:27] [ACCESS_ATTEMPT] User 'suthan@jobhunt.top' (Role: 'super_admin') attempting to access view: 'post_job'.
[2025-07-13 13:52:36] [AI_SUMMARY_SKIP] AI Summary generation skipped for job 'fwfw': API Key is placeholder or empty.
[2025-07-13 13:52:39] [AI_SUMMARY_SUCCESS] AI summary generated successfully for job 'fwfw'.
[2025-07-13 13:52:39] [JOB_POST_REVIEW_READY] Job post by 'suthan@jobhunt.top' (Title: 'fwfw') ready for review.
[2025-07-13 13:52:39] [ACCESS_ATTEMPT] User 'suthan@jobhunt.top' (Role: 'super_admin') attempting to access view: 'post_job'.
[2025-07-13 13:52:58] [ACCESS_ATTEMPT] User 'suthan@jobhunt.top' (Role: 'super_admin') attempting to access view: 'manage_jobs'.
[2025-07-13 13:53:00] [ACCESS_ATTEMPT] User 'suthan@jobhunt.top' (Role: 'super_admin') attempting to access view: 'manage_jobs'.
[2025-07-13 13:53:01] [ACCESS_ATTEMPT] User 'suthan@jobhunt.top' (Role: 'super_admin') attempting to access view: 'post_job'.
[2025-07-13 13:53:47] [AUTH_SUCCESS] User 'suthan@jobhunt.top' logged in successfully. Role: 'super_admin'.
[2025-07-13 13:53:47] [ACCESS_ATTEMPT] User 'suthan@jobhunt.top' (Role: 'super_admin') attempting to access view: 'dashboard_overview'.
[2025-07-13 13:53:54] [ACCESS_ATTEMPT] User 'suthan@jobhunt.top' (Role: 'super_admin') attempting to access view: 'manage_jobs'.
[2025-07-13 13:53:59] [ACCESS_ATTEMPT] User 'suthan@jobhunt.top' (Role: 'super_admin') attempting to access view: 'post_job'.
[2025-07-13 13:54:35] [AI_SUMMARY_SKIP] AI Summary generation skipped for job 'ncnc': API Key is placeholder or empty.
[2025-07-13 13:54:39] [AI_SUMMARY_SUCCESS] AI summary generated successfully for job 'ncnc'.
[2025-07-13 13:54:39] [JOB_POST_REVIEW_READY] Job post by 'suthan@jobhunt.top' (Title: 'ncnc') ready for review.
[2025-07-13 13:54:39] [ACCESS_ATTEMPT] User 'suthan@jobhunt.top' (Role: 'super_admin') attempting to access view: 'post_job'.
[2025-07-13 13:58:16] [ACCESS_ATTEMPT] User 'suthan@jobhunt.top' (Role: 'super_admin') attempting to access view: 'post_job'.
[2025-07-13 13:58:17] [ACCESS_ATTEMPT] User 'suthan@jobhunt.top' (Role: 'super_admin') attempting to access view: 'post_job'.
[2025-07-13 13:58:18] [ACCESS_ATTEMPT] User 'suthan@jobhunt.top' (Role: 'super_admin') attempting to access view: 'post_job'.
[2025-07-13 13:58:19] [ACCESS_ATTEMPT] User 'suthan@jobhunt.top' (Role: 'super_admin') attempting to access view: 'post_job'.
[2025-07-13 13:58:24] [ACCESS_ATTEMPT] User 'suthan@jobhunt.top' (Role: 'super_admin') attempting to access view: 'post_job'.
[2025-07-13 13:58:25] [ACCESS_ATTEMPT] User 'suthan@jobhunt.top' (Role: 'super_admin') attempting to access view: 'post_job'.
[2025-07-13 13:58:26] [ACCESS_ATTEMPT] User 'suthan@jobhunt.top' (Role: 'super_admin') attempting to access view: 'post_job'.
[2025-07-13 13:59:53] [ACCESS_ATTEMPT] User 'suthan@jobhunt.top' (Role: 'super_admin') attempting to access view: 'post_job'.
[2025-07-13 13:59:55] [AI_SUMMARY_SKIP] AI Summary generation skipped for job 'ncnc': API Key is placeholder or empty.
[2025-07-13 13:59:57] [AI_SUMMARY_SUCCESS] AI summary generated successfully for job 'ncnc'.
[2025-07-13 13:59:57] [JOB_POST_REVIEW_READY] Job post by 'suthan@jobhunt.top' (Title: 'ncnc') ready for review.
[2025-07-13 13:59:57] [ACCESS_ATTEMPT] User 'suthan@jobhunt.top' (Role: 'super_admin') attempting to access view: 'post_job'.
[2025-07-13 14:00:11] [ACCESS_ATTEMPT] User 'suthan@jobhunt.top' (Role: 'super_admin') attempting to access view: 'post_job'.
[2025-07-13 14:02:52] [ACCESS_ATTEMPT] User 'suthan@jobhunt.top' (Role: 'super_admin') attempting to access view: 'post_job'.
[2025-07-13 14:03:21] [ACCESS_ATTEMPT] User 'suthan@jobhunt.top' (Role: 'super_admin') attempting to access view: 'post_job'.
[2025-07-13 14:06:34] [ACCESS_ATTEMPT] User 'suthan@jobhunt.top' (Role: 'super_admin') attempting to access view: 'post_job'.
[2025-07-13 14:06:40] [JOB_POST_SUCCESS] Job ID '1752395800_6468' (Title: 'ncnc') posted successfully by 'suthan@jobhunt.top'.
[2025-07-13 14:06:40] [AI_IMAGE_WARNING] GD library not available. Cannot create placeholder image for job ID '1752395800_6468'.
[2025-07-13 14:06:40] [ACCESS_ATTEMPT] User 'suthan@jobhunt.top' (Role: 'super_admin') attempting to access view: 'post_job'.
[2025-07-13 14:07:14] [AI_SUMMARY_SKIP] AI Summary generation skipped for job 'jhjh': API Key is placeholder or empty.
[2025-07-13 14:07:17] [AI_SUMMARY_SUCCESS] AI summary generated successfully for job 'jhjh'.
[2025-07-13 14:07:17] [JOB_POST_REVIEW_READY] Job post by 'suthan@jobhunt.top' (Title: 'jhjh') ready for review.
[2025-07-13 14:07:17] [ACCESS_ATTEMPT] User 'suthan@jobhunt.top' (Role: 'super_admin') attempting to access view: 'post_job'.
[2025-07-13 14:07:29] [ACCESS_ATTEMPT] User 'suthan@jobhunt.top' (Role: 'super_admin') attempting to access view: 'post_job'.
[2025-07-13 14:14:18] [ACCESS_ATTEMPT] User 'suthan@jobhunt.top' (Role: 'super_admin') attempting to access view: 'post_job'.
[2025-07-13 14:14:21] [ACCESS_ATTEMPT] User 'suthan@jobhunt.top' (Role: 'super_admin') attempting to access view: 'post_job'.
[2025-07-13 14:14:27] [ACCESS_ATTEMPT] User 'suthan@jobhunt.top' (Role: 'super_admin') attempting to access view: 'post_job'.
[2025-07-13 14:14:32] [ACCESS_ATTEMPT] User 'suthan@jobhunt.top' (Role: 'super_admin') attempting to access view: 'post_job'.
[2025-07-13 14:14:33] [ACCESS_ATTEMPT] User 'suthan@jobhunt.top' (Role: 'super_admin') attempting to access view: 'post_job'.
[2025-07-13 14:14:34] [ACCESS_ATTEMPT] User 'suthan@jobhunt.top' (Role: 'super_admin') attempting to access view: 'post_job'.
[2025-07-13 14:14:37] [ACCESS_ATTEMPT] User 'suthan@jobhunt.top' (Role: 'super_admin') attempting to access view: 'post_job'.
[2025-07-13 14:14:46] [ACCESS_ATTEMPT] User 'suthan@jobhunt.top' (Role: 'super_admin') attempting to access view: 'post_job'.
[2025-07-13 14:14:46] [ACCESS_ATTEMPT] User 'suthan@jobhunt.top' (Role: 'super_admin') attempting to access view: 'post_job'.
[2025-07-13 14:14:47] [ACCESS_ATTEMPT] User 'suthan@jobhunt.top' (Role: 'super_admin') attempting to access view: 'post_job'.
[2025-07-13 14:14:48] [ACCESS_ATTEMPT] User 'suthan@jobhunt.top' (Role: 'super_admin') attempting to access view: 'post_job'.
[2025-07-13 14:14:49] [ACCESS_ATTEMPT] User 'suthan@jobhunt.top' (Role: 'super_admin') attempting to access view: 'post_job'.
[2025-07-13 14:18:20] [ACCESS_ATTEMPT] User 'suthan@jobhunt.top' (Role: 'super_admin') attempting to access view: 'post_job'.
[2025-07-13 14:18:22] [ACCESS_ATTEMPT] User 'suthan@jobhunt.top' (Role: 'super_admin') attempting to access view: 'post_job'.
[2025-07-13 14:18:24] [ACCESS_ATTEMPT] User 'suthan@jobhunt.top' (Role: 'super_admin') attempting to access view: 'post_job'.
[2025-07-13 14:19:11] [ACCESS_ATTEMPT] User 'suthan@jobhunt.top' (Role: 'super_admin') attempting to access view: 'post_job'.
[2025-07-13 14:19:12] [AI_SUMMARY_SKIP] AI Summary generation skipped for job 'jhjh': API Key is placeholder or empty.
[2025-07-13 14:19:13] [AI_SUMMARY_SUCCESS] AI summary generated successfully for job 'jhjh'.
[2025-07-13 14:19:13] [JOB_POST_REVIEW_READY] Job post by 'suthan@jobhunt.top' (Title: 'jhjh') ready for review.
[2025-07-13 14:19:13] [ACCESS_ATTEMPT] User 'suthan@jobhunt.top' (Role: 'super_admin') attempting to access view: 'post_job'.
[2025-07-13 14:19:29] [AI_SUMMARY_SKIP] AI Summary generation skipped for job 'jhjh': API Key is placeholder or empty.
[2025-07-13 14:19:31] [AI_SUMMARY_SUCCESS] AI summary generated successfully for job 'jhjh'.
[2025-07-13 14:19:31] [JOB_POST_REVIEW_READY] Job post by 'suthan@jobhunt.top' (Title: 'jhjh') ready for review.
[2025-07-13 14:19:31] [ACCESS_ATTEMPT] User 'suthan@jobhunt.top' (Role: 'super_admin') attempting to access view: 'post_job'.
[2025-07-13 14:19:59] [AI_SUMMARY_SKIP] AI Summary generation skipped for job 'jhjh': API Key is placeholder or empty.
[2025-07-13 14:20:01] [AI_SUMMARY_SUCCESS] AI summary generated successfully for job 'jhjh'.
[2025-07-13 14:20:01] [JOB_POST_REVIEW_READY] Job post by 'suthan@jobhunt.top' (Title: 'jhjh') ready for review.
[2025-07-13 14:20:01] [ACCESS_ATTEMPT] User 'suthan@jobhunt.top' (Role: 'super_admin') attempting to access view: 'post_job'.
[2025-07-13 14:20:12] [AI_SUMMARY_SKIP] AI Summary generation skipped for job 'jhjh': API Key is placeholder or empty.
[2025-07-13 14:20:13] [AI_SUMMARY_SUCCESS] AI summary generated successfully for job 'jhjh'.
[2025-07-13 14:20:13] [JOB_POST_REVIEW_READY] Job post by 'suthan@jobhunt.top' (Title: 'jhjh') ready for review.
[2025-07-13 14:20:13] [ACCESS_ATTEMPT] User 'suthan@jobhunt.top' (Role: 'super_admin') attempting to access view: 'post_job'.
[2025-07-13 14:20:27] [ACCESS_ATTEMPT] User 'suthan@jobhunt.top' (Role: 'super_admin') attempting to access view: 'post_job'.
[2025-07-13 14:20:30] [AI_SUMMARY_SKIP] AI Summary generation skipped for job 'jhjh': API Key is placeholder or empty.
[2025-07-13 14:20:32] [AI_SUMMARY_SUCCESS] AI summary generated successfully for job 'jhjh'.
[2025-07-13 14:20:32] [JOB_POST_REVIEW_READY] Job post by 'suthan@jobhunt.top' (Title: 'jhjh') ready for review.
[2025-07-13 14:20:33] [ACCESS_ATTEMPT] User 'suthan@jobhunt.top' (Role: 'super_admin') attempting to access view: 'post_job'.
[2025-07-13 14:20:40] [ACCESS_ATTEMPT] User 'suthan@jobhunt.top' (Role: 'super_admin') attempting to access view: 'post_job'.
[2025-07-13 14:20:42] [ACCESS_ATTEMPT] User 'suthan@jobhunt.top' (Role: 'super_admin') attempting to access view: 'post_job'.
[2025-07-13 14:20:43] [ACCESS_ATTEMPT] User 'suthan@jobhunt.top' (Role: 'super_admin') attempting to access view: 'manage_jobs'.
[2025-07-13 14:20:43] [ACCESS_ATTEMPT] User 'suthan@jobhunt.top' (Role: 'super_admin') attempting to access view: 'dashboard_overview'.
[2025-07-13 14:20:46] [ACCESS_ATTEMPT] User 'suthan@jobhunt.top' (Role: 'super_admin') attempting to access view: 'manage_jobs'.
[2025-07-13 14:20:47] [ACCESS_ATTEMPT] User 'suthan@jobhunt.top' (Role: 'super_admin') attempting to access view: 'post_job'.
[2025-07-13 14:21:05] [AI_SUMMARY_SKIP] AI Summary generation skipped for job 'Hari 41,m': API Key is placeholder or empty.
[2025-07-13 14:21:09] [AI_SUMMARY_SUCCESS] AI summary generated successfully for job 'Hari 41,m'.
[2025-07-13 14:21:09] [JOB_POST_REVIEW_READY] Job post by 'suthan@jobhunt.top' (Title: 'Hari 41,m') ready for review.
[2025-07-13 14:21:09] [ACCESS_ATTEMPT] User 'suthan@jobhunt.top' (Role: 'super_admin') attempting to access view: 'post_job'.
[2025-07-13 14:22:15] [ACCESS_ATTEMPT] User 'suthan@jobhunt.top' (Role: 'super_admin') attempting to access view: 'post_job'.
[2025-07-13 14:22:17] [ACCESS_ATTEMPT] User 'suthan@jobhunt.top' (Role: 'super_admin') attempting to access view: 'post_job'.
[2025-07-13 14:22:53] [ACCESS_ATTEMPT] User 'suthan@jobhunt.top' (Role: 'super_admin') attempting to access view: 'post_job'.
[2025-07-13 14:22:56] [AI_SUMMARY_SKIP] AI Summary generation skipped for job 'Hari 41,m': API Key is placeholder or empty.
[2025-07-13 14:22:58] [AI_SUMMARY_SUCCESS] AI summary generated successfully for job 'Hari 41,m'.
[2025-07-13 14:22:58] [JOB_POST_REVIEW_READY] Job post by 'suthan@jobhunt.top' (Title: 'Hari 41,m') ready for review.
[2025-07-13 14:22:58] [ACCESS_ATTEMPT] User 'suthan@jobhunt.top' (Role: 'super_admin') attempting to access view: 'post_job'.
[2025-07-13 14:23:35] [AI_SUMMARY_SKIP] AI Summary generation skipped for job 'Hari 41,m': API Key is placeholder or empty.
[2025-07-13 14:23:40] [AI_SUMMARY_SUCCESS] AI summary generated successfully for job 'Hari 41,m'.
[2025-07-13 14:23:40] [JOB_POST_REVIEW_READY] Job post by 'suthan@jobhunt.top' (Title: 'Hari 41,m') ready for review.
[2025-07-13 14:23:40] [ACCESS_ATTEMPT] User 'suthan@jobhunt.top' (Role: 'super_admin') attempting to access view: 'post_job'.
[2025-07-13 14:24:04] [AI_SUMMARY_SKIP] AI Summary generation skipped for job 'Hari 41,m': API Key is placeholder or empty.
[2025-07-13 14:24:09] [AI_SUMMARY_SUCCESS] AI summary generated successfully for job 'Hari 41,m'.
[2025-07-13 14:24:09] [JOB_POST_REVIEW_READY] Job post by 'suthan@jobhunt.top' (Title: 'Hari 41,m') ready for review.
[2025-07-13 14:24:09] [ACCESS_ATTEMPT] User 'suthan@jobhunt.top' (Role: 'super_admin') attempting to access view: 'post_job'.
[2025-07-13 14:24:13] [ACCESS_ATTEMPT] User 'suthan@jobhunt.top' (Role: 'super_admin') attempting to access view: 'post_job'.
[2025-07-13 14:24:32] [AI_SUMMARY_SKIP] AI Summary generation skipped for job 'Hari 41n': API Key is placeholder or empty.
[2025-07-13 14:24:35] [AI_SUMMARY_SUCCESS] AI summary generated successfully for job 'Hari 41n'.
[2025-07-13 14:24:35] [JOB_POST_REVIEW_READY] Job post by 'suthan@jobhunt.top' (Title: 'Hari 41n') ready for review.
[2025-07-13 14:24:35] [ACCESS_ATTEMPT] User 'suthan@jobhunt.top' (Role: 'super_admin') attempting to access view: 'post_job'.
[2025-07-13 14:24:39] [ACCESS_ATTEMPT] User 'suthan@jobhunt.top' (Role: 'super_admin') attempting to access view: 'post_job'.
[2025-07-13 14:24:43] [ACCESS_ATTEMPT] User 'suthan@jobhunt.top' (Role: 'super_admin') attempting to access view: 'post_job'.
[2025-07-13 14:25:10] [ACCESS_ATTEMPT] User 'suthan@jobhunt.top' (Role: 'super_admin') attempting to access view: 'post_job'.
[2025-07-13 14:25:14] [JOB_POST_SUCCESS] Job ID '1752396914_8152' (Title: 'Hari 41n') posted successfully by 'suthan@jobhunt.top'.
[2025-07-13 14:25:14] [AI_IMAGE_WARNING] GD library not available. Cannot create placeholder image for job ID '1752396914_8152'.
[2025-07-13 14:25:14] [ACCESS_ATTEMPT] User 'suthan@jobhunt.top' (Role: 'super_admin') attempting to access view: 'post_job'.
[2025-07-13 14:32:21] [AI_SUMMARY_SKIP] AI Summary generation skipped for job 'Hari 41nn': API Key is placeholder or empty.
[2025-07-13 14:32:24] [AI_SUMMARY_SUCCESS] AI summary generated successfully for job 'Hari 41nn'.
[2025-07-13 14:32:24] [JOB_POST_REVIEW_READY] Job post by 'suthan@jobhunt.top' (Title: 'Hari 41nn') ready for review.
[2025-07-13 14:32:24] [ACCESS_ATTEMPT] User 'suthan@jobhunt.top' (Role: 'super_admin') attempting to access view: 'post_job'.
[2025-07-13 14:32:31] [JOB_POST_SUCCESS] Job ID '1752397351_9684' (Title: 'Hari 41nn') posted successfully by 'suthan@jobhunt.top'.
[2025-07-13 14:32:31] [AI_IMAGE_WARNING] GD library not available. Cannot create placeholder image for job ID '1752397351_9684'.
[2025-07-13 14:32:31] [ACCESS_ATTEMPT] User 'suthan@jobhunt.top' (Role: 'super_admin') attempting to access view: 'post_job'.
[2025-07-13 14:33:35] [AI_SUMMARY_SKIP] AI Summary generation skipped for job 'Accountantj': API Key is placeholder or empty.
[2025-07-13 14:33:39] [AI_SUMMARY_SUCCESS] AI summary generated successfully for job 'Accountantj'.
[2025-07-13 14:33:39] [JOB_POST_REVIEW_READY] Job post by 'suthan@jobhunt.top' (Title: 'Accountantj') ready for review.
[2025-07-13 14:33:39] [ACCESS_ATTEMPT] User 'suthan@jobhunt.top' (Role: 'super_admin') attempting to access view: 'post_job'.
[2025-07-13 14:33:41] [JOB_POST_SUCCESS] Job ID '1752397421_6250' (Title: 'Accountantj') posted successfully by 'suthan@jobhunt.top'.
[2025-07-13 14:33:41] [AI_IMAGE_WARNING] GD library not available. Cannot create placeholder image for job ID '1752397421_6250'.
[2025-07-13 14:33:41] [ACCESS_ATTEMPT] User 'suthan@jobhunt.top' (Role: 'super_admin') attempting to access view: 'post_job'.
[2025-07-13 14:42:36] [AI_SUMMARY_SKIP] AI Summary generation skipped for job 'hjsakjcxkan': API Key is placeholder or empty.
[2025-07-13 14:42:40] [AI_SUMMARY_SUCCESS] AI summary generated successfully for job 'hjsakjcxkan'.
[2025-07-13 14:42:40] [JOB_POST_REVIEW_READY] Job post by 'suthan@jobhunt.top' (Title: 'hjsakjcxkan') ready for review.
[2025-07-13 14:42:40] [ACCESS_ATTEMPT] User 'suthan@jobhunt.top' (Role: 'super_admin') attempting to access view: 'post_job'.
[2025-07-13 14:42:44] [JOB_POST_SUCCESS] Job ID '1752397964_2372' (Title: 'hjsakjcxkan') posted successfully by 'suthan@jobhunt.top'.
[2025-07-13 14:42:44] [AI_IMAGE_WARNING] GD library not available. Cannot create placeholder image for job ID '1752397964_2372'.
[2025-07-13 14:42:44] [ACCESS_ATTEMPT] User 'suthan@jobhunt.top' (Role: 'super_admin') attempting to access view: 'post_job'.
[2025-07-13 14:44:09] [JOB_POST_SUCCESS] Job ID '1752398049_3215' (Title: 'hjsakjcxkan') posted successfully by 'suthan@jobhunt.top'.
[2025-07-13 14:44:09] [AI_IMAGE_WARNING] GD library not available. Cannot create placeholder image for job ID '1752398049_3215'.
[2025-07-13 14:44:09] [ACCESS_ATTEMPT] User 'suthan@jobhunt.top' (Role: 'super_admin') attempting to access view: 'post_job'.
[2025-07-13 14:45:52] [ACCESS_ATTEMPT] User 'suthan@jobhunt.top' (Role: 'super_admin') attempting to access view: 'post_job'.
[2025-07-13 14:46:06] [AI_SUMMARY_SKIP] AI Summary generation skipped for job 'Network Engineer IIi': API Key is placeholder or empty.
[2025-07-13 14:46:10] [AI_SUMMARY_SUCCESS] AI summary generated successfully for job 'Network Engineer IIi'.
[2025-07-13 14:46:10] [JOB_POST_REVIEW_READY] Job post by 'suthan@jobhunt.top' (Title: 'Network Engineer IIi') ready for review.
[2025-07-13 14:46:10] [ACCESS_ATTEMPT] User 'suthan@jobhunt.top' (Role: 'super_admin') attempting to access view: 'post_job'.
[2025-07-13 14:46:17] [JOB_POST_SUCCESS] Job ID '1752398177_5649' (Title: 'Network Engineer IIi') posted successfully by 'suthan@jobhunt.top'.
[2025-07-13 14:46:17] [AI_IMAGE_WARNING] GD library not available. Cannot create placeholder image for job ID '1752398177_5649'.
[2025-07-13 14:46:17] [ACCESS_ATTEMPT] User 'suthan@jobhunt.top' (Role: 'super_admin') attempting to access view: 'post_job'.
[2025-07-13 14:50:40] [ACCESS_ATTEMPT] User 'suthan@jobhunt.top' (Role: 'super_admin') attempting to access view: 'post_job'.
[2025-07-13 14:50:55] [AI_SUMMARY_SKIP] AI Summary generation skipped for job 'Network Engineer IIj': API Key is placeholder or empty.
[2025-07-13 14:50:59] [AI_SUMMARY_SUCCESS] AI summary generated successfully for job 'Network Engineer IIj'.
[2025-07-13 14:50:59] [JOB_POST_REVIEW_READY] Job post by 'suthan@jobhunt.top' (Title: 'Network Engineer IIj') ready for review.
[2025-07-13 14:50:59] [ACCESS_ATTEMPT] User 'suthan@jobhunt.top' (Role: 'super_admin') attempting to access view: 'post_job'.
[2025-07-13 14:51:01] [JOB_POST_SUCCESS] Job ID '1752398461_9093' (Title: 'Network Engineer IIj') posted successfully by 'suthan@jobhunt.top'.
[2025-07-13 14:51:01] [AI_IMAGE_WARNING] GD library not available. Cannot create placeholder image for job ID '1752398461_9093'.
[2025-07-13 14:51:01] [ACCESS_ATTEMPT] User 'suthan@jobhunt.top' (Role: 'super_admin') attempting to access view: 'post_job'.
[2025-07-13 14:52:29] [ACCESS_ATTEMPT] User 'suthan@jobhunt.top' (Role: 'super_admin') attempting to access view: 'post_job'.
[2025-07-13 14:52:55] [JOB_POST_VALIDATION_ERROR] Job post attempt by 'suthan@jobhunt.top' (Title: 'Network Engineer IIf') failed: Contact info missing.
[2025-07-13 14:52:55] [ACCESS_ATTEMPT] User 'suthan@jobhunt.top' (Role: 'super_admin') attempting to access view: 'post_job'.
[2025-07-13 14:53:04] [AI_SUMMARY_SKIP] AI Summary generation skipped for job 'Network Engineer IIf': API Key is placeholder or empty.
[2025-07-13 14:53:08] [AI_SUMMARY_SUCCESS] AI summary generated successfully for job 'Network Engineer IIf'.
[2025-07-13 14:53:08] [JOB_POST_REVIEW_READY] Job post by 'suthan@jobhunt.top' (Title: 'Network Engineer IIf') ready for review.
[2025-07-13 14:53:08] [ACCESS_ATTEMPT] User 'suthan@jobhunt.top' (Role: 'super_admin') attempting to access view: 'post_job'.
[2025-07-13 14:53:09] [JOB_POST_SUCCESS] Job ID '1752398589_5555' (Title: 'Network Engineer IIf') posted successfully by 'suthan@jobhunt.top'.
[2025-07-13 14:53:09] [AI_IMAGE_WARNING] GD library not available. Cannot create placeholder image for job ID '1752398589_5555'.
[2025-07-13 14:53:09] [ACCESS_ATTEMPT] User 'suthan@jobhunt.top' (Role: 'super_admin') attempting to access view: 'post_job'.
[2025-07-13 14:56:09] [ACCESS_ATTEMPT] User 'suthan@jobhunt.top' (Role: 'super_admin') attempting to access view: 'post_job'.
[2025-07-13 14:56:21] [AI_SUMMARY_SKIP] AI Summary generation skipped for job 'Network Engineer IIs': API Key is placeholder or empty.
[2025-07-13 14:56:25] [AI_SUMMARY_SUCCESS] AI summary generated successfully for job 'Network Engineer IIs'.
[2025-07-13 14:56:25] [JOB_POST_REVIEW_READY] Job post by 'suthan@jobhunt.top' (Title: 'Network Engineer IIs') ready for review.
[2025-07-13 14:56:25] [ACCESS_ATTEMPT] User 'suthan@jobhunt.top' (Role: 'super_admin') attempting to access view: 'post_job'.
[2025-07-13 15:03:50] [ACCESS_ATTEMPT] User 'suthan@jobhunt.top' (Role: 'super_admin') attempting to access view: 'post_job'.
[2025-07-13 15:04:02] [AI_SUMMARY_SKIP] AI Summary generation skipped for job 'Hari 41g': API Key is placeholder or empty.
[2025-07-13 15:04:07] [AI_SUMMARY_SUCCESS] AI summary generated successfully for job 'Hari 41g'.
[2025-07-13 15:04:07] [JOB_POST_REVIEW_READY] Job post by 'suthan@jobhunt.top' (Title: 'Hari 41g') ready for review.
[2025-07-13 15:04:07] [ACCESS_ATTEMPT] User 'suthan@jobhunt.top' (Role: 'super_admin') attempting to access view: 'post_job'.
[2025-07-13 15:48:05] [ACCESS_ATTEMPT] User 'suthan@jobhunt.top' (Role: 'super_admin') attempting to access view: 'post_job'.
[2025-07-13 15:48:42] [ACCESS_ATTEMPT] User 'suthan@jobhunt.top' (Role: 'super_admin') attempting to access view: 'post_job'.
[2025-07-13 15:48:50] [ACCESS_ATTEMPT] User 'suthan@jobhunt.top' (Role: 'super_admin') attempting to access view: 'post_job'.
[2025-07-13 15:49:41] [ACCESS_ATTEMPT] User 'suthan@jobhunt.top' (Role: 'super_admin') attempting to access view: 'post_job'.
[2025-07-13 15:49:43] [ACCESS_ATTEMPT] User 'suthan@jobhunt.top' (Role: 'super_admin') attempting to access view: 'post_job'.
[2025-07-13 18:56:15] [ACCESS_ATTEMPT] User 'suthan@jobhunt.top' (Role: 'super_admin') attempting to access view: 'post_job'.
[2025-07-13 18:56:17] [ACCESS_ATTEMPT] User 'suthan@jobhunt.top' (Role: 'super_admin') attempting to access view: 'post_job'.
[2025-07-13 19:06:21] [ACCESS_ATTEMPT] User 'suthan@jobhunt.top' (Role: 'super_admin') attempting to access view: 'post_job'.
[2025-07-13 19:06:26] [JOB_POST_INVALID_ACTION] Invalid job posting action 'regenerate_summary' attempted by 'suthan@jobhunt.top'.
[2025-07-13 19:06:26] [ACCESS_ATTEMPT] User 'suthan@jobhunt.top' (Role: 'super_admin') attempting to access view: 'post_job'.
[2025-07-13 19:06:32] [JOB_POST_INVALID_ACTION] Invalid job posting action 'regenerate_summary' attempted by 'suthan@jobhunt.top'.
[2025-07-13 19:06:32] [ACCESS_ATTEMPT] User 'suthan@jobhunt.top' (Role: 'super_admin') attempting to access view: 'post_job'.
[2025-07-13 19:06:33] [JOB_POST_INVALID_ACTION] Invalid job posting action 'regenerate_summary' attempted by 'suthan@jobhunt.top'.
[2025-07-13 19:06:33] [ACCESS_ATTEMPT] User 'suthan@jobhunt.top' (Role: 'super_admin') attempting to access view: 'post_job'.
[2025-07-13 19:09:16] [ACCESS_ATTEMPT] User 'suthan@jobhunt.top' (Role: 'super_admin') attempting to access view: 'post_job'.
[2025-07-13 19:09:26] [AI_SUMMARY_SKIP] AI Summary generation skipped for job 'Hari 41s': API Key is placeholder or empty.
[2025-07-13 19:09:30] [AI_SUMMARY_SUCCESS] AI summary generated successfully for job 'Hari 41s'.
[2025-07-13 19:09:30] [JOB_POST_REVIEW_READY] Job post by 'suthan@jobhunt.top' (Title: 'Hari 41s') ready for review.
[2025-07-13 19:09:30] [ACCESS_ATTEMPT] User 'suthan@jobhunt.top' (Role: 'super_admin') attempting to access view: 'post_job'.
[2025-07-13 19:09:35] [JOB_POST_INVALID_ACTION] Invalid job posting action 'regenerate_summary' attempted by 'suthan@jobhunt.top'.
[2025-07-13 19:09:35] [ACCESS_ATTEMPT] User 'suthan@jobhunt.top' (Role: 'super_admin') attempting to access view: 'post_job'.
[2025-07-13 19:09:39] [JOB_POST_INVALID_ACTION] Invalid job posting action 'regenerate_summary' attempted by 'suthan@jobhunt.top'.
[2025-07-13 19:09:39] [ACCESS_ATTEMPT] User 'suthan@jobhunt.top' (Role: 'super_admin') attempting to access view: 'post_job'.
[2025-07-13 19:09:40] [JOB_POST_INVALID_ACTION] Invalid job posting action 'regenerate_summary' attempted by 'suthan@jobhunt.top'.
[2025-07-13 19:09:40] [ACCESS_ATTEMPT] User 'suthan@jobhunt.top' (Role: 'super_admin') attempting to access view: 'post_job'.
[2025-07-13 19:09:41] [JOB_POST_INVALID_ACTION] Invalid job posting action 'regenerate_summary' attempted by 'suthan@jobhunt.top'.
[2025-07-13 19:09:41] [ACCESS_ATTEMPT] User 'suthan@jobhunt.top' (Role: 'super_admin') attempting to access view: 'post_job'.
[2025-07-13 19:10:24] [ACCESS_ATTEMPT] User 'suthan@jobhunt.top' (Role: 'super_admin') attempting to access view: 'post_job'.
[2025-07-13 19:12:23] [ACCESS_ATTEMPT] User 'suthan@jobhunt.top' (Role: 'super_admin') attempting to access view: 'post_job'.
[2025-07-13 19:16:30] [ACCESS_ATTEMPT] User 'suthan@jobhunt.top' (Role: 'super_admin') attempting to access view: 'post_job'.
[2025-07-13 19:16:37] [AI_SUMMARY_SKIP] AI Summary generation skipped for job 'Hari 41s': API Key is placeholder or empty.
[2025-07-13 19:16:41] [AI_SUMMARY_SUCCESS] AI summary generated successfully for job 'Hari 41s'.
[2025-07-13 19:16:41] [JOB_POST_REVIEW_READY] Job post by 'suthan@jobhunt.top' (Title: 'Hari 41s') ready for review.
[2025-07-13 19:16:41] [ACCESS_ATTEMPT] User 'suthan@jobhunt.top' (Role: 'super_admin') attempting to access view: 'post_job'.
[2025-07-13 19:24:34] [ACCESS_ATTEMPT] User 'suthan@jobhunt.top' (Role: 'super_admin') attempting to access view: 'post_job'.
[2025-07-13 19:24:45] [AI_SUMMARY_SKIP] AI Summary generation skipped for job 'Network Engineer IIhh': API Key is placeholder or empty.
[2025-07-13 19:24:53] [AI_SUMMARY_SUCCESS] AI summary generated successfully for job 'Network Engineer IIhh'.
[2025-07-13 19:24:53] [JOB_POST_REVIEW_READY] Job post by 'suthan@jobhunt.top' (Title: 'Network Engineer IIhh') ready for review.
[2025-07-13 19:24:53] [ACCESS_ATTEMPT] User 'suthan@jobhunt.top' (Role: 'super_admin') attempting to access view: 'post_job'.
[2025-07-13 19:27:38] [ACCESS_ATTEMPT] User 'suthan@jobhunt.top' (Role: 'super_admin') attempting to access view: 'post_job'.
[2025-07-13 19:30:08] [ACCESS_ATTEMPT] User 'suthan@jobhunt.top' (Role: 'super_admin') attempting to access view: 'post_job'.
[2025-07-13 19:30:17] [ACCESS_ATTEMPT] User 'suthan@jobhunt.top' (Role: 'super_admin') attempting to access view: 'post_job'.
[2025-07-13 19:30:21] [AI_SUMMARY_SKIP] AI Summary generation skipped for job 'Network Engineer IIhh': API Key is placeholder or empty.
[2025-07-13 19:30:25] [AI_SUMMARY_SUCCESS] AI summary generated successfully for job 'Network Engineer IIhh'.
[2025-07-13 19:30:25] [JOB_POST_REVIEW_READY] Job post by 'suthan@jobhunt.top' (Title: 'Network Engineer IIhh') ready for review.
[2025-07-13 19:30:25] [ACCESS_ATTEMPT] User 'suthan@jobhunt.top' (Role: 'super_admin') attempting to access view: 'post_job'.
[2025-07-13 19:30:35] [AI_SUMMARY_SKIP] AI Summary generation skipped for job 'Network Engineer IIhh': API Key is placeholder or empty.
[2025-07-13 19:30:38] [AI_SUMMARY_SUCCESS] AI summary generated successfully for job 'Network Engineer IIhh'.
[2025-07-13 19:30:38] [JOB_POST_REVIEW_READY] Job post by 'suthan@jobhunt.top' (Title: 'Network Engineer IIhh') ready for review.
[2025-07-13 19:30:38] [ACCESS_ATTEMPT] User 'suthan@jobhunt.top' (Role: 'super_admin') attempting to access view: 'post_job'.
[2025-07-13 19:30:43] [ACCESS_ATTEMPT] User 'suthan@jobhunt.top' (Role: 'super_admin') attempting to access view: 'post_job'.
[2025-07-13 19:30:49] [ACCESS_ATTEMPT] User 'suthan@jobhunt.top' (Role: 'super_admin') attempting to access view: 'post_job'.
[2025-07-13 19:30:50] [ACCESS_ATTEMPT] User 'suthan@jobhunt.top' (Role: 'super_admin') attempting to access view: 'post_job'.
[2025-07-13 19:30:51] [ACCESS_ATTEMPT] User 'suthan@jobhunt.top' (Role: 'super_admin') attempting to access view: 'post_job'.
[2025-07-13 19:30:51] [ACCESS_ATTEMPT] User 'suthan@jobhunt.top' (Role: 'super_admin') attempting to access view: 'post_job'.
[2025-07-13 19:32:02] [AI_SUMMARY_SKIP] AI Summary generation skipped for job 'Network Engineer IIhh': API Key is placeholder or empty.
[2025-07-13 19:32:06] [AI_SUMMARY_SUCCESS] AI summary generated successfully for job 'Network Engineer IIhh'.
[2025-07-13 19:32:06] [JOB_POST_REVIEW_READY] Job post by 'suthan@jobhunt.top' (Title: 'Network Engineer IIhh') ready for review.
[2025-07-13 19:32:06] [ACCESS_ATTEMPT] User 'suthan@jobhunt.top' (Role: 'super_admin') attempting to access view: 'post_job'.
[2025-07-13 19:32:20] [ACCESS_ATTEMPT] User 'suthan@jobhunt.top' (Role: 'super_admin') attempting to access view: 'post_job'.
[2025-07-13 19:32:28] [AI_SUMMARY_SKIP] AI Summary generation skipped for job 'Network Engineer IIkk': API Key is placeholder or empty.
[2025-07-13 19:32:32] [AI_SUMMARY_SUCCESS] AI summary generated successfully for job 'Network Engineer IIkk'.
[2025-07-13 19:32:32] [JOB_POST_REVIEW_READY] Job post by 'suthan@jobhunt.top' (Title: 'Network Engineer IIkk') ready for review.
[2025-07-13 19:32:32] [ACCESS_ATTEMPT] User 'suthan@jobhunt.top' (Role: 'super_admin') attempting to access view: 'post_job'.
[2025-07-13 19:33:23] [ACCESS_ATTEMPT] User 'suthan@jobhunt.top' (Role: 'super_admin') attempting to access view: 'post_job'.
[2025-07-13 19:33:26] [ACCESS_ATTEMPT] User 'suthan@jobhunt.top' (Role: 'super_admin') attempting to access view: 'post_job'.
[2025-07-13 19:33:27] [ACCESS_ATTEMPT] User 'suthan@jobhunt.top' (Role: 'super_admin') attempting to access view: 'post_job'.
[2025-07-13 19:33:31] [ACCESS_ATTEMPT] User 'suthan@jobhunt.top' (Role: 'super_admin') attempting to access view: 'post_job'.
[2025-07-13 19:42:38] [ACCESS_ATTEMPT] User 'suthan@jobhunt.top' (Role: 'super_admin') attempting to access view: 'post_job'.
[2025-07-13 19:42:51] [AI_SUMMARY_SKIP] AI Summary generation skipped for job 'Network Engineer IIgg': API Key is placeholder or empty.
[2025-07-13 19:42:55] [AI_SUMMARY_SUCCESS] AI summary generated successfully for job 'Network Engineer IIgg'.
[2025-07-13 19:42:55] [JOB_POST_REVIEW_READY] Job post by 'suthan@jobhunt.top' (Title: 'Network Engineer IIgg') ready for review.
[2025-07-13 19:42:55] [ACCESS_ATTEMPT] User 'suthan@jobhunt.top' (Role: 'super_admin') attempting to access view: 'post_job'.
[2025-07-13 19:43:10] [AI_SUMMARY_SKIP] AI Summary generation skipped for job 'Network Engineer IIgg': API Key is placeholder or empty.
[2025-07-13 19:43:15] [AI_SUMMARY_SUCCESS] AI summary generated successfully for job 'Network Engineer IIgg'.
[2025-07-13 19:43:15] [JOB_POST_REVIEW_READY] Job post by 'suthan@jobhunt.top' (Title: 'Network Engineer IIgg') ready for review.
[2025-07-13 19:43:15] [ACCESS_ATTEMPT] User 'suthan@jobhunt.top' (Role: 'super_admin') attempting to access view: 'post_job'.
[2025-07-13 19:43:57] [AI_SUMMARY_SKIP] AI Summary generation skipped for job 'Network Engineer IIgg': API Key is placeholder or empty.
[2025-07-13 19:44:01] [AI_SUMMARY_SUCCESS] AI summary generated successfully for job 'Network Engineer IIgg'.
[2025-07-13 19:44:01] [JOB_POST_REVIEW_READY] Job post by 'suthan@jobhunt.top' (Title: 'Network Engineer IIgg') ready for review.
[2025-07-13 19:44:01] [ACCESS_ATTEMPT] User 'suthan@jobhunt.top' (Role: 'super_admin') attempting to access view: 'post_job'.
[2025-07-13 19:44:06] [ACCESS_ATTEMPT] User 'suthan@jobhunt.top' (Role: 'super_admin') attempting to access view: 'post_job'.
[2025-07-13 19:44:10] [ACCESS_ATTEMPT] User 'suthan@jobhunt.top' (Role: 'super_admin') attempting to access view: 'post_job'.
[2025-07-13 19:44:20] [AI_SUMMARY_SKIP] AI Summary generation skipped for job 'Network Engineer IIjj': API Key is placeholder or empty.
[2025-07-13 19:44:24] [AI_SUMMARY_SUCCESS] AI summary generated successfully for job 'Network Engineer IIjj'.
[2025-07-13 19:44:24] [JOB_POST_REVIEW_READY] Job post by 'suthan@jobhunt.top' (Title: 'Network Engineer IIjj') ready for review.
[2025-07-13 19:44:24] [ACCESS_ATTEMPT] User 'suthan@jobhunt.top' (Role: 'super_admin') attempting to access view: 'post_job'.
[2025-07-13 19:45:09] [ACCESS_ATTEMPT] User 'suthan@jobhunt.top' (Role: 'super_admin') attempting to access view: 'post_job'.
[2025-07-13 19:45:20] [AI_SUMMARY_SKIP] AI Summary generation skipped for job 'Hari 41jj': API Key is placeholder or empty.
[2025-07-13 19:45:25] [AI_SUMMARY_SUCCESS] AI summary generated successfully for job 'Hari 41jj'.
[2025-07-13 19:45:25] [JOB_POST_REVIEW_READY] Job post by 'suthan@jobhunt.top' (Title: 'Hari 41jj') ready for review.
[2025-07-13 19:45:25] [ACCESS_ATTEMPT] User 'suthan@jobhunt.top' (Role: 'super_admin') attempting to access view: 'post_job'.
[2025-07-13 19:45:31] [ACCESS_ATTEMPT] User 'suthan@jobhunt.top' (Role: 'super_admin') attempting to access view: 'post_job'.
[2025-07-13 19:48:11] [ACCESS_ATTEMPT] User 'suthan@jobhunt.top' (Role: 'super_admin') attempting to access view: 'post_job'.
[2025-07-13 19:48:22] [AI_SUMMARY_SKIP] AI Summary generation skipped for job 'Hari 41j': API Key is placeholder or empty.
[2025-07-13 19:48:26] [AI_SUMMARY_SUCCESS] AI summary generated successfully for job 'Hari 41j'.
[2025-07-13 19:48:26] [JOB_POST_REVIEW_READY] Job post by 'suthan@jobhunt.top' (Title: 'Hari 41j') ready for review.
[2025-07-13 19:48:26] [ACCESS_ATTEMPT] User 'suthan@jobhunt.top' (Role: 'super_admin') attempting to access view: 'post_job'.
[2025-07-13 19:48:52] [ACCESS_ATTEMPT] User 'suthan@jobhunt.top' (Role: 'super_admin') attempting to access view: 'post_job'.
[2025-07-13 19:48:53] [ACCESS_ATTEMPT] User 'suthan@jobhunt.top' (Role: 'super_admin') attempting to access view: 'post_job'.
[2025-07-13 19:48:54] [ACCESS_ATTEMPT] User 'suthan@jobhunt.top' (Role: 'super_admin') attempting to access view: 'post_job'.
[2025-07-13 19:48:57] [ACCESS_ATTEMPT] User 'suthan@jobhunt.top' (Role: 'super_admin') attempting to access view: 'post_job'.
[2025-07-13 19:48:58] [ACCESS_ATTEMPT] User 'suthan@jobhunt.top' (Role: 'super_admin') attempting to access view: 'post_job'.
[2025-07-13 19:49:00] [ACCESS_ATTEMPT] User 'suthan@jobhunt.top' (Role: 'super_admin') attempting to access view: 'post_job'.
[2025-07-13 19:49:03] [ACCESS_ATTEMPT] User 'suthan@jobhunt.top' (Role: 'super_admin') attempting to access view: 'post_job'.
[2025-07-13 19:56:31] [ACCESS_ATTEMPT] User 'suthan@jobhunt.top' (Role: 'super_admin') attempting to access view: 'post_job'.
[2025-07-13 19:57:09] [AI_SUMMARY_SKIP] AI Summary generation skipped for job 'Hari 41hh': API Key is placeholder or empty.
[2025-07-13 19:57:12] [AI_SUMMARY_SUCCESS] AI summary generated successfully for job 'Hari 41hh'.
[2025-07-13 19:57:12] [JOB_POST_REVIEW_READY] Job post by 'suthan@jobhunt.top' (Title: 'Hari 41hh') ready for review.
[2025-07-13 19:57:12] [ACCESS_ATTEMPT] User 'suthan@jobhunt.top' (Role: 'super_admin') attempting to access view: 'post_job'.
[2025-07-13 19:57:22] [ACCESS_ATTEMPT] User 'suthan@jobhunt.top' (Role: 'super_admin') attempting to access view: 'post_job'.
[2025-07-13 19:57:24] [ACCESS_ATTEMPT] User 'suthan@jobhunt.top' (Role: 'super_admin') attempting to access view: 'post_job'.
[2025-07-13 19:57:25] [ACCESS_ATTEMPT] User 'suthan@jobhunt.top' (Role: 'super_admin') attempting to access view: 'post_job'.
[2025-07-13 19:57:33] [ACCESS_ATTEMPT] User 'suthan@jobhunt.top' (Role: 'super_admin') attempting to access view: 'post_job'.
[2025-07-13 20:08:08] [ACCESS_ATTEMPT] User 'suthan@jobhunt.top' (Role: 'super_admin') attempting to access view: 'dashboard_overview'.
[2025-07-13 20:08:19] [ACCESS_ATTEMPT] User 'suthan@jobhunt.top' (Role: 'super_admin') attempting to access view: 'manage_jobs'.
[2025-07-13 20:08:20] [ACCESS_ATTEMPT] User 'suthan@jobhunt.top' (Role: 'super_admin') attempting to access view: 'post_job'.
[2025-07-13 20:08:38] [JOB_POST_VALIDATION_ERROR] Job post attempt by 'suthan@jobhunt.top' (Title: 'Network Engineer II') failed: Contact info missing.
[2025-07-13 20:08:38] [ACCESS_ATTEMPT] User 'suthan@jobhunt.top' (Role: 'super_admin') attempting to access view: 'post_job'.
[2025-07-13 20:08:46] [AI_SUMMARY_SKIP] AI Summary generation skipped for job 'Network Engineer II': API Key is placeholder or empty.
[2025-07-13 20:08:49] [AI_SUMMARY_SUCCESS] AI summary generated successfully for job 'Network Engineer II'.
[2025-07-13 20:08:49] [JOB_POST_REVIEW_READY] Job post by 'suthan@jobhunt.top' (Title: 'Network Engineer II') ready for review.
[2025-07-13 20:08:49] [ACCESS_ATTEMPT] User 'suthan@jobhunt.top' (Role: 'super_admin') attempting to access view: 'post_job'.
[2025-07-13 20:10:48] [ACCESS_ATTEMPT] User 'suthan@jobhunt.top' (Role: 'super_admin') attempting to access view: 'post_job'.
[2025-07-13 20:11:27] [AI_SUMMARY_SKIP] AI Summary generation skipped for job 'Hari 41': API Key is placeholder or empty.
[2025-07-13 20:11:29] [AI_SUMMARY_SUCCESS] AI summary generated successfully for job 'Hari 41'.
[2025-07-13 20:11:29] [JOB_POST_REVIEW_READY] Job post by 'suthan@jobhunt.top' (Title: 'Hari 41') ready for review.
[2025-07-13 20:11:29] [ACCESS_ATTEMPT] User 'suthan@jobhunt.top' (Role: 'super_admin') attempting to access view: 'post_job'.
[2025-07-13 20:11:37] [ACCESS_ATTEMPT] User 'suthan@jobhunt.top' (Role: 'super_admin') attempting to access view: 'post_job'.
[2025-07-13 20:11:38] [ACCESS_ATTEMPT] User 'suthan@jobhunt.top' (Role: 'super_admin') attempting to access view: 'post_job'.
[2025-07-13 20:11:38] [ACCESS_ATTEMPT] User 'suthan@jobhunt.top' (Role: 'super_admin') attempting to access view: 'post_job'.
[2025-07-13 20:11:39] [ACCESS_ATTEMPT] User 'suthan@jobhunt.top' (Role: 'super_admin') attempting to access view: 'post_job'.
[2025-07-13 20:11:41] [JOB_POST_SUCCESS] Job ID '1752417701_8442' (Title: 'Hari 41') posted successfully by 'suthan@jobhunt.top'.
[2025-07-13 20:11:41] [AI_IMAGE_WARNING] GD library not available. Cannot create placeholder image for job ID '1752417701_8442'.
[2025-07-13 20:11:41] [ACCESS_ATTEMPT] User 'suthan@jobhunt.top' (Role: 'super_admin') attempting to access view: 'post_job'.
[2025-07-13 20:13:05] [ACCESS_ATTEMPT] User 'suthan@jobhunt.top' (Role: 'super_admin') attempting to access view: 'post_job'.
[2025-07-13 20:13:21] [AI_SUMMARY_SKIP] AI Summary generation skipped for job 'Network Engineer II': API Key is placeholder or empty.
[2025-07-13 20:13:22] [AI_SUMMARY_ERROR] AI summary generation FAILED for job 'Network Engineer II'. API HTTP Code: 429. Response: {  "error": {    "code": 429,    "message": "You exceeded your current quota, please check your plan and billing details. For more information on this error, head to: https://ai.google.dev/gemini-api/docs/rate-limits.",    "status": "RESOURCE_EXHAUSTED",    "details": [      {        "@type": "type.googleapis.com/google.rpc.QuotaFailure",        "violations": [          {            "quotaMetric": "generativelanguage.googleapis.com/generate_content_free_tier_requests",            "quotaId": "GenerateRequestsPerDayPerProjectPerModel-FreeTier",            "quotaDimensions": {              "location": "global",              "model": "gemini-1.5-flash"            },            "quotaValue": "50"          }        ]      },      {        "@type": "type.googleapis.com/google.rpc.Help",        "links": [          {            "description": "Learn more about Gemini API quotas",            "url": "https://ai.google.dev/gemini-api/docs/rate-limits"          }        ]      },      {        "@type": "type.googleapis.com/google.rpc.RetryInfo",        "retryDelay": "2s"      }    ]  }}
[2025-07-13 20:13:22] [JOB_POST_REVIEW_READY] Job post by 'suthan@jobhunt.top' (Title: 'Network Engineer II') ready for review.
[2025-07-13 20:13:22] [ACCESS_ATTEMPT] User 'suthan@jobhunt.top' (Role: 'super_admin') attempting to access view: 'post_job'.
[2025-07-13 20:13:28] [ACCESS_ATTEMPT] User 'suthan@jobhunt.top' (Role: 'super_admin') attempting to access view: 'post_job'.
[2025-07-13 20:13:29] [ACCESS_ATTEMPT] User 'suthan@jobhunt.top' (Role: 'super_admin') attempting to access view: 'post_job'.
[2025-07-13 20:13:30] [ACCESS_ATTEMPT] User 'suthan@jobhunt.top' (Role: 'super_admin') attempting to access view: 'post_job'.
[2025-07-13 20:13:30] [ACCESS_ATTEMPT] User 'suthan@jobhunt.top' (Role: 'super_admin') attempting to access view: 'post_job'.
[2025-07-13 20:13:31] [ACCESS_ATTEMPT] User 'suthan@jobhunt.top' (Role: 'super_admin') attempting to access view: 'post_job'.
[2025-07-13 20:13:32] [ACCESS_ATTEMPT] User 'suthan@jobhunt.top' (Role: 'super_admin') attempting to access view: 'post_job'.
[2025-07-13 20:13:34] [AI_SUMMARY_SKIP] AI Summary generation skipped for job 'Network Engineer II': API Key is placeholder or empty.
[2025-07-13 20:13:35] [AI_SUMMARY_ERROR] AI summary generation FAILED for job 'Network Engineer II'. API HTTP Code: 429. Response: {  "error": {    "code": 429,    "message": "You exceeded your current quota, please check your plan and billing details. For more information on this error, head to: https://ai.google.dev/gemini-api/docs/rate-limits.",    "status": "RESOURCE_EXHAUSTED",    "details": [      {        "@type": "type.googleapis.com/google.rpc.QuotaFailure",        "violations": [          {            "quotaMetric": "generativelanguage.googleapis.com/generate_content_free_tier_requests",            "quotaId": "GenerateRequestsPerDayPerProjectPerModel-FreeTier",            "quotaDimensions": {              "location": "global",              "model": "gemini-1.5-flash"            },            "quotaValue": "50"          }        ]      },      {        "@type": "type.googleapis.com/google.rpc.Help",        "links": [          {            "description": "Learn more about Gemini API quotas",            "url": "https://ai.google.dev/gemini-api/docs/rate-limits"          }        ]      },      {        "@type": "type.googleapis.com/google.rpc.RetryInfo",        "retryDelay": "49s"      }    ]  }}
[2025-07-13 20:13:35] [JOB_POST_REVIEW_READY] Job post by 'suthan@jobhunt.top' (Title: 'Network Engineer II') ready for review.
[2025-07-13 20:13:35] [ACCESS_ATTEMPT] User 'suthan@jobhunt.top' (Role: 'super_admin') attempting to access view: 'post_job'.
[2025-07-13 20:13:42] [AI_SUMMARY_SKIP] AI Summary generation skipped for job 'Network Engineer II': API Key is placeholder or empty.
[2025-07-13 20:13:43] [AI_SUMMARY_ERROR] AI summary generation FAILED for job 'Network Engineer II'. API HTTP Code: 429. Response: {  "error": {    "code": 429,    "message": "You exceeded your current quota, please check your plan and billing details. For more information on this error, head to: https://ai.google.dev/gemini-api/docs/rate-limits.",    "status": "RESOURCE_EXHAUSTED",    "details": [      {        "@type": "type.googleapis.com/google.rpc.QuotaFailure",        "violations": [          {            "quotaMetric": "generativelanguage.googleapis.com/generate_content_free_tier_requests",            "quotaId": "GenerateRequestsPerDayPerProjectPerModel-FreeTier",            "quotaDimensions": {              "location": "global",              "model": "gemini-1.5-flash"            },            "quotaValue": "50"          }        ]      },      {        "@type": "type.googleapis.com/google.rpc.Help",        "links": [          {            "description": "Learn more about Gemini API quotas",            "url": "https://ai.google.dev/gemini-api/docs/rate-limits"          }        ]      },      {        "@type": "type.googleapis.com/google.rpc.RetryInfo",        "retryDelay": "41s"      }    ]  }}
[2025-07-13 20:13:43] [JOB_POST_REVIEW_READY] Job post by 'suthan@jobhunt.top' (Title: 'Network Engineer II') ready for review.
[2025-07-13 20:13:43] [ACCESS_ATTEMPT] User 'suthan@jobhunt.top' (Role: 'super_admin') attempting to access view: 'post_job'.
[2025-07-13 20:13:56] [ACCESS_ATTEMPT] User 'suthan@jobhunt.top' (Role: 'super_admin') attempting to access view: 'post_job'.
[2025-07-13 20:13:58] [AI_SUMMARY_SKIP] AI Summary generation skipped for job 'Network Engineer II': API Key is placeholder or empty.
[2025-07-13 20:13:59] [AI_SUMMARY_ERROR] AI summary generation FAILED for job 'Network Engineer II'. API HTTP Code: 429. Response: {  "error": {    "code": 429,    "message": "You exceeded your current quota, please check your plan and billing details. For more information on this error, head to: https://ai.google.dev/gemini-api/docs/rate-limits.",    "status": "RESOURCE_EXHAUSTED",    "details": [      {        "@type": "type.googleapis.com/google.rpc.QuotaFailure",        "violations": [          {            "quotaMetric": "generativelanguage.googleapis.com/generate_content_free_tier_requests",            "quotaId": "GenerateRequestsPerDayPerProjectPerModel-FreeTier",            "quotaDimensions": {              "model": "gemini-1.5-flash",              "location": "global"            },            "quotaValue": "50"          }        ]      },      {        "@type": "type.googleapis.com/google.rpc.Help",        "links": [          {            "description": "Learn more about Gemini API quotas",            "url": "https://ai.google.dev/gemini-api/docs/rate-limits"          }        ]      },      {        "@type": "type.googleapis.com/google.rpc.RetryInfo",        "retryDelay": "25s"      }    ]  }}
[2025-07-13 20:13:59] [JOB_POST_REVIEW_READY] Job post by 'suthan@jobhunt.top' (Title: 'Network Engineer II') ready for review.
[2025-07-13 20:13:59] [ACCESS_ATTEMPT] User 'suthan@jobhunt.top' (Role: 'super_admin') attempting to access view: 'post_job'.
[2025-07-13 20:14:02] [ACCESS_ATTEMPT] User 'suthan@jobhunt.top' (Role: 'super_admin') attempting to access view: 'post_job'.
[2025-07-13 20:14:19] [ACCESS_ATTEMPT] User 'suthan@jobhunt.top' (Role: 'super_admin') attempting to access view: 'post_job'.
[2025-07-13 20:14:27] [AI_SUMMARY_SKIP] AI Summary generation skipped for job 'Network Engineer IIn': API Key is placeholder or empty.
[2025-07-13 20:14:28] [AI_SUMMARY_ERROR] AI summary generation FAILED for job 'Network Engineer IIn'. API HTTP Code: 429. Response: {  "error": {    "code": 429,    "message": "You exceeded your current quota, please check your plan and billing details. For more information on this error, head to: https://ai.google.dev/gemini-api/docs/rate-limits.",    "status": "RESOURCE_EXHAUSTED",    "details": [      {        "@type": "type.googleapis.com/google.rpc.QuotaFailure",        "violations": [          {            "quotaMetric": "generativelanguage.googleapis.com/generate_content_free_tier_requests",            "quotaId": "GenerateRequestsPerDayPerProjectPerModel-FreeTier",            "quotaDimensions": {              "location": "global",              "model": "gemini-1.5-flash"            },            "quotaValue": "50"          }        ]      },      {        "@type": "type.googleapis.com/google.rpc.Help",        "links": [          {            "description": "Learn more about Gemini API quotas",            "url": "https://ai.google.dev/gemini-api/docs/rate-limits"          }        ]      },      {        "@type": "type.googleapis.com/google.rpc.RetryInfo",        "retryDelay": "56s"      }    ]  }}
[2025-07-13 20:14:28] [JOB_POST_REVIEW_READY] Job post by 'suthan@jobhunt.top' (Title: 'Network Engineer IIn') ready for review.
[2025-07-13 20:14:28] [ACCESS_ATTEMPT] User 'suthan@jobhunt.top' (Role: 'super_admin') attempting to access view: 'post_job'.
[2025-07-13 20:14:39] [AI_SUMMARY_SKIP] AI Summary generation skipped for job 'Network Engineer IInjj': API Key is placeholder or empty.
[2025-07-13 20:14:41] [AI_SUMMARY_ERROR] AI summary generation FAILED for job 'Network Engineer IInjj'. API HTTP Code: 429. Response: {  "error": {    "code": 429,    "message": "You exceeded your current quota, please check your plan and billing details. For more information on this error, head to: https://ai.google.dev/gemini-api/docs/rate-limits.",    "status": "RESOURCE_EXHAUSTED",    "details": [      {        "@type": "type.googleapis.com/google.rpc.QuotaFailure",        "violations": [          {            "quotaMetric": "generativelanguage.googleapis.com/generate_content_free_tier_requests",            "quotaId": "GenerateRequestsPerDayPerProjectPerModel-FreeTier",            "quotaDimensions": {              "location": "global",              "model": "gemini-1.5-flash"            },            "quotaValue": "50"          }        ]      },      {        "@type": "type.googleapis.com/google.rpc.Help",        "links": [          {            "description": "Learn more about Gemini API quotas",            "url": "https://ai.google.dev/gemini-api/docs/rate-limits"          }        ]      },      {        "@type": "type.googleapis.com/google.rpc.RetryInfo",        "retryDelay": "43s"      }    ]  }}
[2025-07-13 20:14:41] [JOB_POST_REVIEW_READY] Job post by 'suthan@jobhunt.top' (Title: 'Network Engineer IInjj') ready for review.
[2025-07-13 20:14:41] [ACCESS_ATTEMPT] User 'suthan@jobhunt.top' (Role: 'super_admin') attempting to access view: 'post_job'.
[2025-07-13 20:14:53] [ACCESS_ATTEMPT] User 'suthan@jobhunt.top' (Role: 'super_admin') attempting to access view: 'post_job'.
[2025-07-13 20:14:55] [ACCESS_ATTEMPT] User 'suthan@jobhunt.top' (Role: 'super_admin') attempting to access view: 'post_job'.
[2025-07-13 20:14:58] [AI_SUMMARY_SKIP] AI Summary generation skipped for job 'Network Engineer IInjj': API Key is placeholder or empty.
[2025-07-13 20:14:58] [AI_SUMMARY_ERROR] AI summary generation FAILED for job 'Network Engineer IInjj'. API HTTP Code: 429. Response: {  "error": {    "code": 429,    "message": "You exceeded your current quota, please check your plan and billing details. For more information on this error, head to: https://ai.google.dev/gemini-api/docs/rate-limits.",    "status": "RESOURCE_EXHAUSTED",    "details": [      {        "@type": "type.googleapis.com/google.rpc.QuotaFailure",        "violations": [          {            "quotaMetric": "generativelanguage.googleapis.com/generate_content_free_tier_requests",            "quotaId": "GenerateRequestsPerDayPerProjectPerModel-FreeTier",            "quotaDimensions": {              "location": "global",              "model": "gemini-1.5-flash"            },            "quotaValue": "50"          }        ]      },      {        "@type": "type.googleapis.com/google.rpc.Help",        "links": [          {            "description": "Learn more about Gemini API quotas",            "url": "https://ai.google.dev/gemini-api/docs/rate-limits"          }        ]      },      {        "@type": "type.googleapis.com/google.rpc.RetryInfo",        "retryDelay": "26s"      }    ]  }}
[2025-07-13 20:14:58] [JOB_POST_REVIEW_READY] Job post by 'suthan@jobhunt.top' (Title: 'Network Engineer IInjj') ready for review.
[2025-07-13 20:14:58] [ACCESS_ATTEMPT] User 'suthan@jobhunt.top' (Role: 'super_admin') attempting to access view: 'post_job'.
[2025-07-13 20:15:03] [ACCESS_ATTEMPT] User 'suthan@jobhunt.top' (Role: 'super_admin') attempting to access view: 'post_job'.
[2025-07-13 20:15:14] [AI_SUMMARY_SKIP] AI Summary generation skipped for job 'Network Engineer IIjn': API Key is placeholder or empty.
[2025-07-13 20:15:15] [AI_SUMMARY_ERROR] AI summary generation FAILED for job 'Network Engineer IIjn'. API HTTP Code: 429. Response: {  "error": {    "code": 429,    "message": "You exceeded your current quota, please check your plan and billing details. For more information on this error, head to: https://ai.google.dev/gemini-api/docs/rate-limits.",    "status": "RESOURCE_EXHAUSTED",    "details": [      {        "@type": "type.googleapis.com/google.rpc.QuotaFailure",        "violations": [          {            "quotaMetric": "generativelanguage.googleapis.com/generate_content_free_tier_requests",            "quotaId": "GenerateRequestsPerDayPerProjectPerModel-FreeTier",            "quotaDimensions": {              "location": "global",              "model": "gemini-1.5-flash"            },            "quotaValue": "50"          }        ]      },      {        "@type": "type.googleapis.com/google.rpc.Help",        "links": [          {            "description": "Learn more about Gemini API quotas",            "url": "https://ai.google.dev/gemini-api/docs/rate-limits"          }        ]      },      {        "@type": "type.googleapis.com/google.rpc.RetryInfo",        "retryDelay": "9s"      }    ]  }}
[2025-07-13 20:15:15] [JOB_POST_REVIEW_READY] Job post by 'suthan@jobhunt.top' (Title: 'Network Engineer IIjn') ready for review.
[2025-07-13 20:15:15] [ACCESS_ATTEMPT] User 'suthan@jobhunt.top' (Role: 'super_admin') attempting to access view: 'post_job'.
[2025-07-13 20:15:35] [ACCESS_ATTEMPT] User 'suthan@jobhunt.top' (Role: 'super_admin') attempting to access view: 'post_job'.
[2025-07-13 20:15:37] [AI_SUMMARY_SKIP] AI Summary generation skipped for job 'Network Engineer IIjn': API Key is placeholder or empty.
[2025-07-13 20:15:38] [AI_SUMMARY_ERROR] AI summary generation FAILED for job 'Network Engineer IIjn'. API HTTP Code: 429. Response: {  "error": {    "code": 429,    "message": "You exceeded your current quota, please check your plan and billing details. For more information on this error, head to: https://ai.google.dev/gemini-api/docs/rate-limits.",    "status": "RESOURCE_EXHAUSTED",    "details": [      {        "@type": "type.googleapis.com/google.rpc.QuotaFailure",        "violations": [          {            "quotaMetric": "generativelanguage.googleapis.com/generate_content_free_tier_requests",            "quotaId": "GenerateRequestsPerDayPerProjectPerModel-FreeTier",            "quotaDimensions": {              "location": "global",              "model": "gemini-1.5-flash"            },            "quotaValue": "50"          }        ]      },      {        "@type": "type.googleapis.com/google.rpc.Help",        "links": [          {            "description": "Learn more about Gemini API quotas",            "url": "https://ai.google.dev/gemini-api/docs/rate-limits"          }        ]      },      {        "@type": "type.googleapis.com/google.rpc.RetryInfo",        "retryDelay": "45s"      }    ]  }}
[2025-07-13 20:15:38] [JOB_POST_REVIEW_READY] Job post by 'suthan@jobhunt.top' (Title: 'Network Engineer IIjn') ready for review.
[2025-07-13 20:15:38] [ACCESS_ATTEMPT] User 'suthan@jobhunt.top' (Role: 'super_admin') attempting to access view: 'post_job'.
[2025-07-13 20:15:44] [AUTH_INFO] User 'suthan@jobhunt.top' logged out.
[2025-07-13 20:15:48] [AUTH_SUCCESS] User 'suthan@jobhunt.top' logged in successfully. Role: 'super_admin'.
[2025-07-13 20:15:48] [ACCESS_ATTEMPT] User 'suthan@jobhunt.top' (Role: 'super_admin') attempting to access view: 'dashboard_overview'.
[2025-07-13 20:15:52] [ACCESS_ATTEMPT] User 'suthan@jobhunt.top' (Role: 'super_admin') attempting to access view: 'manage_jobs'.
[2025-07-13 20:15:54] [ACCESS_ATTEMPT] User 'suthan@jobhunt.top' (Role: 'super_admin') attempting to access view: 'post_job'.
[2025-07-13 20:16:07] [AI_SUMMARY_SKIP] AI Summary generation skipped for job 'Hari 41jjjj': API Key is placeholder or empty.
[2025-07-13 20:16:08] [AI_SUMMARY_ERROR] AI summary generation FAILED for job 'Hari 41jjjj'. API HTTP Code: 429. Response: {  "error": {    "code": 429,    "message": "You exceeded your current quota, please check your plan and billing details. For more information on this error, head to: https://ai.google.dev/gemini-api/docs/rate-limits.",    "status": "RESOURCE_EXHAUSTED",    "details": [      {        "@type": "type.googleapis.com/google.rpc.QuotaFailure",        "violations": [          {            "quotaMetric": "generativelanguage.googleapis.com/generate_content_free_tier_requests",            "quotaId": "GenerateRequestsPerDayPerProjectPerModel-FreeTier",            "quotaDimensions": {              "location": "global",              "model": "gemini-1.5-flash"            },            "quotaValue": "50"          }        ]      },      {        "@type": "type.googleapis.com/google.rpc.Help",        "links": [          {            "description": "Learn more about Gemini API quotas",            "url": "https://ai.google.dev/gemini-api/docs/rate-limits"          }        ]      },      {        "@type": "type.googleapis.com/google.rpc.RetryInfo",        "retryDelay": "16s"      }    ]  }}
[2025-07-13 20:16:08] [JOB_POST_REVIEW_READY] Job post by 'suthan@jobhunt.top' (Title: 'Hari 41jjjj') ready for review.
[2025-07-13 20:16:08] [ACCESS_ATTEMPT] User 'suthan@jobhunt.top' (Role: 'super_admin') attempting to access view: 'post_job'.
[2025-07-13 20:16:12] [ACCESS_ATTEMPT] User 'suthan@jobhunt.top' (Role: 'super_admin') attempting to access view: 'post_job'.
[2025-07-13 20:16:13] [ACCESS_ATTEMPT] User 'suthan@jobhunt.top' (Role: 'super_admin') attempting to access view: 'post_job'.
[2025-07-13 20:16:44] [ACCESS_ATTEMPT] User 'suthan@jobhunt.top' (Role: 'super_admin') attempting to access view: 'dashboard_overview'.
[2025-07-13 20:16:50] [ACCESS_ATTEMPT] User 'suthan@jobhunt.top' (Role: 'super_admin') attempting to access view: 'manage_jobs'.
[2025-07-13 20:16:51] [ACCESS_ATTEMPT] User 'suthan@jobhunt.top' (Role: 'super_admin') attempting to access view: 'post_job'.
[2025-07-13 20:17:01] [AI_SUMMARY_SKIP] AI Summary generation skipped for job '14qheehhh': API Key is placeholder or empty.
[2025-07-13 20:17:02] [AI_SUMMARY_ERROR] AI summary generation FAILED for job '14qheehhh'. API HTTP Code: 429. Response: {  "error": {    "code": 429,    "message": "You exceeded your current quota, please check your plan and billing details. For more information on this error, head to: https://ai.google.dev/gemini-api/docs/rate-limits.",    "status": "RESOURCE_EXHAUSTED",    "details": [      {        "@type": "type.googleapis.com/google.rpc.QuotaFailure",        "violations": [          {            "quotaMetric": "generativelanguage.googleapis.com/generate_content_free_tier_requests",            "quotaId": "GenerateRequestsPerDayPerProjectPerModel-FreeTier",            "quotaDimensions": {              "location": "global",              "model": "gemini-1.5-flash"            },            "quotaValue": "50"          }        ]      },      {        "@type": "type.googleapis.com/google.rpc.Help",        "links": [          {            "description": "Learn more about Gemini API quotas",            "url": "https://ai.google.dev/gemini-api/docs/rate-limits"          }        ]      },      {        "@type": "type.googleapis.com/google.rpc.RetryInfo",        "retryDelay": "22s"      }    ]  }}
[2025-07-13 20:17:02] [JOB_POST_REVIEW_READY] Job post by 'suthan@jobhunt.top' (Title: '14qheehhh') ready for review.
[2025-07-13 20:17:02] [ACCESS_ATTEMPT] User 'suthan@jobhunt.top' (Role: 'super_admin') attempting to access view: 'post_job'.
[2025-07-13 20:17:48] [ACCESS_ATTEMPT] User 'suthan@jobhunt.top' (Role: 'super_admin') attempting to access view: 'post_job'.
[2025-07-13 20:17:49] [ACCESS_ATTEMPT] User 'suthan@jobhunt.top' (Role: 'super_admin') attempting to access view: 'post_job'.
[2025-07-13 20:17:52] [AI_SUMMARY_SKIP] AI Summary generation skipped for job '14qheehhh': API Key is placeholder or empty.
[2025-07-13 20:17:53] [AI_SUMMARY_ERROR] AI summary generation FAILED for job '14qheehhh'. API HTTP Code: 429. Response: {  "error": {    "code": 429,    "message": "You exceeded your current quota, please check your plan and billing details. For more information on this error, head to: https://ai.google.dev/gemini-api/docs/rate-limits.",    "status": "RESOURCE_EXHAUSTED",    "details": [      {        "@type": "type.googleapis.com/google.rpc.QuotaFailure",        "violations": [          {            "quotaMetric": "generativelanguage.googleapis.com/generate_content_free_tier_requests",            "quotaId": "GenerateRequestsPerDayPerProjectPerModel-FreeTier",            "quotaDimensions": {              "location": "global",              "model": "gemini-1.5-flash"            },            "quotaValue": "50"          }        ]      },      {        "@type": "type.googleapis.com/google.rpc.Help",        "links": [          {            "description": "Learn more about Gemini API quotas",            "url": "https://ai.google.dev/gemini-api/docs/rate-limits"          }        ]      },      {        "@type": "type.googleapis.com/google.rpc.RetryInfo",        "retryDelay": "30s"      }    ]  }}
[2025-07-13 20:17:53] [JOB_POST_REVIEW_READY] Job post by 'suthan@jobhunt.top' (Title: '14qheehhh') ready for review.
[2025-07-13 20:17:53] [ACCESS_ATTEMPT] User 'suthan@jobhunt.top' (Role: 'super_admin') attempting to access view: 'post_job'.
[2025-07-13 20:18:45] [ACCESS_ATTEMPT] User 'suthan@jobhunt.top' (Role: 'super_admin') attempting to access view: 'post_job'.
[2025-07-13 20:18:46] [ACCESS_ATTEMPT] User 'suthan@jobhunt.top' (Role: 'super_admin') attempting to access view: 'post_job'.
[2025-07-13 20:20:24] [ACCESS_ATTEMPT] User 'suthan@jobhunt.top' (Role: 'super_admin') attempting to access view: 'post_job'.
[2025-07-13 20:20:26] [ACCESS_ATTEMPT] User 'suthan@jobhunt.top' (Role: 'super_admin') attempting to access view: 'post_job'.
[2025-07-13 20:20:28] [ACCESS_ATTEMPT] User 'suthan@jobhunt.top' (Role: 'super_admin') attempting to access view: 'post_job'.
[2025-07-13 20:20:31] [AI_SUMMARY_SKIP] AI Summary generation skipped for job '14qheehhh': API Key is placeholder or empty.
[2025-07-13 20:20:31] [AI_SUMMARY_ERROR] AI summary generation FAILED for job '14qheehhh'. API HTTP Code: 429. Response: {  "error": {    "code": 429,    "message": "You exceeded your current quota, please check your plan and billing details. For more information on this error, head to: https://ai.google.dev/gemini-api/docs/rate-limits.",    "status": "RESOURCE_EXHAUSTED",    "details": [      {        "@type": "type.googleapis.com/google.rpc.QuotaFailure",        "violations": [          {            "quotaMetric": "generativelanguage.googleapis.com/generate_content_free_tier_requests",            "quotaId": "GenerateRequestsPerDayPerProjectPerModel-FreeTier",            "quotaDimensions": {              "model": "gemini-1.5-flash",              "location": "global"            },            "quotaValue": "50"          }        ]      },      {        "@type": "type.googleapis.com/google.rpc.Help",        "links": [          {            "description": "Learn more about Gemini API quotas",            "url": "https://ai.google.dev/gemini-api/docs/rate-limits"          }        ]      },      {        "@type": "type.googleapis.com/google.rpc.RetryInfo",        "retryDelay": "53s"      }    ]  }}
[2025-07-13 20:20:31] [JOB_POST_REVIEW_READY] Job post by 'suthan@jobhunt.top' (Title: '14qheehhh') ready for review.
[2025-07-13 20:20:31] [ACCESS_ATTEMPT] User 'suthan@jobhunt.top' (Role: 'super_admin') attempting to access view: 'post_job'.
[2025-07-13 20:21:18] [ACCESS_ATTEMPT] User 'suthan@jobhunt.top' (Role: 'super_admin') attempting to access view: 'post_job'.
[2025-07-13 20:21:19] [ACCESS_ATTEMPT] User 'suthan@jobhunt.top' (Role: 'super_admin') attempting to access view: 'post_job'.
[2025-07-13 20:21:20] [ACCESS_ATTEMPT] User 'suthan@jobhunt.top' (Role: 'super_admin') attempting to access view: 'post_job'.
[2025-07-13 20:21:20] [ACCESS_ATTEMPT] User 'suthan@jobhunt.top' (Role: 'super_admin') attempting to access view: 'post_job'.
[2025-07-13 20:21:21] [ACCESS_ATTEMPT] User 'suthan@jobhunt.top' (Role: 'super_admin') attempting to access view: 'post_job'.
[2025-07-13 20:21:28] [ACCESS_ATTEMPT] User 'suthan@jobhunt.top' (Role: 'super_admin') attempting to access view: 'post_job'.
[2025-07-13 20:21:51] [ACCESS_ATTEMPT] User 'suthan@jobhunt.top' (Role: 'super_admin') attempting to access view: 'post_job'.
[2025-07-13 20:22:04] [AI_SUMMARY_SKIP] AI Summary generation skipped for job '14qheehhhjj': API Key is placeholder or empty.
[2025-07-13 20:22:05] [AI_SUMMARY_ERROR] AI summary generation FAILED for job '14qheehhhjj'. API HTTP Code: 429. Response: {  "error": {    "code": 429,    "message": "You exceeded your current quota, please check your plan and billing details. For more information on this error, head to: https://ai.google.dev/gemini-api/docs/rate-limits.",    "status": "RESOURCE_EXHAUSTED",    "details": [      {        "@type": "type.googleapis.com/google.rpc.QuotaFailure",        "violations": [          {            "quotaMetric": "generativelanguage.googleapis.com/generate_content_free_tier_requests",            "quotaId": "GenerateRequestsPerDayPerProjectPerModel-FreeTier",            "quotaDimensions": {              "model": "gemini-1.5-flash",              "location": "global"            },            "quotaValue": "50"          }        ]      },      {        "@type": "type.googleapis.com/google.rpc.Help",        "links": [          {            "description": "Learn more about Gemini API quotas",            "url": "https://ai.google.dev/gemini-api/docs/rate-limits"          }        ]      },      {        "@type": "type.googleapis.com/google.rpc.RetryInfo",        "retryDelay": "19s"      }    ]  }}
[2025-07-13 20:22:05] [JOB_POST_REVIEW_READY] Job post by 'suthan@jobhunt.top' (Title: '14qheehhhjj') ready for review.
[2025-07-13 20:22:05] [ACCESS_ATTEMPT] User 'suthan@jobhunt.top' (Role: 'super_admin') attempting to access view: 'post_job'.
[2025-07-13 20:25:24] [AI_SUMMARY_SKIP] AI Summary generation skipped for job '14qheehhhjj': API Key is placeholder or empty.
[2025-07-13 20:25:25] [AI_SUMMARY_ERROR] AI summary generation FAILED for job '14qheehhhjj'. API HTTP Code: 429. Response: {  "error": {    "code": 429,    "message": "You exceeded your current quota, please check your plan and billing details. For more information on this error, head to: https://ai.google.dev/gemini-api/docs/rate-limits.",    "status": "RESOURCE_EXHAUSTED",    "details": [      {        "@type": "type.googleapis.com/google.rpc.QuotaFailure",        "violations": [          {            "quotaMetric": "generativelanguage.googleapis.com/generate_content_free_tier_requests",            "quotaId": "GenerateRequestsPerDayPerProjectPerModel-FreeTier",            "quotaDimensions": {              "location": "global",              "model": "gemini-1.5-flash"            },            "quotaValue": "50"          }        ]      },      {        "@type": "type.googleapis.com/google.rpc.Help",        "links": [          {            "description": "Learn more about Gemini API quotas",            "url": "https://ai.google.dev/gemini-api/docs/rate-limits"          }        ]      },      {        "@type": "type.googleapis.com/google.rpc.RetryInfo",        "retryDelay": "59s"      }    ]  }}
[2025-07-13 20:25:25] [JOB_POST_REVIEW_READY] Job post by 'suthan@jobhunt.top' (Title: '14qheehhhjj') ready for review.
[2025-07-13 20:25:25] [ACCESS_ATTEMPT] User 'suthan@jobhunt.top' (Role: 'super_admin') attempting to access view: 'post_job'.
[2025-07-13 20:48:11] [ACCESS_ATTEMPT] User 'suthan@jobhunt.top' (Role: 'super_admin') attempting to access view: 'post_job'.
[2025-07-13 20:48:12] [ACCESS_ATTEMPT] User 'suthan@jobhunt.top' (Role: 'super_admin') attempting to access view: 'post_job'.
[2025-07-13 20:49:06] [ACCESS_ATTEMPT] User 'suthan@jobhunt.top' (Role: 'super_admin') attempting to access view: 'post_job'.
[2025-07-13 20:49:07] [ACCESS_ATTEMPT] User 'suthan@jobhunt.top' (Role: 'super_admin') attempting to access view: 'post_job'.
[2025-07-13 20:49:08] [ACCESS_ATTEMPT] User 'suthan@jobhunt.top' (Role: 'super_admin') attempting to access view: 'post_job'.
[2025-07-13 20:49:09] [AI_SUMMARY_SKIP] AI Summary generation skipped for job '14qheehhhjj': API Key is placeholder or empty.
[2025-07-13 20:49:11] [AI_SUMMARY_ERROR] AI summary generation FAILED for job '14qheehhhjj'. API HTTP Code: 429. Response: {  "error": {    "code": 429,    "message": "You exceeded your current quota, please check your plan and billing details. For more information on this error, head to: https://ai.google.dev/gemini-api/docs/rate-limits.",    "status": "RESOURCE_EXHAUSTED",    "details": [      {        "@type": "type.googleapis.com/google.rpc.QuotaFailure",        "violations": [          {            "quotaMetric": "generativelanguage.googleapis.com/generate_content_free_tier_requests",            "quotaId": "GenerateRequestsPerDayPerProjectPerModel-FreeTier",            "quotaDimensions": {              "location": "global",              "model": "gemini-1.5-flash"            },            "quotaValue": "50"          }        ]      },      {        "@type": "type.googleapis.com/google.rpc.Help",        "links": [          {            "description": "Learn more about Gemini API quotas",            "url": "https://ai.google.dev/gemini-api/docs/rate-limits"          }        ]      },      {        "@type": "type.googleapis.com/google.rpc.RetryInfo",        "retryDelay": "13s"      }    ]  }}
[2025-07-13 20:49:11] [JOB_POST_REVIEW_READY] Job post by 'suthan@jobhunt.top' (Title: '14qheehhhjj') ready for review.
[2025-07-13 20:49:11] [ACCESS_ATTEMPT] User 'suthan@jobhunt.top' (Role: 'super_admin') attempting to access view: 'post_job'.
[2025-07-13 20:49:14] [AI_SUMMARY_SKIP] AI Summary generation skipped for job '14qheehhhjj': API Key is placeholder or empty.
[2025-07-13 20:49:14] [AI_SUMMARY_ERROR] AI summary generation FAILED for job '14qheehhhjj'. API HTTP Code: 429. Response: {  "error": {    "code": 429,    "message": "You exceeded your current quota, please check your plan and billing details. For more information on this error, head to: https://ai.google.dev/gemini-api/docs/rate-limits.",    "status": "RESOURCE_EXHAUSTED",    "details": [      {        "@type": "type.googleapis.com/google.rpc.QuotaFailure",        "violations": [          {            "quotaMetric": "generativelanguage.googleapis.com/generate_content_free_tier_requests",            "quotaId": "GenerateRequestsPerDayPerProjectPerModel-FreeTier",            "quotaDimensions": {              "location": "global",              "model": "gemini-1.5-flash"            },            "quotaValue": "50"          }        ]      },      {        "@type": "type.googleapis.com/google.rpc.Help",        "links": [          {            "description": "Learn more about Gemini API quotas",            "url": "https://ai.google.dev/gemini-api/docs/rate-limits"          }        ]      },      {        "@type": "type.googleapis.com/google.rpc.RetryInfo",        "retryDelay": "9s"      }    ]  }}
[2025-07-13 20:49:14] [JOB_POST_REVIEW_READY] Job post by 'suthan@jobhunt.top' (Title: '14qheehhhjj') ready for review.
[2025-07-13 20:49:15] [ACCESS_ATTEMPT] User 'suthan@jobhunt.top' (Role: 'super_admin') attempting to access view: 'post_job'.
[2025-07-13 20:49:50] [ACCESS_ATTEMPT] User 'suthan@jobhunt.top' (Role: 'super_admin') attempting to access view: 'post_job'.
[2025-07-13 20:49:51] [ACCESS_ATTEMPT] User 'suthan@jobhunt.top' (Role: 'super_admin') attempting to access view: 'post_job'.
[2025-07-13 20:49:54] [ACCESS_ATTEMPT] User 'suthan@jobhunt.top' (Role: 'super_admin') attempting to access view: 'post_job'.
[2025-07-13 20:50:39] [ACCESS_ATTEMPT] User 'suthan@jobhunt.top' (Role: 'super_admin') attempting to access view: 'post_job'.
[2025-07-13 20:50:42] [AI_SUMMARY_SKIP] AI Summary generation skipped for job '14qheehhhjj': API Key is placeholder or empty.
[2025-07-13 20:50:43] [AI_SUMMARY_ERROR] AI summary generation FAILED for job '14qheehhhjj'. API HTTP Code: 429. Response: {  "error": {    "code": 429,    "message": "You exceeded your current quota, please check your plan and billing details. For more information on this error, head to: https://ai.google.dev/gemini-api/docs/rate-limits.",    "status": "RESOURCE_EXHAUSTED",    "details": [      {        "@type": "type.googleapis.com/google.rpc.QuotaFailure",        "violations": [          {            "quotaMetric": "generativelanguage.googleapis.com/generate_content_free_tier_requests",            "quotaId": "GenerateRequestsPerDayPerProjectPerModel-FreeTier",            "quotaDimensions": {              "location": "global",              "model": "gemini-1.5-flash"            },            "quotaValue": "50"          }        ]      },      {        "@type": "type.googleapis.com/google.rpc.Help",        "links": [          {            "description": "Learn more about Gemini API quotas",            "url": "https://ai.google.dev/gemini-api/docs/rate-limits"          }        ]      },      {        "@type": "type.googleapis.com/google.rpc.RetryInfo",        "retryDelay": "41s"      }    ]  }}
[2025-07-13 20:50:43] [JOB_POST_REVIEW_READY] Job post by 'suthan@jobhunt.top' (Title: '14qheehhhjj') ready for review.
[2025-07-13 20:50:43] [ACCESS_ATTEMPT] User 'suthan@jobhunt.top' (Role: 'super_admin') attempting to access view: 'post_job'.
[2025-07-13 21:07:37] [ACCESS_ATTEMPT] User 'suthan@jobhunt.top' (Role: 'super_admin') attempting to access view: 'post_job'.
[2025-07-13 21:08:37] [ACCESS_ATTEMPT] User 'suthan@jobhunt.top' (Role: 'super_admin') attempting to access view: 'post_job'.
[2025-07-13 21:19:26] [ACCESS_ATTEMPT] User 'suthan@jobhunt.top' (Role: 'super_admin') attempting to access view: 'post_job'.
[2025-07-13 21:19:28] [ACCESS_ATTEMPT] User 'suthan@jobhunt.top' (Role: 'super_admin') attempting to access view: 'post_job'.
[2025-07-13 21:19:29] [AI_SUMMARY_SKIP] AI Summary generation skipped for job '14qheehhhjj': API Key is placeholder or empty.
[2025-07-13 21:19:30] [AI_SUMMARY_ERROR] AI summary generation FAILED for job '14qheehhhjj'. API HTTP Code: 404. Response: {  "error": {    "code": 404,    "message": "models/gemini-2.0-flash-latest is not found for API version v1beta, or is not supported for generateContent. Call ListModels to see the list of available models and their supported methods.",    "status": "NOT_FOUND"  }}
[2025-07-13 21:19:30] [JOB_POST_REVIEW_READY] Job post by 'suthan@jobhunt.top' (Title: '14qheehhhjj') ready for review.
[2025-07-13 21:19:30] [ACCESS_ATTEMPT] User 'suthan@jobhunt.top' (Role: 'super_admin') attempting to access view: 'post_job'.
[2025-07-13 21:20:58] [AI_SUMMARY_SKIP] AI Summary generation skipped for job '14qheehhhjj': API Key is placeholder or empty.
[2025-07-13 21:21:01] [AI_SUMMARY_SUCCESS] AI summary generated successfully for job '14qheehhhjj'.
[2025-07-13 21:21:01] [JOB_POST_REVIEW_READY] Job post by 'suthan@jobhunt.top' (Title: '14qheehhhjj') ready for review.
[2025-07-13 21:21:01] [ACCESS_ATTEMPT] User 'suthan@jobhunt.top' (Role: 'super_admin') attempting to access view: 'post_job'.
[2025-07-13 21:22:38] [ACCESS_ATTEMPT] User 'suthan@jobhunt.top' (Role: 'super_admin') attempting to access view: 'blocked_jobs'.
[2025-07-13 21:22:38] [INVALID_VIEW_ERROR] User 'suthan@jobhunt.top' attempted to access invalid view: 'blocked_jobs'.
[2025-07-13 21:22:40] [ACCESS_ATTEMPT] User 'suthan@jobhunt.top' (Role: 'super_admin') attempting to access view: 'blocked_jobs'.
[2025-07-13 21:22:40] [INVALID_VIEW_ERROR] User 'suthan@jobhunt.top' attempted to access invalid view: 'blocked_jobs'.
[2025-07-13 21:22:42] [ACCESS_ATTEMPT] User 'suthan@jobhunt.top' (Role: 'super_admin') attempting to access view: 'blocked_jobs'.
[2025-07-13 21:22:42] [INVALID_VIEW_ERROR] User 'suthan@jobhunt.top' attempted to access invalid view: 'blocked_jobs'.
[2025-07-13 21:22:45] [ACCESS_ATTEMPT] User 'suthan@jobhunt.top' (Role: 'super_admin') attempting to access view: 'reported_jobs'.
[2025-07-13 21:22:45] [ACCESS_GRANTED] User 'suthan@jobhunt.top' accessed 'reported_jobs' view.
[2025-07-13 21:22:55] [ACCESS_ATTEMPT] User 'suthan@jobhunt.top' (Role: 'super_admin') attempting to access view: 'generate_message'.
[2025-07-13 21:22:55] [ACCESS_GRANTED] User 'suthan@jobhunt.top' accessed 'generate_message' view. WhatsApp generated: Yes. Telegram generated: Yes.
[2025-07-13 22:43:54] [AUTH_SUCCESS] User 'suthan@jobhunt.top' logged in successfully. Role: 'super_admin'.
[2025-07-13 22:43:54] [ACCESS_ATTEMPT] User 'suthan@jobhunt.top' (Role: 'super_admin') attempting to access view: 'dashboard_overview'.
[2025-07-13 22:44:02] [ACCESS_ATTEMPT] User 'suthan@jobhunt.top' (Role: 'super_admin') attempting to access view: 'manage_jobs'.
[2025-07-13 22:44:04] [ACCESS_ATTEMPT] User 'suthan@jobhunt.top' (Role: 'super_admin') attempting to access view: 'post_job'.
[2025-07-13 22:44:19] [AI_SUMMARY_SKIP] AI Summary generation skipped for job '14qheehhhjj': API Key is placeholder or empty.
[2025-07-13 22:44:23] [AI_SUMMARY_SUCCESS] AI summary generated successfully for job '14qheehhhjj'.
[2025-07-13 22:44:23] [JOB_POST_REVIEW_READY] Job post by 'suthan@jobhunt.top' (Title: '14qheehhhjj') ready for review.
[2025-07-13 22:44:23] [ACCESS_ATTEMPT] User 'suthan@jobhunt.top' (Role: 'super_admin') attempting to access view: 'post_job'.
[2025-07-13 22:44:26] [JOB_POST_SUCCESS] Job ID '1752426866_8217' (Title: '14qheehhhjj') posted successfully by 'suthan@jobhunt.top'.
[2025-07-13 22:44:26] [AI_IMAGE_WARNING] GD library not available. Cannot create placeholder image for job ID '1752426866_8217'.
[2025-07-13 22:44:26] [ACCESS_ATTEMPT] User 'suthan@jobhunt.top' (Role: 'super_admin') attempting to access view: 'post_job'.
[2025-07-13 22:44:36] [JOB_POST_DUPLICATE] Duplicate job post attempt by 'suthan@jobhunt.top'. Title: '14qheehhhjj'. Contacts: P-9789765026 E-s.ariharasuthan@gmail.com.
[2025-07-13 22:44:36] [ACCESS_ATTEMPT] User 'suthan@jobhunt.top' (Role: 'super_admin') attempting to access view: 'post_job'.
[2025-07-13 22:45:50] [JOB_POST_DUPLICATE] Duplicate job post attempt by 'suthan@jobhunt.top'. Title: '14qheehhhjj'. Contacts: P-9789765026 E-s.ariharasuthan@gmail.com.
[2025-07-13 22:45:50] [ACCESS_ATTEMPT] User 'suthan@jobhunt.top' (Role: 'super_admin') attempting to access view: 'post_job'.
[2025-07-13 22:45:57] [JOB_POST_DUPLICATE] Duplicate job post attempt by 'suthan@jobhunt.top'. Title: '14qheehhhjj'. Contacts: P-9789765026 E-s.ariharasuthan@gmail.com.
[2025-07-13 22:45:57] [ACCESS_ATTEMPT] User 'suthan@jobhunt.top' (Role: 'super_admin') attempting to access view: 'post_job'.
[2025-07-13 22:46:05] [JOB_POST_DUPLICATE] Duplicate job post attempt by 'suthan@jobhunt.top'. Title: '14qheehhhjj'. Contacts: P-9789765026 E-s.ariharasuthan@gmail.com.
[2025-07-13 22:46:05] [ACCESS_ATTEMPT] User 'suthan@jobhunt.top' (Role: 'super_admin') attempting to access view: 'post_job'.
[2025-07-13 22:46:11] [JOB_POST_DUPLICATE] Duplicate job post attempt by 'suthan@jobhunt.top'. Title: '14qheehhhjj'. Contacts: P-9789765026 E-.
[2025-07-13 22:46:11] [ACCESS_ATTEMPT] User 'suthan@jobhunt.top' (Role: 'super_admin') attempting to access view: 'post_job'.
[2025-07-13 22:46:19] [AI_SUMMARY_SKIP] AI Summary generation skipped for job '14qheehhhjj': API Key is placeholder or empty.
[2025-07-13 22:46:24] [AI_SUMMARY_SUCCESS] AI summary generated successfully for job '14qheehhhjj'.
[2025-07-13 22:46:24] [JOB_POST_REVIEW_READY] Job post by 'suthan@jobhunt.top' (Title: '14qheehhhjj') ready for review.
[2025-07-13 22:46:24] [ACCESS_ATTEMPT] User 'suthan@jobhunt.top' (Role: 'super_admin') attempting to access view: 'post_job'.
[2025-07-13 22:46:54] [JOB_POST_SUCCESS] Job ID '1752427014_6127' (Title: '14qheehhhjj') posted successfully by 'suthan@jobhunt.top'.
[2025-07-13 22:46:54] [AI_IMAGE_WARNING] GD library not available. Cannot create placeholder image for job ID '1752427014_6127'.
[2025-07-13 22:46:54] [ACCESS_ATTEMPT] User 'suthan@jobhunt.top' (Role: 'super_admin') attempting to access view: 'post_job'.
[2025-07-13 22:48:01] [AI_SUMMARY_SKIP] AI Summary generation skipped for job 'fwfw': API Key is placeholder or empty.
[2025-07-13 22:48:11] [AI_SUMMARY_SUCCESS] AI summary generated successfully for job 'fwfw'.
[2025-07-13 22:48:11] [JOB_POST_REVIEW_READY] Job post by 'suthan@jobhunt.top' (Title: 'fwfw') ready for review.
[2025-07-13 22:48:11] [ACCESS_ATTEMPT] User 'suthan@jobhunt.top' (Role: 'super_admin') attempting to access view: 'post_job'.
[2025-07-13 22:48:34] [ACCESS_ATTEMPT] User 'suthan@jobhunt.top' (Role: 'super_admin') attempting to access view: 'post_job'.
[2025-07-13 22:48:46] [AI_SUMMARY_SKIP] AI Summary generation skipped for job 'fwfw': API Key is placeholder or empty.
[2025-07-13 22:48:50] [AI_SUMMARY_SUCCESS] AI summary generated successfully for job 'fwfw'.
[2025-07-13 22:48:50] [JOB_POST_REVIEW_READY] Job post by 'suthan@jobhunt.top' (Title: 'fwfw') ready for review.
[2025-07-13 22:48:51] [ACCESS_ATTEMPT] User 'suthan@jobhunt.top' (Role: 'super_admin') attempting to access view: 'post_job'.
[2025-07-13 22:49:03] [JOB_POST_SUCCESS] Job ID '1752427143_9444' (Title: 'fwfw') posted successfully by 'suthan@jobhunt.top'.
[2025-07-13 22:49:03] [AI_IMAGE_WARNING] GD library not available. Cannot create placeholder image for job ID '1752427143_9444'.
[2025-07-13 22:49:03] [ACCESS_ATTEMPT] User 'suthan@jobhunt.top' (Role: 'super_admin') attempting to access view: 'post_job'.
[2025-07-13 23:34:05] [ACCESS_ATTEMPT] User 'suthan@jobhunt.top' (Role: 'super_admin') attempting to access view: 'post_job'.
[2025-07-13 23:34:13] [JOB_POST_DUPLICATE] Duplicate job post attempt by 'suthan@jobhunt.top'. Title: 'fwfw'. Contacts: P-9789765026 E-s.ariharasuthan@gmail.com.
[2025-07-13 23:34:13] [ACCESS_ATTEMPT] User 'suthan@jobhunt.top' (Role: 'super_admin') attempting to access view: 'post_job'.
[2025-07-13 23:34:34] [JOB_POST_DUPLICATE] Duplicate job post attempt by 'suthan@jobhunt.top'. Title: 'fwfw'. Contacts: P-9789765026 E-s.ariharasuthan@gmail.comg.
[2025-07-13 23:34:34] [ACCESS_ATTEMPT] User 'suthan@jobhunt.top' (Role: 'super_admin') attempting to access view: 'post_job'.
[2025-07-13 23:34:50] [AI_SUMMARY_SKIP] AI Summary generation skipped for job 'fwfw': API Key is placeholder or empty.
[2025-07-13 23:34:53] [AI_SUMMARY_SUCCESS] AI summary generated successfully for job 'fwfw'.
[2025-07-13 23:34:53] [JOB_POST_REVIEW_READY] Job post by 'suthan@jobhunt.top' (Title: 'fwfw') ready for review.
[2025-07-13 23:34:53] [ACCESS_ATTEMPT] User 'suthan@jobhunt.top' (Role: 'super_admin') attempting to access view: 'post_job'.
[2025-07-13 23:34:57] [JOB_POST_SUCCESS] Job ID '1752429897_1315' (Title: 'fwfw') posted successfully by 'suthan@jobhunt.top'.
[2025-07-13 23:34:57] [AI_IMAGE_WARNING] GD library not available. Cannot create placeholder image for job ID '1752429897_1315'.
[2025-07-13 23:34:57] [ACCESS_ATTEMPT] User 'suthan@jobhunt.top' (Role: 'super_admin') attempting to access view: 'post_job'.
[2025-07-13 23:35:27] [AI_SUMMARY_SKIP] AI Summary generation skipped for job '14qheehhh': API Key is placeholder or empty.
[2025-07-13 23:35:34] [AI_SUMMARY_SUCCESS] AI summary generated successfully for job '14qheehhh'.
[2025-07-13 23:35:34] [JOB_POST_REVIEW_READY] Job post by 'suthan@jobhunt.top' (Title: '14qheehhh') ready for review.
[2025-07-13 23:35:34] [ACCESS_ATTEMPT] User 'suthan@jobhunt.top' (Role: 'super_admin') attempting to access view: 'post_job'.
[2025-07-13 23:35:36] [JOB_POST_SUCCESS] Job ID '1752429936_8249' (Title: '14qheehhh') posted successfully by 'suthan@jobhunt.top'.
[2025-07-13 23:35:36] [AI_IMAGE_WARNING] GD library not available. Cannot create placeholder image for job ID '1752429936_8249'.
[2025-07-13 23:35:37] [ACCESS_ATTEMPT] User 'suthan@jobhunt.top' (Role: 'super_admin') attempting to access view: 'post_job'.
[2025-07-13 23:37:08] [JOB_POST_DUPLICATE] Duplicate job post attempt by 'suthan@jobhunt.top'. Title: '14qheehhh'. Contacts: P-9789765026 E-s.ariharasuthan@gmail.com.
[2025-07-13 23:37:08] [ACCESS_ATTEMPT] User 'suthan@jobhunt.top' (Role: 'super_admin') attempting to access view: 'post_job'.
[2025-07-13 23:37:15] [AI_SUMMARY_SKIP] AI Summary generation skipped for job '14qheehhdsfs': API Key is placeholder or empty.
[2025-07-13 23:37:19] [AI_SUMMARY_SUCCESS] AI summary generated successfully for job '14qheehhdsfs'.
[2025-07-13 23:37:19] [JOB_POST_REVIEW_READY] Job post by 'suthan@jobhunt.top' (Title: '14qheehhdsfs') ready for review.
[2025-07-13 23:37:19] [ACCESS_ATTEMPT] User 'suthan@jobhunt.top' (Role: 'super_admin') attempting to access view: 'post_job'.
[2025-07-13 23:37:29] [JOB_POST_SUCCESS] Job ID '1752430049_7314' (Title: '14qheehhdsfs') posted successfully by 'suthan@jobhunt.top'.
[2025-07-13 23:37:29] [AI_IMAGE_WARNING] GD library not available. Cannot create placeholder image for job ID '1752430049_7314'.
[2025-07-13 23:37:29] [ACCESS_ATTEMPT] User 'suthan@jobhunt.top' (Role: 'super_admin') attempting to access view: 'post_job'.
[2025-07-13 23:38:31] [ACCESS_ATTEMPT] User 'suthan@jobhunt.top' (Role: 'super_admin') attempting to access view: 'post_job'.
[2025-07-13 23:38:48] [AI_SUMMARY_SKIP] AI Summary generation skipped for job 'Internet': API Key is placeholder or empty.
[2025-07-13 23:39:01] [AI_SUMMARY_SUCCESS] AI summary generated successfully for job 'Internet'.
[2025-07-13 23:39:01] [JOB_POST_REVIEW_READY] Job post by 'suthan@jobhunt.top' (Title: 'Internet') ready for review.
[2025-07-13 23:39:01] [AI_SUMMARY_SKIP] AI Summary generation skipped for job 'Internet': API Key is placeholder or empty.
[2025-07-13 23:39:09] [AI_SUMMARY_SUCCESS] AI summary generated successfully for job 'Internet'.
[2025-07-13 23:39:09] [JOB_POST_REVIEW_READY] Job post by 'suthan@jobhunt.top' (Title: 'Internet') ready for review.
[2025-07-13 23:39:09] [ACCESS_ATTEMPT] User 'suthan@jobhunt.top' (Role: 'super_admin') attempting to access view: 'post_job'.
[2025-07-13 23:39:15] [JOB_POST_SUCCESS] Job ID '1752430155_2098' (Title: 'Internet') posted successfully by 'suthan@jobhunt.top'.
[2025-07-13 23:39:15] [AI_IMAGE_WARNING] GD library not available. Cannot create placeholder image for job ID '1752430155_2098'.
[2025-07-13 23:39:15] [ACCESS_ATTEMPT] User 'suthan@jobhunt.top' (Role: 'super_admin') attempting to access view: 'post_job'.
[2025-07-13 23:39:35] [ACCESS_ATTEMPT] User 'suthan@jobhunt.top' (Role: 'super_admin') attempting to access view: 'post_job'.
[2025-07-13 23:39:53] [AI_SUMMARY_SKIP] AI Summary generation skipped for job 'Network Engineer III': API Key is placeholder or empty.
[2025-07-13 23:39:59] [AI_SUMMARY_SUCCESS] AI summary generated successfully for job 'Network Engineer III'.
[2025-07-13 23:39:59] [JOB_POST_REVIEW_READY] Job post by 'suthan@jobhunt.top' (Title: 'Network Engineer III') ready for review.
[2025-07-13 23:39:59] [ACCESS_ATTEMPT] User 'suthan@jobhunt.top' (Role: 'super_admin') attempting to access view: 'post_job'.
[2025-07-13 23:40:08] [JOB_POST_SUCCESS] Job ID '1752430208_4109' (Title: 'Network Engineer III') posted successfully by 'suthan@jobhunt.top'.
[2025-07-13 23:40:08] [AI_IMAGE_WARNING] GD library not available. Cannot create placeholder image for job ID '1752430208_4109'.
[2025-07-13 23:40:08] [ACCESS_ATTEMPT] User 'suthan@jobhunt.top' (Role: 'super_admin') attempting to access view: 'post_job'.
[2025-07-13 23:40:46] [AI_SUMMARY_SKIP] AI Summary generation skipped for job 'Network Engineer I': API Key is placeholder or empty.
[2025-07-13 23:40:50] [AI_SUMMARY_SUCCESS] AI summary generated successfully for job 'Network Engineer I'.
[2025-07-13 23:40:50] [JOB_POST_REVIEW_READY] Job post by 'suthan@jobhunt.top' (Title: 'Network Engineer I') ready for review.
[2025-07-13 23:40:50] [ACCESS_ATTEMPT] User 'suthan@jobhunt.top' (Role: 'super_admin') attempting to access view: 'post_job'.
[2025-07-13 23:40:52] [JOB_POST_SUCCESS] Job ID '1752430252_7512' (Title: 'Network Engineer I') posted successfully by 'suthan@jobhunt.top'.
[2025-07-13 23:40:52] [AI_IMAGE_WARNING] GD library not available. Cannot create placeholder image for job ID '1752430252_7512'.
[2025-07-13 23:40:52] [ACCESS_ATTEMPT] User 'suthan@jobhunt.top' (Role: 'super_admin') attempting to access view: 'post_job'.
[2025-08-17 02:47:25] [AUTH_SUCCESS] User 'suthan@jobhunt.top' logged in successfully. Role: 'super_admin'.
[2025-08-17 02:47:25] [ACCESS_ATTEMPT] User 'suthan@jobhunt.top' (Role: 'super_admin') attempting to access view: 'dashboard_overview'.
[2025-08-17 02:47:58] [ACCESS_ATTEMPT] User 'suthan@jobhunt.top' (Role: 'super_admin') attempting to access view: 'manage_jobs'.
[2025-08-17 02:48:00] [ACCESS_ATTEMPT] User 'suthan@jobhunt.top' (Role: 'super_admin') attempting to access view: 'post_job'.
[2025-08-17 02:48:17] [AI_SUMMARY_SKIP] AI Summary generation skipped for job 'Network Engineer Ih': API Key is placeholder or empty.
[2025-08-17 02:48:19] [AI_SUMMARY_SUCCESS] AI summary generated successfully for job 'Network Engineer Ih'.
[2025-08-17 02:48:19] [JOB_POST_REVIEW_READY] Job post by 'suthan@jobhunt.top' (Title: 'Network Engineer Ih') ready for review.
[2025-08-17 02:48:19] [ACCESS_ATTEMPT] User 'suthan@jobhunt.top' (Role: 'super_admin') attempting to access view: 'post_job'.
[2025-08-17 02:48:26] [JOB_POST_SUCCESS] Job ID '1755379106_7220' (Title: 'Network Engineer Ih') posted successfully by 'suthan@jobhunt.top'.
[2025-08-17 02:48:26] [AI_IMAGE_WARNING] GD library not available. Cannot create placeholder image for job ID '1755379106_7220'.
[2025-08-17 02:48:26] [ACCESS_ATTEMPT] User 'suthan@jobhunt.top' (Role: 'super_admin') attempting to access view: 'post_job'.
[2025-08-17 02:52:13] [ACCESS_ATTEMPT] User 'suthan@jobhunt.top' (Role: 'super_admin') attempting to access view: 'post_job'.
[2025-08-17 02:52:24] [AI_SUMMARY_SKIP] AI Summary generation skipped for job 'Network Engineer Ihf': API Key is placeholder or empty.
[2025-08-17 02:52:27] [AI_SUMMARY_SUCCESS] AI summary generated successfully for job 'Network Engineer Ihf'.
[2025-08-17 02:52:27] [JOB_POST_REVIEW_READY] Job post by 'suthan@jobhunt.top' (Title: 'Network Engineer Ihf') ready for review.
[2025-08-17 02:52:27] [ACCESS_ATTEMPT] User 'suthan@jobhunt.top' (Role: 'super_admin') attempting to access view: 'post_job'.
[2025-08-17 02:52:30] [JOB_POST_SUCCESS] Job ID '1755379350_1941' (Title: 'Network Engineer Ihf') posted successfully by 'suthan@jobhunt.top'.
[2025-08-17 02:52:30] [AI_IMAGE_WARNING] GD library not available. Cannot create placeholder image for job ID '1755379350_1941'.
[2025-08-17 02:52:30] [ACCESS_ATTEMPT] User 'suthan@jobhunt.top' (Role: 'super_admin') attempting to access view: 'post_job'.
[2025-08-17 03:09:11] [AI_SUMMARY_SKIP] AI Summary generation skipped for job 'Network Engineer Ihfs': API Key is placeholder or empty.
[2025-08-17 03:09:14] [AI_SUMMARY_SUCCESS] AI summary generated successfully for job 'Network Engineer Ihfs'.
[2025-08-17 03:09:14] [JOB_POST_REVIEW_READY] Job post by 'suthan@jobhunt.top' (Title: 'Network Engineer Ihfs') ready for review.
[2025-08-17 03:09:14] [ACCESS_ATTEMPT] User 'suthan@jobhunt.top' (Role: 'super_admin') attempting to access view: 'post_job'.
[2025-08-17 03:09:18] [JOB_POST_SUCCESS] Job ID '1755380358_3044' (Title: 'Network Engineer Ihfs') posted successfully by 'suthan@jobhunt.top'.
[2025-08-17 03:09:18] [AI_IMAGE_WARNING] GD library not available. Cannot create placeholder image for job ID '1755380358_3044'.
[2025-08-17 03:09:18] [ACCESS_ATTEMPT] User 'suthan@jobhunt.top' (Role: 'super_admin') attempting to access view: 'post_job'.
[2025-08-17 03:16:29] [AI_SUMMARY_SKIP] AI Summary generation skipped for job 'Network Engineer Ihfa': API Key is placeholder or empty.
[2025-08-17 03:16:32] [AI_SUMMARY_SUCCESS] AI summary generated successfully for job 'Network Engineer Ihfa'.
[2025-08-17 03:16:32] [JOB_POST_REVIEW_READY] Job post by 'suthan@jobhunt.top' (Title: 'Network Engineer Ihfa') ready for review.
[2025-08-17 03:16:32] [ACCESS_ATTEMPT] User 'suthan@jobhunt.top' (Role: 'super_admin') attempting to access view: 'post_job'.
[2025-08-17 03:16:35] [JOB_POST_SUCCESS] Job ID '1755380795_1518' (Title: 'Network Engineer Ihfa') posted successfully by 'suthan@jobhunt.top'.
[2025-08-17 03:16:35] [AI_IMAGE_WARNING] GD library not available. Cannot create placeholder image for job ID '1755380795_1518'.
[2025-08-17 03:16:35] [ACCESS_ATTEMPT] User 'suthan@jobhunt.top' (Role: 'super_admin') attempting to access view: 'post_job'.
[2025-08-17 03:22:37] [ACCESS_ATTEMPT] User 'suthan@jobhunt.top' (Role: 'super_admin') attempting to access view: 'post_job'.
[2025-08-17 03:22:46] [AI_SUMMARY_SKIP] AI Summary generation skipped for job 'Network Engineer Ihfaf': API Key is placeholder or empty.
[2025-08-17 03:22:50] [AI_SUMMARY_SUCCESS] AI summary generated successfully for job 'Network Engineer Ihfaf'.
[2025-08-17 03:22:50] [JOB_POST_REVIEW_READY] Job post by 'suthan@jobhunt.top' (Title: 'Network Engineer Ihfaf') ready for review.
[2025-08-17 03:22:50] [ACCESS_ATTEMPT] User 'suthan@jobhunt.top' (Role: 'super_admin') attempting to access view: 'post_job'.
[2025-08-17 03:22:56] [JOB_POST_SUCCESS] Job ID '1755381176_9661' (Title: 'Network Engineer Ihfaf') posted successfully by 'suthan@jobhunt.top'.
[2025-08-17 03:22:56] [AI_IMAGE_WARNING] GD library not available. Cannot create placeholder image for job ID '1755381176_9661'.
[2025-08-17 03:22:56] [ACCESS_ATTEMPT] User 'suthan@jobhunt.top' (Role: 'super_admin') attempting to access view: 'post_job'.
[2025-08-17 03:24:53] [ACCESS_ATTEMPT] User 'suthan@jobhunt.top' (Role: 'super_admin') attempting to access view: 'post_job'.
[2025-08-17 03:25:06] [AI_SUMMARY_SKIP] AI Summary generation skipped for job 'Network Engineer Ihfafj': API Key is placeholder or empty.
[2025-08-17 03:25:09] [AI_SUMMARY_SUCCESS] AI summary generated successfully for job 'Network Engineer Ihfafj'.
[2025-08-17 03:25:09] [JOB_POST_REVIEW_READY] Job post by 'suthan@jobhunt.top' (Title: 'Network Engineer Ihfafj') ready for review.
[2025-08-17 03:25:09] [ACCESS_ATTEMPT] User 'suthan@jobhunt.top' (Role: 'super_admin') attempting to access view: 'post_job'.
[2025-08-17 03:25:11] [JOB_POST_SUCCESS] Job ID '1755381311_9707' (Title: 'Network Engineer Ihfafj') posted successfully by 'suthan@jobhunt.top'.
[2025-08-17 03:25:11] [AI_IMAGE_WARNING] GD library not available. Cannot create placeholder image for job ID '1755381311_9707'.
[2025-08-17 03:25:11] [ACCESS_ATTEMPT] User 'suthan@jobhunt.top' (Role: 'super_admin') attempting to access view: 'post_job'.
[2025-08-17 03:27:32] [ACCESS_ATTEMPT] User 'suthan@jobhunt.top' (Role: 'super_admin') attempting to access view: 'post_job'.
[2025-08-17 03:27:45] [AI_SUMMARY_SKIP] AI Summary generation skipped for job 'Network Engineer h': API Key is placeholder or empty.
[2025-08-17 03:27:47] [AI_SUMMARY_SUCCESS] AI summary generated successfully for job 'Network Engineer h'.
[2025-08-17 03:27:47] [JOB_POST_REVIEW_READY] Job post by 'suthan@jobhunt.top' (Title: 'Network Engineer h') ready for review.
[2025-08-17 03:27:48] [ACCESS_ATTEMPT] User 'suthan@jobhunt.top' (Role: 'super_admin') attempting to access view: 'post_job'.
[2025-08-17 03:27:53] [JOB_POST_SUCCESS] Job ID '1755381473_3934' (Title: 'Network Engineer h') posted successfully by 'suthan@jobhunt.top'.
[2025-08-17 03:27:53] [AI_IMAGE_WARNING] GD library not available. Cannot create placeholder image for job ID '1755381473_3934'.
[2025-08-17 03:27:53] [ACCESS_ATTEMPT] User 'suthan@jobhunt.top' (Role: 'super_admin') attempting to access view: 'post_job'.
[2025-08-17 03:32:22] [ACCESS_ATTEMPT] User 'suthan@jobhunt.top' (Role: 'super_admin') attempting to access view: 'post_job'.
[2025-08-17 03:32:39] [AI_SUMMARY_SKIP] AI Summary generation skipped for job 'Network Engineer hs': API Key is placeholder or empty.
[2025-08-17 03:32:42] [AI_SUMMARY_SUCCESS] AI summary generated successfully for job 'Network Engineer hs'.
[2025-08-17 03:32:42] [JOB_POST_REVIEW_READY] Job post by 'suthan@jobhunt.top' (Title: 'Network Engineer hs') ready for review.
[2025-08-17 03:32:42] [ACCESS_ATTEMPT] User 'suthan@jobhunt.top' (Role: 'super_admin') attempting to access view: 'post_job'.
[2025-08-17 03:32:45] [JOB_POST_SUCCESS] Job ID '1755381765_4912' (Title: 'Network Engineer hs') posted successfully by 'suthan@jobhunt.top'.
[2025-08-17 03:32:45] [AI_IMAGE_WARNING] GD library not available. Cannot create placeholder image for job ID '1755381765_4912'.
[2025-08-17 03:32:45] [ACCESS_ATTEMPT] User 'suthan@jobhunt.top' (Role: 'super_admin') attempting to access view: 'post_job'.
[2025-08-17 03:36:08] [ACCESS_ATTEMPT] User 'suthan@jobhunt.top' (Role: 'super_admin') attempting to access view: 'post_job'.
[2025-08-17 03:36:18] [AI_SUMMARY_SKIP] AI Summary generation skipped for job 'Network Engineer hsa': API Key is placeholder or empty.
[2025-08-17 03:36:21] [AI_SUMMARY_SUCCESS] AI summary generated successfully for job 'Network Engineer hsa'.
[2025-08-17 03:36:21] [JOB_POST_REVIEW_READY] Job post by 'suthan@jobhunt.top' (Title: 'Network Engineer hsa') ready for review.
[2025-08-17 03:36:21] [ACCESS_ATTEMPT] User 'suthan@jobhunt.top' (Role: 'super_admin') attempting to access view: 'post_job'.
[2025-08-17 03:36:22] [JOB_POST_SUCCESS] Job ID '1755381982_2973' (Title: 'Network Engineer hsa') posted successfully by 'suthan@jobhunt.top'.
[2025-08-17 03:36:22] [AI_IMAGE_WARNING] GD library not available. Cannot create placeholder image for job ID '1755381982_2973'.
[2025-08-17 03:36:22] [ACCESS_ATTEMPT] User 'suthan@jobhunt.top' (Role: 'super_admin') attempting to access view: 'post_job'.
[2025-08-17 03:38:43] [ACCESS_ATTEMPT] User 'suthan@jobhunt.top' (Role: 'super_admin') attempting to access view: 'post_job'.
[2025-08-17 03:38:53] [AI_SUMMARY_SKIP] AI Summary generation skipped for job 'Network Engineer hsaf': API Key is placeholder or empty.
[2025-08-17 03:38:55] [AI_SUMMARY_SUCCESS] AI summary generated successfully for job 'Network Engineer hsaf'.
[2025-08-17 03:38:55] [JOB_POST_REVIEW_READY] Job post by 'suthan@jobhunt.top' (Title: 'Network Engineer hsaf') ready for review.
[2025-08-17 03:38:55] [ACCESS_ATTEMPT] User 'suthan@jobhunt.top' (Role: 'super_admin') attempting to access view: 'post_job'.
[2025-08-17 03:38:57] [JOB_POST_SUCCESS] Job ID '1755382137_3157' (Title: 'Network Engineer hsaf') posted successfully by 'suthan@jobhunt.top'.
[2025-08-17 03:38:57] [AI_IMAGE_WARNING] GD library not available. Cannot create placeholder image for job ID '1755382137_3157'.
[2025-08-17 03:38:57] [ACCESS_ATTEMPT] User 'suthan@jobhunt.top' (Role: 'super_admin') attempting to access view: 'post_job'.
[2025-08-17 03:42:26] [ACCESS_ATTEMPT] User 'suthan@jobhunt.top' (Role: 'super_admin') attempting to access view: 'post_job'.
[2025-08-17 03:42:44] [AI_SUMMARY_SKIP] AI Summary generation skipped for job 'Network Engineer 01': API Key is placeholder or empty.
[2025-08-17 03:42:47] [AI_SUMMARY_SUCCESS] AI summary generated successfully for job 'Network Engineer 01'.
[2025-08-17 03:42:47] [JOB_POST_REVIEW_READY] Job post by 'suthan@jobhunt.top' (Title: 'Network Engineer 01') ready for review.
[2025-08-17 03:42:47] [ACCESS_ATTEMPT] User 'suthan@jobhunt.top' (Role: 'super_admin') attempting to access view: 'post_job'.
[2025-08-17 03:42:49] [JOB_POST_SUCCESS] Job ID '1755382369_6545' (Title: 'Network Engineer 01') posted successfully by 'suthan@jobhunt.top'.
[2025-08-17 03:42:49] [AI_IMAGE_WARNING] GD library not available. Cannot create placeholder image for job ID '1755382369_6545'.
[2025-08-17 03:42:49] [ACCESS_ATTEMPT] User 'suthan@jobhunt.top' (Role: 'super_admin') attempting to access view: 'post_job'.
[2025-08-17 03:44:53] [ACCESS_ATTEMPT] User 'suthan@jobhunt.top' (Role: 'super_admin') attempting to access view: 'post_job'.
[2025-08-17 03:45:00] [AI_SUMMARY_SKIP] AI Summary generation skipped for job 'Network Engineer 02': API Key is placeholder or empty.
[2025-08-17 03:45:04] [AI_SUMMARY_SUCCESS] AI summary generated successfully for job 'Network Engineer 02'.
[2025-08-17 03:45:04] [JOB_POST_REVIEW_READY] Job post by 'suthan@jobhunt.top' (Title: 'Network Engineer 02') ready for review.
[2025-08-17 03:45:04] [ACCESS_ATTEMPT] User 'suthan@jobhunt.top' (Role: 'super_admin') attempting to access view: 'post_job'.
[2025-08-17 03:45:06] [JOB_POST_SUCCESS] Job ID '1755382506_1656' (Title: 'Network Engineer 02') posted successfully by 'suthan@jobhunt.top'.
[2025-08-17 03:45:06] [AI_IMAGE_WARNING] GD library not available. Cannot create placeholder image for job ID '1755382506_1656'.
[2025-08-17 03:45:07] [ACCESS_ATTEMPT] User 'suthan@jobhunt.top' (Role: 'super_admin') attempting to access view: 'post_job'.
[2025-08-17 03:49:39] [ACCESS_ATTEMPT] User 'suthan@jobhunt.top' (Role: 'super_admin') attempting to access view: 'post_job'.
[2025-08-17 03:50:04] [AI_SUMMARY_SKIP] AI Summary generation skipped for job 'Network Engineer 03': API Key is placeholder or empty.
[2025-08-17 03:50:07] [AI_SUMMARY_SUCCESS] AI summary generated successfully for job 'Network Engineer 03'.
[2025-08-17 03:50:07] [JOB_POST_REVIEW_READY] Job post by 'suthan@jobhunt.top' (Title: 'Network Engineer 03') ready for review.
[2025-08-17 03:50:07] [ACCESS_ATTEMPT] User 'suthan@jobhunt.top' (Role: 'super_admin') attempting to access view: 'post_job'.
[2025-08-17 03:50:09] [JOB_POST_SUCCESS] Job ID '1755382809_1450' (Title: 'Network Engineer 03') posted successfully by 'suthan@jobhunt.top'.
[2025-08-17 03:50:09] [AI_IMAGE_WARNING] GD library not available. Cannot create placeholder image for job ID '1755382809_1450'.
[2025-08-17 03:50:09] [ACCESS_ATTEMPT] User 'suthan@jobhunt.top' (Role: 'super_admin') attempting to access view: 'post_job'.
[2025-08-17 03:57:39] [ACCESS_ATTEMPT] User 'suthan@jobhunt.top' (Role: 'super_admin') attempting to access view: 'post_job'.
[2025-08-17 03:57:52] [AI_SUMMARY_SKIP] AI Summary generation skipped for job 'Network Engineer 04': API Key is placeholder or empty.
[2025-08-17 03:57:55] [AI_SUMMARY_SUCCESS] AI summary generated successfully for job 'Network Engineer 04'.
[2025-08-17 03:57:55] [JOB_POST_REVIEW_READY] Job post by 'suthan@jobhunt.top' (Title: 'Network Engineer 04') ready for review.
[2025-08-17 03:57:55] [ACCESS_ATTEMPT] User 'suthan@jobhunt.top' (Role: 'super_admin') attempting to access view: 'post_job'.
[2025-08-17 03:57:57] [JOB_POST_SUCCESS] Job ID '1755383277_4982' (Title: 'Network Engineer 04') posted successfully by 'suthan@jobhunt.top'.
[2025-08-17 03:57:57] [AI_IMAGE_WARNING] GD library not available. Cannot create placeholder image for job ID '1755383277_4982'.
[2025-08-17 03:57:57] [ACCESS_ATTEMPT] User 'suthan@jobhunt.top' (Role: 'super_admin') attempting to access view: 'post_job'.
[2025-08-17 04:03:28] [ACCESS_ATTEMPT] User 'suthan@jobhunt.top' (Role: 'super_admin') attempting to access view: 'post_job'.
[2025-08-17 04:03:42] [AI_SUMMARY_SKIP] AI Summary generation skipped for job 'Network Engineer 05': API Key is placeholder or empty.
[2025-08-17 04:03:45] [AI_SUMMARY_SUCCESS] AI summary generated successfully for job 'Network Engineer 05'.
[2025-08-17 04:03:45] [JOB_POST_REVIEW_READY] Job post by 'suthan@jobhunt.top' (Title: 'Network Engineer 05') ready for review.
[2025-08-17 04:03:45] [ACCESS_ATTEMPT] User 'suthan@jobhunt.top' (Role: 'super_admin') attempting to access view: 'post_job'.
[2025-08-17 04:03:48] [JOB_POST_SUCCESS] Job ID '1755383628_7766' (Title: 'Network Engineer 05') posted successfully by 'suthan@jobhunt.top'.
[2025-08-17 04:03:48] [AI_IMAGE_WARNING] GD library not available. Cannot create placeholder image for job ID '1755383628_7766'.
[2025-08-17 04:03:48] [ACCESS_ATTEMPT] User 'suthan@jobhunt.top' (Role: 'super_admin') attempting to access view: 'post_job'.
[2025-08-17 04:05:26] [ACCESS_ATTEMPT] User 'suthan@jobhunt.top' (Role: 'super_admin') attempting to access view: 'post_job'.
[2025-08-17 04:05:42] [AI_SUMMARY_SKIP] AI Summary generation skipped for job 'Network Engineer 07': API Key is placeholder or empty.
[2025-08-17 04:05:46] [AI_SUMMARY_SUCCESS] AI summary generated successfully for job 'Network Engineer 07'.
[2025-08-17 04:05:46] [JOB_POST_REVIEW_READY] Job post by 'suthan@jobhunt.top' (Title: 'Network Engineer 07') ready for review.
[2025-08-17 04:05:46] [ACCESS_ATTEMPT] User 'suthan@jobhunt.top' (Role: 'super_admin') attempting to access view: 'post_job'.
[2025-08-17 04:05:48] [JOB_POST_SUCCESS] Job ID '1755383748_7646' (Title: 'Network Engineer 07') posted successfully by 'suthan@jobhunt.top'.
[2025-08-17 04:05:48] [AI_IMAGE_WARNING] GD library not available. Cannot create placeholder image for job ID '1755383748_7646'.
[2025-08-17 04:05:48] [ACCESS_ATTEMPT] User 'suthan@jobhunt.top' (Role: 'super_admin') attempting to access view: 'post_job'.
[2025-08-17 04:17:42] [ACCESS_ATTEMPT] User 'suthan@jobhunt.top' (Role: 'super_admin') attempting to access view: 'post_job'.
[2025-08-17 04:17:50] [AI_SUMMARY_SKIP] AI Summary generation skipped for job 'Network Engineer 06': API Key is placeholder or empty.
[2025-08-17 04:17:52] [AI_SUMMARY_SUCCESS] AI summary generated successfully for job 'Network Engineer 06'.
[2025-08-17 04:17:52] [JOB_POST_REVIEW_READY] Job post by 'suthan@jobhunt.top' (Title: 'Network Engineer 06') ready for review.
[2025-08-17 04:17:53] [ACCESS_ATTEMPT] User 'suthan@jobhunt.top' (Role: 'super_admin') attempting to access view: 'post_job'.
[2025-08-17 04:17:54] [JOB_POST_SUCCESS] Job ID '1755384474_8166' (Title: 'Network Engineer 06') posted successfully by 'suthan@jobhunt.top'.
[2025-08-17 04:17:54] [AI_IMAGE_WARNING] GD library not available. Cannot create placeholder image for job ID '1755384474_8166'.
[2025-08-17 04:17:55] [ACCESS_ATTEMPT] User 'suthan@jobhunt.top' (Role: 'super_admin') attempting to access view: 'post_job'.
[2025-08-17 04:19:45] [ACCESS_ATTEMPT] User 'suthan@jobhunt.top' (Role: 'super_admin') attempting to access view: 'post_job'.
[2025-08-17 04:20:06] [AI_SUMMARY_SKIP] AI Summary generation skipped for job 'Network Engineer 08': API Key is placeholder or empty.
[2025-08-17 04:20:09] [AI_SUMMARY_SUCCESS] AI summary generated successfully for job 'Network Engineer 08'.
[2025-08-17 04:20:09] [JOB_POST_REVIEW_READY] Job post by 'suthan@jobhunt.top' (Title: 'Network Engineer 08') ready for review.
[2025-08-17 04:20:09] [ACCESS_ATTEMPT] User 'suthan@jobhunt.top' (Role: 'super_admin') attempting to access view: 'post_job'.
[2025-08-17 04:20:11] [JOB_POST_SUCCESS] Job ID '1755384611_1232' (Title: 'Network Engineer 08') posted successfully by 'suthan@jobhunt.top'.
[2025-08-17 04:20:11] [AI_IMAGE_WARNING] GD library not available. Cannot create placeholder image for job ID '1755384611_1232'.
[2025-08-17 04:20:11] [ACCESS_ATTEMPT] User 'suthan@jobhunt.top' (Role: 'super_admin') attempting to access view: 'post_job'.
[2025-08-17 04:22:02] [ACCESS_ATTEMPT] User 'suthan@jobhunt.top' (Role: 'super_admin') attempting to access view: 'post_job'.
[2025-08-17 04:22:13] [AI_SUMMARY_SKIP] AI Summary generation skipped for job 'Network Engineer 09': API Key is placeholder or empty.
[2025-08-17 04:22:16] [AI_SUMMARY_SUCCESS] AI summary generated successfully for job 'Network Engineer 09'.
[2025-08-17 04:22:16] [JOB_POST_REVIEW_READY] Job post by 'suthan@jobhunt.top' (Title: 'Network Engineer 09') ready for review.
[2025-08-17 04:22:16] [ACCESS_ATTEMPT] User 'suthan@jobhunt.top' (Role: 'super_admin') attempting to access view: 'post_job'.
[2025-08-17 04:22:17] [JOB_POST_SUCCESS] Job ID '1755384737_4684' (Title: 'Network Engineer 09') posted successfully by 'suthan@jobhunt.top'.
[2025-08-17 04:22:17] [AI_IMAGE_WARNING] GD library not available. Cannot create placeholder image for job ID '1755384737_4684'.
[2025-08-17 04:22:17] [ACCESS_ATTEMPT] User 'suthan@jobhunt.top' (Role: 'super_admin') attempting to access view: 'post_job'.
[2025-08-17 04:28:30] [ACCESS_ATTEMPT] User 'suthan@jobhunt.top' (Role: 'super_admin') attempting to access view: 'post_job'.
[2025-08-17 04:28:46] [AI_SUMMARY_SKIP] AI Summary generation skipped for job 'Network Engineer 10': API Key is placeholder or empty.
[2025-08-17 04:28:49] [AI_SUMMARY_SUCCESS] AI summary generated successfully for job 'Network Engineer 10'.
[2025-08-17 04:28:49] [JOB_POST_REVIEW_READY] Job post by 'suthan@jobhunt.top' (Title: 'Network Engineer 10') ready for review.
[2025-08-17 04:28:50] [ACCESS_ATTEMPT] User 'suthan@jobhunt.top' (Role: 'super_admin') attempting to access view: 'post_job'.
[2025-08-17 04:28:51] [JOB_POST_SUCCESS] Job ID '1755385131_9038' (Title: 'Network Engineer 10') posted successfully by 'suthan@jobhunt.top'.
[2025-08-17 04:28:51] [AI_IMAGE_WARNING] GD library not available. Cannot create placeholder image for job ID '1755385131_9038'.
[2025-08-17 04:28:51] [ACCESS_ATTEMPT] User 'suthan@jobhunt.top' (Role: 'super_admin') attempting to access view: 'post_job'.
[2025-08-17 04:30:12] [ACCESS_ATTEMPT] User 'suthan@jobhunt.top' (Role: 'super_admin') attempting to access view: 'post_job'.
[2025-08-17 04:30:31] [AI_SUMMARY_SKIP] AI Summary generation skipped for job 'Network Engineer 1': API Key is placeholder or empty.
[2025-08-17 04:30:33] [AI_SUMMARY_SUCCESS] AI summary generated successfully for job 'Network Engineer 1'.
[2025-08-17 04:30:33] [JOB_POST_REVIEW_READY] Job post by 'suthan@jobhunt.top' (Title: 'Network Engineer 1') ready for review.
[2025-08-17 04:30:33] [ACCESS_ATTEMPT] User 'suthan@jobhunt.top' (Role: 'super_admin') attempting to access view: 'post_job'.
[2025-08-17 04:30:35] [JOB_POST_SUCCESS] Job ID '1755385235_5708' (Title: 'Network Engineer 1') posted successfully by 'suthan@jobhunt.top'.
[2025-08-17 04:30:35] [AI_IMAGE_WARNING] GD library not available. Cannot create placeholder image for job ID '1755385235_5708'.
[2025-08-17 04:30:35] [ACCESS_ATTEMPT] User 'suthan@jobhunt.top' (Role: 'super_admin') attempting to access view: 'post_job'.
[2025-08-17 04:33:52] [AI_SUMMARY_SKIP] AI Summary generation skipped for job 'Network Engineer 11': API Key is placeholder or empty.
[2025-08-17 04:33:55] [AI_SUMMARY_SUCCESS] AI summary generated successfully for job 'Network Engineer 11'.
[2025-08-17 04:33:55] [JOB_POST_REVIEW_READY] Job post by 'suthan@jobhunt.top' (Title: 'Network Engineer 11') ready for review.
[2025-08-17 04:33:55] [ACCESS_ATTEMPT] User 'suthan@jobhunt.top' (Role: 'super_admin') attempting to access view: 'post_job'.
[2025-08-17 04:33:57] [JOB_POST_SUCCESS] Job ID '1755385437_4027' (Title: 'Network Engineer 11') posted successfully by 'suthan@jobhunt.top'.
[2025-08-17 04:33:57] [AI_IMAGE_WARNING] GD library not available. Cannot create placeholder image for job ID '1755385437_4027'.
[2025-08-17 04:33:57] [ACCESS_ATTEMPT] User 'suthan@jobhunt.top' (Role: 'super_admin') attempting to access view: 'post_job'.
[2025-08-17 04:38:41] [ACCESS_ATTEMPT] User 'suthan@jobhunt.top' (Role: 'super_admin') attempting to access view: 'generate_message'.
[2025-08-17 04:38:41] [ACCESS_GRANTED] User 'suthan@jobhunt.top' accessed 'generate_message' view. WhatsApp generated: Yes. Telegram generated: Yes.
[2025-08-17 04:39:04] [ACCESS_ATTEMPT] User 'suthan@jobhunt.top' (Role: 'super_admin') attempting to access view: 'generate_message'.
[2025-08-17 04:39:04] [ACCESS_GRANTED] User 'suthan@jobhunt.top' accessed 'generate_message' view. WhatsApp generated: Yes. Telegram generated: Yes.
[2025-08-17 04:39:07] [ACCESS_ATTEMPT] User 'suthan@jobhunt.top' (Role: 'super_admin') attempting to access view: 'generate_message'.
[2025-08-17 04:39:07] [ACCESS_GRANTED] User 'suthan@jobhunt.top' accessed 'generate_message' view. WhatsApp generated: Yes. Telegram generated: Yes.
[2025-08-17 04:39:08] [ACCESS_ATTEMPT] User 'suthan@jobhunt.top' (Role: 'super_admin') attempting to access view: 'generate_message'.
[2025-08-17 04:39:08] [ACCESS_GRANTED] User 'suthan@jobhunt.top' accessed 'generate_message' view. WhatsApp generated: Yes. Telegram generated: Yes.
[2025-08-17 04:39:25] [ACCESS_ATTEMPT] User 'suthan@jobhunt.top' (Role: 'super_admin') attempting to access view: 'generate_message'.
[2025-08-17 04:39:25] [ACCESS_GRANTED] User 'suthan@jobhunt.top' accessed 'generate_message' view. WhatsApp generated: Yes. Telegram generated: Yes.
[2025-08-17 04:39:31] [ACCESS_ATTEMPT] User 'suthan@jobhunt.top' (Role: 'super_admin') attempting to access view: 'messages'.
[2025-08-17 04:39:31] [ACCESS_GRANTED] User 'suthan@jobhunt.top' accessed 'messages' view.
[2025-08-17 04:39:36] [ACCESS_ATTEMPT] User 'suthan@jobhunt.top' (Role: 'super_admin') attempting to access view: 'messages'.
[2025-08-17 04:39:36] [ACCESS_GRANTED] User 'suthan@jobhunt.top' accessed 'messages' view.
[2025-08-17 04:39:37] [ACCESS_ATTEMPT] User 'suthan@jobhunt.top' (Role: 'super_admin') attempting to access view: 'manage_jobs'.
[2025-08-17 04:39:38] [ACCESS_ATTEMPT] User 'suthan@jobhunt.top' (Role: 'super_admin') attempting to access view: 'generate_message'.
[2025-08-17 04:39:38] [ACCESS_GRANTED] User 'suthan@jobhunt.top' accessed 'generate_message' view. WhatsApp generated: Yes. Telegram generated: Yes.
[2025-08-17 04:40:23] [ACCESS_ATTEMPT] User 'suthan@jobhunt.top' (Role: 'super_admin') attempting to access view: 'generate_message'.
[2025-08-17 04:40:23] [ACCESS_GRANTED] User 'suthan@jobhunt.top' accessed 'generate_message' view. WhatsApp generated: Yes. Telegram generated: Yes.
[2025-08-17 04:40:58] [ACCESS_ATTEMPT] User 'suthan@jobhunt.top' (Role: 'super_admin') attempting to access view: 'generate_message'.
[2025-08-17 04:40:58] [ACCESS_GRANTED] User 'suthan@jobhunt.top' accessed 'generate_message' view. WhatsApp generated: Yes. Telegram generated: Yes.
[2025-08-17 04:42:35] [ACCESS_ATTEMPT] User 'suthan@jobhunt.top' (Role: 'super_admin') attempting to access view: 'generate_message'.
[2025-08-17 04:42:35] [ACCESS_GRANTED] User 'suthan@jobhunt.top' accessed 'generate_message' view. WhatsApp generated: Yes. Telegram generated: Yes.
[2025-08-17 04:45:04] [ACCESS_ATTEMPT] User 'suthan@jobhunt.top' (Role: 'super_admin') attempting to access view: 'generate_message'.
[2025-08-17 04:45:04] [ACCESS_GRANTED] User 'suthan@jobhunt.top' accessed 'generate_message' view. WhatsApp generated: Yes. Telegram generated: Yes.
[2025-08-18 12:33:14] [AUTH_SUCCESS] User 'suthan@jobhunt.top' logged in successfully. Role: 'super_admin'.
[2025-08-18 12:33:15] [ACCESS_ATTEMPT] User 'suthan@jobhunt.top' (Role: 'super_admin') attempting to access view: 'dashboard_overview'.
[2025-08-18 12:33:19] [ACCESS_ATTEMPT] User 'suthan@jobhunt.top' (Role: 'super_admin') attempting to access view: 'manage_jobs'.
[2025-08-18 12:33:23] [ACCESS_ATTEMPT] User 'suthan@jobhunt.top' (Role: 'super_admin') attempting to access view: 'post_job'.
[2025-08-18 12:33:38] [AI_SUMMARY_SKIP] AI Summary generation skipped for job 'Network Engineer 12': API Key is placeholder or empty.
[2025-08-18 12:33:41] [AI_SUMMARY_SUCCESS] AI summary generated successfully for job 'Network Engineer 12'.
[2025-08-18 12:33:41] [JOB_POST_REVIEW_READY] Job post by 'suthan@jobhunt.top' (Title: 'Network Engineer 12') ready for review.
[2025-08-18 12:33:41] [ACCESS_ATTEMPT] User 'suthan@jobhunt.top' (Role: 'super_admin') attempting to access view: 'post_job'.
[2025-08-18 12:33:45] [JOB_POST_SUCCESS] Job ID '1755500625_7973' (Title: 'Network Engineer 12') posted successfully by 'suthan@jobhunt.top'.
[2025-08-18 12:33:45] [AI_IMAGE_WARNING] GD library not available. Cannot create placeholder image for job ID '1755500625_7973'.
[2025-08-18 12:33:45] [ACCESS_ATTEMPT] User 'suthan@jobhunt.top' (Role: 'super_admin') attempting to access view: 'post_job'.
[2025-08-18 12:39:58] [ACCESS_ATTEMPT] User 'suthan@jobhunt.top' (Role: 'super_admin') attempting to access view: 'post_job'.
[2025-08-18 12:40:05] [AI_SUMMARY_SKIP] AI Summary generation skipped for job 'Network Engineer 13': API Key is placeholder or empty.
[2025-08-18 12:40:08] [AI_SUMMARY_SUCCESS] AI summary generated successfully for job 'Network Engineer 13'.
[2025-08-18 12:40:08] [JOB_POST_REVIEW_READY] Job post by 'suthan@jobhunt.top' (Title: 'Network Engineer 13') ready for review.
[2025-08-18 12:40:08] [ACCESS_ATTEMPT] User 'suthan@jobhunt.top' (Role: 'super_admin') attempting to access view: 'post_job'.
[2025-08-18 12:40:12] [JOB_POST_SUCCESS] Job ID '1755501012_5428' (Title: 'Network Engineer 13') posted successfully by 'suthan@jobhunt.top'.
[2025-08-18 12:40:12] [AI_IMAGE_WARNING] GD library not available. Cannot create placeholder image for job ID '1755501012_5428'.
[2025-08-18 12:40:12] [ACCESS_ATTEMPT] User 'suthan@jobhunt.top' (Role: 'super_admin') attempting to access view: 'post_job'.
[2025-08-18 12:46:15] [ACCESS_ATTEMPT] User 'suthan@jobhunt.top' (Role: 'super_admin') attempting to access view: 'post_job'.
[2025-08-18 12:46:26] [AI_SUMMARY_SKIP] AI Summary generation skipped for job 'Network Engineer 14': API Key is placeholder or empty.
[2025-08-18 12:46:30] [AI_SUMMARY_SUCCESS] AI summary generated successfully for job 'Network Engineer 14'.
[2025-08-18 12:46:30] [JOB_POST_REVIEW_READY] Job post by 'suthan@jobhunt.top' (Title: 'Network Engineer 14') ready for review.
[2025-08-18 12:46:30] [ACCESS_ATTEMPT] User 'suthan@jobhunt.top' (Role: 'super_admin') attempting to access view: 'post_job'.
[2025-08-18 12:46:32] [JOB_POST_SUCCESS] Job ID '1755501392_3900' (Title: 'Network Engineer 14') posted successfully by 'suthan@jobhunt.top'.
[2025-08-18 12:46:32] [AI_IMAGE_WARNING] GD library not available. Cannot create placeholder image for job ID '1755501392_3900'.
[2025-08-18 12:46:32] [ACCESS_ATTEMPT] User 'suthan@jobhunt.top' (Role: 'super_admin') attempting to access view: 'post_job'.
[2025-08-18 12:47:55] [ACCESS_ATTEMPT] User 'suthan@jobhunt.top' (Role: 'super_admin') attempting to access view: 'generate_message'.
[2025-08-18 12:47:55] [ACCESS_GRANTED] User 'suthan@jobhunt.top' accessed 'generate_message' view. WhatsApp generated: Yes. Telegram generated: Yes.
[2025-08-18 13:02:33] [ACCESS_ATTEMPT] User 'suthan@jobhunt.top' (Role: 'super_admin') attempting to access view: 'post_job'.
[2025-08-18 13:02:49] [AI_SUMMARY_SKIP] AI Summary generation skipped for job 'Network Engineer 15': API Key is placeholder or empty.
[2025-08-18 13:02:52] [AI_SUMMARY_SUCCESS] AI summary generated successfully for job 'Network Engineer 15'.
[2025-08-18 13:02:52] [JOB_POST_REVIEW_READY] Job post by 'suthan@jobhunt.top' (Title: 'Network Engineer 15') ready for review.
[2025-08-18 13:02:52] [ACCESS_ATTEMPT] User 'suthan@jobhunt.top' (Role: 'super_admin') attempting to access view: 'post_job'.
[2025-08-18 13:02:56] [JOB_POST_SUCCESS] Job ID '1755502376_4811' (Title: 'Network Engineer 15') posted successfully by 'suthan@jobhunt.top'.
[2025-08-18 13:02:56] [AI_IMAGE_WARNING] GD library not available. Cannot create placeholder image for job ID '1755502376_4811'.
[2025-08-18 13:02:56] [ACCESS_ATTEMPT] User 'suthan@jobhunt.top' (Role: 'super_admin') attempting to access view: 'post_job'.
[2025-08-18 13:04:41] [ACCESS_ATTEMPT] User 'suthan@jobhunt.top' (Role: 'super_admin') attempting to access view: 'manage_jobs'.
[2025-08-18 13:11:01] [ACCESS_ATTEMPT] User 'suthan@jobhunt.top' (Role: 'super_admin') attempting to access view: 'manage_jobs'.
[2025-08-18 13:11:01] [ACCESS_ATTEMPT] User 'suthan@jobhunt.top' (Role: 'super_admin') attempting to access view: 'manage_jobs'.
[2025-08-18 13:11:23] [ACCESS_ATTEMPT] User 'suthan@jobhunt.top' (Role: 'super_admin') attempting to access view: 'edit_job'.
[2025-08-18 13:11:37] [ACCESS_ATTEMPT] User 'suthan@jobhunt.top' (Role: 'super_admin') attempting to access view: 'manage_jobs'.
[2025-08-18 13:13:55] [ACCESS_ATTEMPT] User 'suthan@jobhunt.top' (Role: 'super_admin') attempting to access view: 'manage_jobs'.
[2025-08-18 13:16:42] [ACCESS_ATTEMPT] User 'suthan@jobhunt.top' (Role: 'super_admin') attempting to access view: 'edit_job'.
[2025-08-18 13:16:47] [ACCESS_ATTEMPT] User 'suthan@jobhunt.top' (Role: 'super_admin') attempting to access view: 'manage_jobs'.
[2025-08-18 13:18:51] [ACCESS_ATTEMPT] User 'suthan@jobhunt.top' (Role: 'super_admin') attempting to access view: 'manage_jobs'.
[2025-08-19 02:18:09] [ACCESS_ATTEMPT] User 'suthan@jobhunt.top' (Role: 'super_admin') attempting to access view: 'manage_jobs'.
[2025-08-19 02:18:13] [ACCESS_ATTEMPT] User 'suthan@jobhunt.top' (Role: 'super_admin') attempting to access view: 'post_job'.
[2025-08-19 02:24:44] [ACCESS_ATTEMPT] User 'suthan@jobhunt.top' (Role: 'super_admin') attempting to access view: 'post_job'.
[2025-08-19 02:33:47] [ACCESS_ATTEMPT] User 'suthan@jobhunt.top' (Role: 'super_admin') attempting to access view: 'post_job'.
[2025-08-19 02:45:24] [ACCESS_ATTEMPT] User 'suthan@jobhunt.top' (Role: 'super_admin') attempting to access view: 'post_job'.
[2025-08-19 02:45:44] [ACCESS_ATTEMPT] User 'suthan@jobhunt.top' (Role: 'super_admin') attempting to access view: 'post_job'.
[2025-08-19 02:46:13] [ACCESS_ATTEMPT] User 'suthan@jobhunt.top' (Role: 'super_admin') attempting to access view: 'post_job'.
[2025-08-19 02:46:14] [ACCESS_ATTEMPT] User 'suthan@jobhunt.top' (Role: 'super_admin') attempting to access view: 'post_job'.
[2025-08-19 02:46:14] [ACCESS_ATTEMPT] User 'suthan@jobhunt.top' (Role: 'super_admin') attempting to access view: 'post_job'.
[2025-08-19 02:47:21] [ACCESS_ATTEMPT] User 'suthan@jobhunt.top' (Role: 'super_admin') attempting to access view: 'post_job'.
[2025-08-19 02:47:22] [ACCESS_ATTEMPT] User 'suthan@jobhunt.top' (Role: 'super_admin') attempting to access view: 'post_job'.
[2025-08-19 02:47:22] [ACCESS_ATTEMPT] User 'suthan@jobhunt.top' (Role: 'super_admin') attempting to access view: 'post_job'.
[2025-08-19 02:48:54] [ACCESS_ATTEMPT] User 'suthan@jobhunt.top' (Role: 'super_admin') attempting to access view: 'post_job'.
[2025-08-19 02:52:08] [ACCESS_ATTEMPT] User 'suthan@jobhunt.top' (Role: 'super_admin') attempting to access view: 'post_job'.
[2025-08-19 02:55:54] [ACCESS_ATTEMPT] User 'suthan@jobhunt.top' (Role: 'super_admin') attempting to access view: 'post_job'.
[2025-08-19 02:59:20] [ACCESS_ATTEMPT] User 'suthan@jobhunt.top' (Role: 'super_admin') attempting to access view: 'post_job'.
[2025-08-19 03:04:04] [ACCESS_ATTEMPT] User 'suthan@jobhunt.top' (Role: 'super_admin') attempting to access view: 'post_job'.
[2025-08-19 03:04:26] [ACCESS_ATTEMPT] User 'suthan@jobhunt.top' (Role: 'super_admin') attempting to access view: 'post_job'.
[2025-08-19 03:07:05] [ACCESS_ATTEMPT] User 'suthan@jobhunt.top' (Role: 'super_admin') attempting to access view: 'post_job'.
[2025-08-19 03:08:47] [ACCESS_ATTEMPT] User 'suthan@jobhunt.top' (Role: 'super_admin') attempting to access view: 'post_job'.
[2025-08-19 03:12:44] [ACCESS_ATTEMPT] User 'suthan@jobhunt.top' (Role: 'super_admin') attempting to access view: 'post_job'.
[2025-08-19 03:13:08] [ACCESS_ATTEMPT] User 'suthan@jobhunt.top' (Role: 'super_admin') attempting to access view: 'post_job'.
[2025-08-19 03:15:35] [ACCESS_ATTEMPT] User 'suthan@jobhunt.top' (Role: 'super_admin') attempting to access view: 'post_job'.
[2025-08-19 03:19:10] [ACCESS_ATTEMPT] User 'suthan@jobhunt.top' (Role: 'super_admin') attempting to access view: 'post_job'.
[2025-08-19 03:19:58] [AUTH_SUCCESS] User 'suthan@jobhunt.top' logged in successfully. Role: 'super_admin'.
[2025-08-19 03:19:58] [ACCESS_ATTEMPT] User 'suthan@jobhunt.top' (Role: 'super_admin') attempting to access view: 'dashboard_overview'.
[2025-08-19 03:20:02] [ACCESS_ATTEMPT] User 'suthan@jobhunt.top' (Role: 'super_admin') attempting to access view: 'manage_jobs'.
[2025-08-19 03:20:04] [ACCESS_ATTEMPT] User 'suthan@jobhunt.top' (Role: 'super_admin') attempting to access view: 'post_job'.
[2025-08-19 03:22:17] [ACCESS_ATTEMPT] User 'suthan@jobhunt.top' (Role: 'super_admin') attempting to access view: 'post_job'.
[2025-08-19 03:24:41] [ACCESS_ATTEMPT] User 'suthan@jobhunt.top' (Role: 'super_admin') attempting to access view: 'post_job'.
[2025-08-19 03:30:19] [ACCESS_ATTEMPT] User 'suthan@jobhunt.top' (Role: 'super_admin') attempting to access view: 'post_job'.
[2025-08-19 03:32:25] [ACCESS_ATTEMPT] User 'suthan@jobhunt.top' (Role: 'super_admin') attempting to access view: 'manage_jobs'.
[2025-08-19 03:32:28] [ACCESS_ATTEMPT] User 'suthan@jobhunt.top' (Role: 'super_admin') attempting to access view: 'post_job'.
[2025-08-19 03:33:13] [AUTH_SUCCESS] User 'suthan@jobhunt.top' logged in successfully. Role: 'super_admin'.
[2025-08-19 03:33:13] [ACCESS_ATTEMPT] User 'suthan@jobhunt.top' (Role: 'super_admin') attempting to access view: 'dashboard_overview'.
[2025-08-19 03:33:20] [ACCESS_ATTEMPT] User 'suthan@jobhunt.top' (Role: 'super_admin') attempting to access view: 'manage_users'.
[2025-08-19 03:33:20] [ACCESS_GRANTED] User 'suthan@jobhunt.top' accessed 'manage_users' view.
[2025-08-19 03:33:23] [ACCESS_ATTEMPT] User 'suthan@jobhunt.top' (Role: 'super_admin') attempting to access view: 'manage_jobs'.
[2025-08-19 03:33:24] [ACCESS_ATTEMPT] User 'suthan@jobhunt.top' (Role: 'super_admin') attempting to access view: 'post_job'.
[2025-08-19 03:40:29] [ACCESS_ATTEMPT] User 'suthan@jobhunt.top' (Role: 'super_admin') attempting to access view: 'post_job'.
[2025-08-19 03:42:40] [ACCESS_ATTEMPT] User 'suthan@jobhunt.top' (Role: 'super_admin') attempting to access view: 'post_job'.
[2025-08-19 03:45:32] [ACCESS_ATTEMPT] User 'suthan@jobhunt.top' (Role: 'super_admin') attempting to access view: 'post_job'.
[2025-08-19 03:50:27] [ACCESS_ATTEMPT] User 'suthan@jobhunt.top' (Role: 'super_admin') attempting to access view: 'post_job'.
[2025-08-19 03:53:11] [ACCESS_ATTEMPT] User 'suthan@jobhunt.top' (Role: 'super_admin') attempting to access view: 'post_job'.
[2025-08-19 03:55:25] [ACCESS_ATTEMPT] User 'suthan@jobhunt.top' (Role: 'super_admin') attempting to access view: 'post_job'.
[2025-08-19 03:58:18] [ACCESS_ATTEMPT] User 'suthan@jobhunt.top' (Role: 'super_admin') attempting to access view: 'post_job'.
[2025-08-19 04:23:18] [ACCESS_ATTEMPT] User 'suthan@jobhunt.top' (Role: 'super_admin') attempting to access view: 'post_job'.
[2025-08-19 04:25:18] [AI_SUMMARY_SKIP] AI Summary generation skipped for job 'Network Engineer 16': API Key is placeholder or empty.
[2025-08-19 04:25:22] [AI_SUMMARY_SUCCESS] AI summary generated successfully for job 'Network Engineer 16'.
[2025-08-19 04:25:22] [JOB_POST_REVIEW_READY] Job post by 'suthan@jobhunt.top' (Title: 'Network Engineer 16') ready for review.
[2025-08-19 04:25:22] [ACCESS_ATTEMPT] User 'suthan@jobhunt.top' (Role: 'super_admin') attempting to access view: 'post_job'.
[2025-08-19 04:25:40] [ACCESS_ATTEMPT] User 'suthan@jobhunt.top' (Role: 'super_admin') attempting to access view: 'post_job'.
[2025-08-19 04:25:41] [ACCESS_ATTEMPT] User 'suthan@jobhunt.top' (Role: 'super_admin') attempting to access view: 'post_job'.
[2025-08-19 04:25:44] [ACCESS_ATTEMPT] User 'suthan@jobhunt.top' (Role: 'super_admin') attempting to access view: 'post_job'.
[2025-08-19 04:25:49] [ACCESS_ATTEMPT] User 'suthan@jobhunt.top' (Role: 'super_admin') attempting to access view: 'post_job'.
[2025-08-19 04:26:04] [ACCESS_ATTEMPT] User 'suthan@jobhunt.top' (Role: 'super_admin') attempting to access view: 'post_job'.
[2025-08-19 04:56:26] [ACCESS_ATTEMPT] User 'suthan@jobhunt.top' (Role: 'super_admin') attempting to access view: 'post_job'.
[2025-08-19 04:57:02] [ACCESS_ATTEMPT] User 'suthan@jobhunt.top' (Role: 'super_admin') attempting to access view: 'post_job'.
[2025-08-23 19:32:49] [ACCESS_ATTEMPT] User 'suthan@jobhunt.top' (Role: 'super_admin') attempting to access view: 'post_job'.
[2025-08-23 19:33:02] [AI_SUMMARY_SKIP] AI Summary generation skipped for job 'Hari 41a': API Key is placeholder or empty.
[2025-08-23 19:33:02] [AI_SUMMARY_ERROR] AI summary generation FAILED for job 'Hari 41a'. API HTTP Code: 429. Response: {  "error": {    "code": 429,    "message": "Quota exceeded for quota metric 'Generate Content API requests per minute' and limit 'GenerateContent request limit per minute for a region' of service 'generativelanguage.googleapis.com' for consumer 'project_number:1037494597970'.",    "status": "RESOURCE_EXHAUSTED",    "details": [      {        "@type": "type.googleapis.com/google.rpc.ErrorInfo",        "reason": "RATE_LIMIT_EXCEEDED",        "domain": "googleapis.com",        "metadata": {          "quota_metric": "generativelanguage.googleapis.com/generate_content_requests",          "quota_location": "europe-west1",          "consumer": "projects/1037494597970",          "quota_limit_value": "0",          "quota_limit": "GenerateContentRequestsPerMinutePerProjectPerRegion",          "quota_unit": "1/min/{project}/{region}",          "service": "generativelanguage.googleapis.com"        }      },      {        "@type": "type.googleapis.com/google.rpc.Help",        "links": [          {            "description": "Request a higher quota limit.",            "url": "https://cloud.google.com/docs/quotas/help/request_increase"          }        ]      }    ]  }}
[2025-08-23 19:33:02] [JOB_POST_REVIEW_READY] Job post by 'suthan@jobhunt.top' (Title: 'Hari 41a') ready for review.
[2025-08-23 19:33:02] [ACCESS_ATTEMPT] User 'suthan@jobhunt.top' (Role: 'super_admin') attempting to access view: 'post_job'.
[2025-08-23 19:33:10] [ACCESS_ATTEMPT] User 'suthan@jobhunt.top' (Role: 'super_admin') attempting to access view: 'post_job'.
[2025-08-23 19:36:30] [ACCESS_ATTEMPT] User 'suthan@jobhunt.top' (Role: 'super_admin') attempting to access view: 'post_job'.
[2025-08-23 19:36:31] [ACCESS_ATTEMPT] User 'suthan@jobhunt.top' (Role: 'super_admin') attempting to access view: 'post_job'.
[2025-08-23 19:36:33] [ACCESS_ATTEMPT] User 'suthan@jobhunt.top' (Role: 'super_admin') attempting to access view: 'post_job'.
[2025-08-23 19:36:34] [AI_SUMMARY_SKIP] AI Summary generation skipped for job 'Hari 41a': API Key is placeholder or empty.
[2025-08-23 19:36:37] [AI_SUMMARY_SUCCESS] AI summary generated successfully for job 'Hari 41a'.
[2025-08-23 19:36:37] [JOB_POST_REVIEW_READY] Job post by 'suthan@jobhunt.top' (Title: 'Hari 41a') ready for review.
[2025-08-23 19:36:37] [ACCESS_ATTEMPT] User 'suthan@jobhunt.top' (Role: 'super_admin') attempting to access view: 'post_job'.
[2025-08-23 19:45:48] [ACCESS_ATTEMPT] User 'suthan@jobhunt.top' (Role: 'super_admin') attempting to access view: 'server_management'.
[2025-08-23 19:45:48] [ACCESS_GRANTED] User 'suthan@jobhunt.top' accessed 'server_management' view.
[2025-08-23 19:54:07] [ACCESS_ATTEMPT] User 'suthan@jobhunt.top' (Role: 'super_admin') attempting to access view: 'server_management'.
[2025-08-23 19:54:07] [ACCESS_GRANTED] User 'suthan@jobhunt.top' accessed 'server_management' view.
[2025-08-23 19:55:49] [ACCESS_ATTEMPT] User 'suthan@jobhunt.top' (Role: 'super_admin') attempting to access view: 'server_management'.
[2025-08-23 19:55:49] [ACCESS_GRANTED] User 'suthan@jobhunt.top' accessed 'server_management' view.
[2025-08-23 19:55:54] [ACCESS_ATTEMPT] User 'suthan@jobhunt.top' (Role: 'super_admin') attempting to access view: 'server_management'.
[2025-08-23 19:55:54] [ACCESS_GRANTED] User 'suthan@jobhunt.top' accessed 'server_management' view.
[2025-08-23 19:59:21] [ACCESS_ATTEMPT] User 'suthan@jobhunt.top' (Role: 'super_admin') attempting to access view: 'server_management'.
[2025-08-23 19:59:21] [ACCESS_GRANTED] User 'suthan@jobhunt.top' accessed 'server_management' view.
[2025-08-23 19:59:22] [ACCESS_ATTEMPT] User 'suthan@jobhunt.top' (Role: 'super_admin') attempting to access view: 'server_management'.
[2025-08-23 19:59:22] [ACCESS_GRANTED] User 'suthan@jobhunt.top' accessed 'server_management' view.
[2025-08-23 20:00:05] [ACCESS_ATTEMPT] User 'suthan@jobhunt.top' (Role: 'super_admin') attempting to access view: 'server_management'.
[2025-08-23 20:00:05] [ACCESS_GRANTED] User 'suthan@jobhunt.top' accessed 'server_management' view.
[2025-08-23 20:00:36] [ACCESS_ATTEMPT] User 'suthan@jobhunt.top' (Role: 'super_admin') attempting to access view: 'server_management'.
[2025-08-23 20:00:36] [ACCESS_GRANTED] User 'suthan@jobhunt.top' accessed 'server_management' view.
[2025-08-23 20:02:58] [ACCESS_ATTEMPT] User 'suthan@jobhunt.top' (Role: 'super_admin') attempting to access view: 'server_management'.
[2025-08-23 20:02:58] [ACCESS_GRANTED] User 'suthan@jobhunt.top' accessed 'server_management' view.
[2025-08-23 20:03:07] [ACCESS_ATTEMPT] User 'suthan@jobhunt.top' (Role: 'super_admin') attempting to access view: 'server_management'.
[2025-08-23 20:03:07] [ACCESS_GRANTED] User 'suthan@jobhunt.top' accessed 'server_management' view.
[2025-08-23 20:07:23] [ACCESS_ATTEMPT] User 'suthan@jobhunt.top' (Role: 'super_admin') attempting to access view: 'server_management'.
[2025-08-23 20:07:23] [ACCESS_GRANTED] User 'suthan@jobhunt.top' accessed 'server_management' view.
[2025-08-23 20:07:24] [ACCESS_ATTEMPT] User 'suthan@jobhunt.top' (Role: 'super_admin') attempting to access view: 'server_management'.
[2025-08-23 20:07:24] [ACCESS_GRANTED] User 'suthan@jobhunt.top' accessed 'server_management' view.
[2025-08-23 20:07:34] [ACCESS_ATTEMPT] User 'suthan@jobhunt.top' (Role: 'super_admin') attempting to access view: 'server_management'.
[2025-08-23 20:07:34] [ACCESS_GRANTED] User 'suthan@jobhunt.top' accessed 'server_management' view.
[2025-08-23 20:07:53] [ACCESS_ATTEMPT] User 'suthan@jobhunt.top' (Role: 'super_admin') attempting to access view: 'server_management'.
[2025-08-23 20:07:53] [ACCESS_GRANTED] User 'suthan@jobhunt.top' accessed 'server_management' view.
[2025-08-23 20:08:02] [ACCESS_ATTEMPT] User 'suthan@jobhunt.top' (Role: 'super_admin') attempting to access view: 'server_management'.
[2025-08-23 20:08:02] [ACCESS_GRANTED] User 'suthan@jobhunt.top' accessed 'server_management' view.
[2025-08-23 20:08:21] [ACCESS_ATTEMPT] User 'suthan@jobhunt.top' (Role: 'super_admin') attempting to access view: 'server_management'.
[2025-08-23 20:08:21] [ACCESS_GRANTED] User 'suthan@jobhunt.top' accessed 'server_management' view.
[2025-08-23 20:14:10] [ACCESS_ATTEMPT] User 'suthan@jobhunt.top' (Role: 'super_admin') attempting to access view: 'server_management'.
[2025-08-23 20:14:10] [ACCESS_GRANTED] User 'suthan@jobhunt.top' accessed 'server_management' view.
[2025-08-23 20:14:18] [ACCESS_ATTEMPT] User 'suthan@jobhunt.top' (Role: 'super_admin') attempting to access view: 'server_management'.
[2025-08-23 20:14:18] [ACCESS_GRANTED] User 'suthan@jobhunt.top' accessed 'server_management' view.
[2025-08-23 20:14:48] [ACCESS_ATTEMPT] User 'suthan@jobhunt.top' (Role: 'super_admin') attempting to access view: 'server_management'.
[2025-08-23 20:14:48] [ACCESS_GRANTED] User 'suthan@jobhunt.top' accessed 'server_management' view.
[2025-08-23 20:14:59] [ACCESS_ATTEMPT] User 'suthan@jobhunt.top' (Role: 'super_admin') attempting to access view: 'server_management'.
[2025-08-23 20:14:59] [ACCESS_GRANTED] User 'suthan@jobhunt.top' accessed 'server_management' view.
[2025-08-23 20:18:29] [ACCESS_ATTEMPT] User 'suthan@jobhunt.top' (Role: 'super_admin') attempting to access view: 'server_management'.
[2025-08-23 20:18:29] [ACCESS_GRANTED] User 'suthan@jobhunt.top' accessed 'server_management' view.
[2025-08-23 20:18:38] [AUTH_INFO] User 'suthan@jobhunt.top' logged out.
[2025-08-23 20:18:42] [AUTH_SUCCESS] User 'suthan@jobhunt.top' logged in successfully. Role: 'super_admin'.
[2025-08-23 20:18:42] [ACCESS_ATTEMPT] User 'suthan@jobhunt.top' (Role: 'super_admin') attempting to access view: 'dashboard_overview'.
[2025-08-23 20:18:46] [ACCESS_ATTEMPT] User 'suthan@jobhunt.top' (Role: 'super_admin') attempting to access view: 'server_management'.
[2025-08-23 20:18:46] [ACCESS_GRANTED] User 'suthan@jobhunt.top' accessed 'server_management' view.
[2025-08-23 20:20:01] [ACCESS_ATTEMPT] User 'suthan@jobhunt.top' (Role: 'super_admin') attempting to access view: 'server_management'.
[2025-08-23 20:20:01] [ACCESS_GRANTED] User 'suthan@jobhunt.top' accessed 'server_management' view.
[2025-08-23 20:20:12] [ACCESS_ATTEMPT] User 'suthan@jobhunt.top' (Role: 'super_admin') attempting to access view: 'server_management'.
[2025-08-23 20:20:12] [ACCESS_GRANTED] User 'suthan@jobhunt.top' accessed 'server_management' view.
[2025-08-23 20:26:35] [ACCESS_ATTEMPT] User 'suthan@jobhunt.top' (Role: 'super_admin') attempting to access view: 'server_management'.
[2025-08-23 20:26:35] [ACCESS_GRANTED] User 'suthan@jobhunt.top' accessed 'server_management' view.
[2025-08-23 20:31:52] [ACCESS_ATTEMPT] User 'suthan@jobhunt.top' (Role: 'super_admin') attempting to access view: 'messages'.
[2025-08-23 20:31:52] [ACCESS_GRANTED] User 'suthan@jobhunt.top' accessed 'messages' view.
[2025-09-01 23:47:57] [ACCESS_ATTEMPT] User 'suthan@jobhunt.top' (Role: 'super_admin') attempting to access view: 'post_job'.
[2025-09-29 00:59:14] [ACCESS_ATTEMPT] User 'suthan@jobhunt.top' (Role: 'super_admin') attempting to access view: 'post_job'.
[2025-09-29 01:04:21] [ACCESS_ATTEMPT] User 'suthan@jobhunt.top' (Role: 'super_admin') attempting to access view: 'post_job'.
[2025-09-29 01:10:30] [ACCESS_ATTEMPT] User 'suthan@jobhunt.top' (Role: 'super_admin') attempting to access view: 'post_job'.
[2025-09-29 01:10:47] [ACCESS_ATTEMPT] User 'suthan@jobhunt.top' (Role: 'super_admin') attempting to access view: 'post_job'.
[2025-09-29 01:14:27] [ACCESS_ATTEMPT] User 'suthan@jobhunt.top' (Role: 'super_admin') attempting to access view: 'post_job'.
[2025-09-29 01:15:53] [ACCESS_ATTEMPT] User 'suthan@jobhunt.top' (Role: 'super_admin') attempting to access view: 'post_job'.
[2025-09-29 01:16:02] [ACCESS_ATTEMPT] User 'suthan@jobhunt.top' (Role: 'super_admin') attempting to access view: 'post_job'.
[2025-09-29 01:16:38] [ACCESS_ATTEMPT] User 'suthan@jobhunt.top' (Role: 'super_admin') attempting to access view: 'post_job'.
[2025-09-29 01:17:02] [ACCESS_ATTEMPT] User 'suthan@jobhunt.top' (Role: 'super_admin') attempting to access view: 'post_job'.
[2025-09-29 01:18:43] [ACCESS_ATTEMPT] User 'suthan@jobhunt.top' (Role: 'super_admin') attempting to access view: 'post_job'.
[2025-09-29 01:25:37] [ACCESS_ATTEMPT] User 'suthan@jobhunt.top' (Role: 'super_admin') attempting to access view: 'post_job'.
[2025-09-29 01:30:54] [ACCESS_ATTEMPT] User 'suthan@jobhunt.top' (Role: 'super_admin') attempting to access view: 'post_job'.
[2025-09-29 01:32:18] [ACCESS_ATTEMPT] User 'suthan@jobhunt.top' (Role: 'super_admin') attempting to access view: 'post_job'.
[2025-09-29 01:32:36] [ACCESS_ATTEMPT] User 'suthan@jobhunt.top' (Role: 'super_admin') attempting to access view: 'post_job'.
[2025-09-29 01:32:38] [ACCESS_ATTEMPT] User 'suthan@jobhunt.top' (Role: 'super_admin') attempting to access view: 'post_job'.
[2025-09-29 01:32:42] [ACCESS_ATTEMPT] User 'suthan@jobhunt.top' (Role: 'super_admin') attempting to access view: 'post_job'.
[2025-09-29 01:37:00] [ACCESS_ATTEMPT] User 'suthan@jobhunt.top' (Role: 'super_admin') attempting to access view: 'post_job'.
[2025-09-29 01:37:45] [ACCESS_ATTEMPT] User 'suthan@jobhunt.top' (Role: 'super_admin') attempting to access view: 'post_job'.
[2025-09-29 01:38:13] [ACCESS_ATTEMPT] User 'suthan@jobhunt.top' (Role: 'super_admin') attempting to access view: 'post_job'.
[2025-09-29 01:41:21] [ACCESS_ATTEMPT] User 'suthan@jobhunt.top' (Role: 'super_admin') attempting to access view: 'post_job'.
[2025-09-29 01:42:42] [ACCESS_ATTEMPT] User 'suthan@jobhunt.top' (Role: 'super_admin') attempting to access view: 'post_job'.
[2025-09-29 01:42:43] [ACCESS_ATTEMPT] User 'suthan@jobhunt.top' (Role: 'super_admin') attempting to access view: 'post_job'.
[2025-09-29 01:59:34] [ACCESS_ATTEMPT] User 'suthan@jobhunt.top' (Role: 'super_admin') attempting to access view: 'post_job'.
[2025-09-29 01:59:58] [ACCESS_ATTEMPT] User 'suthan@jobhunt.top' (Role: 'super_admin') attempting to access view: 'post_job'.
[2025-09-29 02:02:00] [ACCESS_ATTEMPT] User 'suthan@jobhunt.top' (Role: 'super_admin') attempting to access view: 'post_job'.
[2025-09-29 02:02:27] [ACCESS_ATTEMPT] User 'suthan@jobhunt.top' (Role: 'super_admin') attempting to access view: 'post_job'.
[2025-09-29 02:04:45] [ACCESS_ATTEMPT] User 'suthan@jobhunt.top' (Role: 'super_admin') attempting to access view: 'post_job'.
[2025-09-29 02:08:16] [ACCESS_ATTEMPT] User 'suthan@jobhunt.top' (Role: 'super_admin') attempting to access view: 'post_job'.
[2025-09-29 02:09:10] [ACCESS_ATTEMPT] User 'suthan@jobhunt.top' (Role: 'super_admin') attempting to access view: 'post_job'.
[2025-09-29 02:09:43] [AI_SUMMARY_SKIP] AI Summary generation skipped for job 'nd,msa': API Key is placeholder or empty.
[2025-09-29 02:09:45] [AI_SUMMARY_SUCCESS] AI summary generated successfully for job 'nd,msa'.
[2025-09-29 02:09:45] [JOB_POST_REVIEW_READY] Job post by 'suthan@jobhunt.top' (Title: 'nd,msa') ready for review.
[2025-09-29 02:09:45] [ACCESS_ATTEMPT] User 'suthan@jobhunt.top' (Role: 'super_admin') attempting to access view: 'post_job'.
[2025-09-29 02:11:36] [ACCESS_ATTEMPT] User 'suthan@jobhunt.top' (Role: 'super_admin') attempting to access view: 'post_job'.
[2025-09-29 02:14:20] [ACCESS_ATTEMPT] User 'suthan@jobhunt.top' (Role: 'super_admin') attempting to access view: 'post_job'.
[2025-09-29 02:14:52] [ACCESS_ATTEMPT] User 'suthan@jobhunt.top' (Role: 'super_admin') attempting to access view: 'post_job'.
[2025-09-29 02:17:28] [ACCESS_ATTEMPT] User 'suthan@jobhunt.top' (Role: 'super_admin') attempting to access view: 'post_job'.
[2025-09-29 02:17:38] [AI_SUMMARY_SKIP] AI Summary generation skipped for job 'nd,msa': API Key is placeholder or empty.
[2025-09-29 02:17:42] [AI_SUMMARY_SUCCESS] AI summary generated successfully for job 'nd,msa'.
[2025-09-29 02:17:42] [JOB_POST_REVIEW_READY] Job post by 'suthan@jobhunt.top' (Title: 'nd,msa') ready for review.
[2025-09-29 02:17:42] [ACCESS_ATTEMPT] User 'suthan@jobhunt.top' (Role: 'super_admin') attempting to access view: 'post_job'.
[2025-09-29 02:21:00] [ACCESS_ATTEMPT] User 'suthan@jobhunt.top' (Role: 'super_admin') attempting to access view: 'post_job'.
[2025-09-29 02:21:03] [ACCESS_ATTEMPT] User 'suthan@jobhunt.top' (Role: 'super_admin') attempting to access view: 'post_job'.
[2025-09-29 02:22:40] [ACCESS_ATTEMPT] User 'suthan@jobhunt.top' (Role: 'super_admin') attempting to access view: 'post_job'.
[2025-09-29 02:23:11] [AI_SUMMARY_SKIP] AI Summary generation skipped for job 'nd,msa': API Key is placeholder or empty.
[2025-09-29 02:23:14] [AI_SUMMARY_SUCCESS] AI summary generated successfully for job 'nd,msa'.
[2025-09-29 02:23:14] [JOB_POST_REVIEW_READY] Job post by 'suthan@jobhunt.top' (Title: 'nd,msa') ready for review.
[2025-09-29 02:23:14] [ACCESS_ATTEMPT] User 'suthan@jobhunt.top' (Role: 'super_admin') attempting to access view: 'post_job'.
[2025-09-29 02:23:22] [ACCESS_ATTEMPT] User 'suthan@jobhunt.top' (Role: 'super_admin') attempting to access view: 'post_job'.
[2025-09-29 02:23:34] [AI_SUMMARY_SKIP] AI Summary generation skipped for job 'nd,msa': API Key is placeholder or empty.
[2025-09-29 02:23:38] [AI_SUMMARY_SUCCESS] AI summary generated successfully for job 'nd,msa'.
[2025-09-29 02:23:38] [JOB_POST_REVIEW_READY] Job post by 'suthan@jobhunt.top' (Title: 'nd,msa') ready for review.
[2025-09-29 02:23:38] [ACCESS_ATTEMPT] User 'suthan@jobhunt.top' (Role: 'super_admin') attempting to access view: 'post_job'.
[2025-09-29 02:27:37] [ACCESS_ATTEMPT] User 'suthan@jobhunt.top' (Role: 'super_admin') attempting to access view: 'post_job'.
[2025-09-29 02:27:40] [ACCESS_ATTEMPT] User 'suthan@jobhunt.top' (Role: 'super_admin') attempting to access view: 'post_job'.
[2025-09-29 02:27:44] [AI_SUMMARY_SKIP] AI Summary generation skipped for job 'nd,msa': API Key is placeholder or empty.
[2025-09-29 02:27:46] [AI_SUMMARY_SUCCESS] AI summary generated successfully for job 'nd,msa'.
[2025-09-29 02:27:46] [JOB_POST_REVIEW_READY] Job post by 'suthan@jobhunt.top' (Title: 'nd,msa') ready for review.
[2025-09-29 02:27:46] [ACCESS_ATTEMPT] User 'suthan@jobhunt.top' (Role: 'super_admin') attempting to access view: 'post_job'.
[2025-09-29 02:27:48] [ACCESS_ATTEMPT] User 'suthan@jobhunt.top' (Role: 'super_admin') attempting to access view: 'post_job'.
[2025-09-29 02:27:49] [ACCESS_ATTEMPT] User 'suthan@jobhunt.top' (Role: 'super_admin') attempting to access view: 'post_job'.
[2025-09-29 02:27:56] [AI_SUMMARY_SKIP] AI Summary generation skipped for job 'nd,msa': API Key is placeholder or empty.
[2025-09-29 02:28:00] [AI_SUMMARY_SUCCESS] AI summary generated successfully for job 'nd,msa'.
[2025-09-29 02:28:00] [JOB_POST_REVIEW_READY] Job post by 'suthan@jobhunt.top' (Title: 'nd,msa') ready for review.
[2025-09-29 02:28:00] [ACCESS_ATTEMPT] User 'suthan@jobhunt.top' (Role: 'super_admin') attempting to access view: 'post_job'.
[2025-09-29 02:28:04] [JOB_POST_SUCCESS] Job ID '1759093084_4117' (Title: 'nd,msa') posted successfully by 'suthan@jobhunt.top'.
[2025-09-29 02:28:04] [AI_IMAGE_WARNING] GD library not available. Cannot create placeholder image for job ID '1759093084_4117'.
[2025-09-29 02:28:04] [ACCESS_ATTEMPT] User 'suthan@jobhunt.top' (Role: 'super_admin') attempting to access view: 'post_job'.
[2025-09-29 02:28:24] [ACCESS_ATTEMPT] User 'suthan@jobhunt.top' (Role: 'super_admin') attempting to access view: 'post_job'.
[2025-09-29 02:28:32] [AI_SUMMARY_SKIP] AI Summary generation skipped for job 'nd,msag': API Key is placeholder or empty.
[2025-09-29 02:28:34] [AI_SUMMARY_SUCCESS] AI summary generated successfully for job 'nd,msag'.
[2025-09-29 02:28:34] [JOB_POST_REVIEW_READY] Job post by 'suthan@jobhunt.top' (Title: 'nd,msag') ready for review.
[2025-09-29 02:28:34] [ACCESS_ATTEMPT] User 'suthan@jobhunt.top' (Role: 'super_admin') attempting to access view: 'post_job'.
[2025-09-29 02:30:41] [ACCESS_ATTEMPT] User 'suthan@jobhunt.top' (Role: 'super_admin') attempting to access view: 'post_job'.
[2025-09-29 02:30:47] [ACCESS_ATTEMPT] User 'suthan@jobhunt.top' (Role: 'super_admin') attempting to access view: 'post_job'.
[2025-09-29 02:30:49] [ACCESS_ATTEMPT] User 'suthan@jobhunt.top' (Role: 'super_admin') attempting to access view: 'post_job'.
[2025-09-29 02:31:02] [ACCESS_ATTEMPT] User 'suthan@jobhunt.top' (Role: 'super_admin') attempting to access view: 'post_job'.
[2025-09-29 02:31:17] [AI_SUMMARY_SKIP] AI Summary generation skipped for job 'Network Engineer 10': API Key is placeholder or empty.
[2025-09-29 02:31:19] [AI_SUMMARY_SUCCESS] AI summary generated successfully for job 'Network Engineer 10'.
[2025-09-29 02:31:19] [JOB_POST_REVIEW_READY] Job post by 'suthan@jobhunt.top' (Title: 'Network Engineer 10') ready for review.
[2025-09-29 02:31:19] [ACCESS_ATTEMPT] User 'suthan@jobhunt.top' (Role: 'super_admin') attempting to access view: 'post_job'.
[2025-09-29 02:56:50] [ACCESS_ATTEMPT] User 'suthan@jobhunt.top' (Role: 'super_admin') attempting to access view: 'post_job'.
[2025-09-29 02:56:51] [ACCESS_ATTEMPT] User 'suthan@jobhunt.top' (Role: 'super_admin') attempting to access view: 'post_job'.
[2025-09-29 02:56:53] [ACCESS_ATTEMPT] User 'suthan@jobhunt.top' (Role: 'super_admin') attempting to access view: 'post_job'.
[2025-09-29 02:57:05] [AI_SUMMARY_SKIP] AI Summary generation skipped for job 'Network Engineer 10gss': API Key is placeholder or empty.
[2025-09-29 02:57:09] [AI_SUMMARY_SUCCESS] AI summary generated successfully for job 'Network Engineer 10gss'.
[2025-09-29 02:57:09] [JOB_POST_REVIEW_READY] Job post by 'suthan@jobhunt.top' (Title: 'Network Engineer 10gss') ready for review.
[2025-09-29 02:57:09] [ACCESS_ATTEMPT] User 'suthan@jobhunt.top' (Role: 'super_admin') attempting to access view: 'post_job'.
[2025-09-29 03:23:00] [ACCESS_ATTEMPT] User 'suthan@jobhunt.top' (Role: 'super_admin') attempting to access view: 'post_job'.
[2025-09-29 03:23:02] [ACCESS_ATTEMPT] User 'suthan@jobhunt.top' (Role: 'super_admin') attempting to access view: 'post_job'.
[2025-09-29 03:23:05] [ACCESS_ATTEMPT] User 'suthan@jobhunt.top' (Role: 'super_admin') attempting to access view: 'post_job'.
[2025-09-29 03:23:42] [AI_SUMMARY_SKIP] AI Summary generation skipped for job 'Network Engineer 10gss': API Key is placeholder or empty.
[2025-09-29 03:23:44] [AI_SUMMARY_SUCCESS] AI summary generated successfully for job 'Network Engineer 10gss'.
[2025-09-29 03:23:44] [JOB_POST_REVIEW_READY] Job post by 'suthan@jobhunt.top' (Title: 'Network Engineer 10gss') ready for review.
[2025-09-29 03:23:44] [ACCESS_ATTEMPT] User 'suthan@jobhunt.top' (Role: 'super_admin') attempting to access view: 'post_job'.
[2025-09-29 03:27:46] [ACCESS_ATTEMPT] User 'suthan@jobhunt.top' (Role: 'super_admin') attempting to access view: 'post_job'.
[2025-09-29 03:28:20] [ACCESS_ATTEMPT] User 'suthan@jobhunt.top' (Role: 'super_admin') attempting to access view: 'post_job'.
[2025-09-29 03:28:24] [ACCESS_ATTEMPT] User 'suthan@jobhunt.top' (Role: 'super_admin') attempting to access view: 'post_job'.
[2025-09-29 03:28:35] [ACCESS_ATTEMPT] User 'suthan@jobhunt.top' (Role: 'super_admin') attempting to access view: 'post_job'.
[2025-09-29 03:31:33] [ACCESS_ATTEMPT] User 'suthan@jobhunt.top' (Role: 'super_admin') attempting to access view: 'post_job'.
[2025-09-29 03:31:35] [ACCESS_ATTEMPT] User 'suthan@jobhunt.top' (Role: 'super_admin') attempting to access view: 'post_job'.
[2025-09-29 03:31:46] [AI_SUMMARY_SKIP] AI Summary generation skipped for job 'Network Engineer 10gss': API Key is placeholder or empty.
[2025-09-29 03:31:49] [AI_SUMMARY_SUCCESS] AI summary generated successfully for job 'Network Engineer 10gss'.
[2025-09-29 03:31:49] [JOB_POST_REVIEW_READY] Job post by 'suthan@jobhunt.top' (Title: 'Network Engineer 10gss') ready for review.
[2025-09-29 03:31:49] [ACCESS_ATTEMPT] User 'suthan@jobhunt.top' (Role: 'super_admin') attempting to access view: 'post_job'.
[2025-09-29 03:36:01] [ACCESS_ATTEMPT] User 'suthan@jobhunt.top' (Role: 'super_admin') attempting to access view: 'post_job'.
[2025-09-29 03:37:54] [ACCESS_ATTEMPT] User 'suthan@jobhunt.top' (Role: 'super_admin') attempting to access view: 'post_job'.
[2025-09-29 03:38:02] [AI_SUMMARY_SKIP] AI Summary generation skipped for job 'Network Engineer 10gss': API Key is placeholder or empty.
[2025-09-29 03:38:07] [AI_SUMMARY_SUCCESS] AI summary generated successfully for job 'Network Engineer 10gss'.
[2025-09-29 03:38:07] [JOB_POST_REVIEW_READY] Job post by 'suthan@jobhunt.top' (Title: 'Network Engineer 10gss') ready for review.
[2025-09-29 03:38:07] [ACCESS_ATTEMPT] User 'suthan@jobhunt.top' (Role: 'super_admin') attempting to access view: 'post_job'.
[2025-09-29 03:40:06] [ACCESS_ATTEMPT] User 'suthan@jobhunt.top' (Role: 'super_admin') attempting to access view: 'post_job'.
[2025-09-29 03:40:08] [ACCESS_ATTEMPT] User 'suthan@jobhunt.top' (Role: 'super_admin') attempting to access view: 'post_job'.
[2025-09-29 03:40:10] [ACCESS_ATTEMPT] User 'suthan@jobhunt.top' (Role: 'super_admin') attempting to access view: 'post_job'.
[2025-09-29 03:43:16] [ACCESS_ATTEMPT] User 'suthan@jobhunt.top' (Role: 'super_admin') attempting to access view: 'post_job'.
[2025-09-29 03:45:03] [ACCESS_ATTEMPT] User 'suthan@jobhunt.top' (Role: 'super_admin') attempting to access view: 'post_job'.
[2025-09-29 03:45:45] [ACCESS_ATTEMPT] User 'suthan@jobhunt.top' (Role: 'super_admin') attempting to access view: 'post_job'.
[2025-09-29 03:45:51] [ACCESS_ATTEMPT] User 'suthan@jobhunt.top' (Role: 'super_admin') attempting to access view: 'post_job'.
[2025-09-29 03:45:56] [AI_SUMMARY_SKIP] AI Summary generation skipped for job 'Network Engineer 10': API Key is placeholder or empty.
[2025-09-29 03:46:00] [AI_SUMMARY_SUCCESS] AI summary generated successfully for job 'Network Engineer 10'.
[2025-09-29 03:46:00] [JOB_POST_REVIEW_READY] Job post by 'suthan@jobhunt.top' (Title: 'Network Engineer 10') ready for review.
[2025-09-29 03:46:00] [ACCESS_ATTEMPT] User 'suthan@jobhunt.top' (Role: 'super_admin') attempting to access view: 'post_job'.
[2025-09-29 03:46:33] [ACCESS_ATTEMPT] User 'suthan@jobhunt.top' (Role: 'super_admin') attempting to access view: 'post_job'.
[2025-09-29 03:46:40] [ACCESS_ATTEMPT] User 'suthan@jobhunt.top' (Role: 'super_admin') attempting to access view: 'post_job'.
[2025-09-29 03:50:46] [ACCESS_ATTEMPT] User 'suthan@jobhunt.top' (Role: 'super_admin') attempting to access view: 'post_job'.
[2025-09-29 03:50:48] [ACCESS_ATTEMPT] User 'suthan@jobhunt.top' (Role: 'super_admin') attempting to access view: 'post_job'.
[2025-09-29 03:52:55] [ACCESS_ATTEMPT] User 'suthan@jobhunt.top' (Role: 'super_admin') attempting to access view: 'post_job'.
[2025-09-29 03:56:38] [AI_SUMMARY_SKIP] AI Summary generation skipped for job 'Network Engineer 10': API Key is placeholder or empty.
[2025-09-29 03:56:42] [AI_SUMMARY_SUCCESS] AI summary generated successfully for job 'Network Engineer 10'.
[2025-09-29 03:56:42] [JOB_POST_REVIEW_READY] Job post by 'suthan@jobhunt.top' (Title: 'Network Engineer 10') ready for review.
[2025-09-29 03:56:42] [ACCESS_ATTEMPT] User 'suthan@jobhunt.top' (Role: 'super_admin') attempting to access view: 'post_job'.
[2025-09-29 04:04:07] [ACCESS_ATTEMPT] User 'suthan@jobhunt.top' (Role: 'super_admin') attempting to access view: 'post_job'.
[2025-09-29 04:04:09] [ACCESS_ATTEMPT] User 'suthan@jobhunt.top' (Role: 'super_admin') attempting to access view: 'post_job'.
[2025-09-29 04:04:10] [ACCESS_ATTEMPT] User 'suthan@jobhunt.top' (Role: 'super_admin') attempting to access view: 'post_job'.
[2025-09-29 04:04:12] [ACCESS_ATTEMPT] User 'suthan@jobhunt.top' (Role: 'super_admin') attempting to access view: 'post_job'.
[2025-09-29 04:04:29] [ACCESS_ATTEMPT] User 'suthan@jobhunt.top' (Role: 'super_admin') attempting to access view: 'post_job'.
[2025-09-29 04:04:56] [ACCESS_ATTEMPT] User 'suthan@jobhunt.top' (Role: 'super_admin') attempting to access view: 'post_job'.
[2025-09-29 04:05:12] [ACCESS_ATTEMPT] User 'suthan@jobhunt.top' (Role: 'super_admin') attempting to access view: 'post_job'.
[2025-09-29 04:05:32] [AI_SUMMARY_SKIP] AI Summary generation skipped for job 'Network Engineer 10': API Key is placeholder or empty.
[2025-09-29 04:05:37] [AI_SUMMARY_SUCCESS] AI summary generated successfully for job 'Network Engineer 10'.
[2025-09-29 04:05:37] [JOB_POST_REVIEW_READY] Job post by 'suthan@jobhunt.top' (Title: 'Network Engineer 10') ready for review.
[2025-09-29 04:05:37] [ACCESS_ATTEMPT] User 'suthan@jobhunt.top' (Role: 'super_admin') attempting to access view: 'post_job'.
[2025-09-29 04:06:05] [ACCESS_ATTEMPT] User 'suthan@jobhunt.top' (Role: 'super_admin') attempting to access view: 'post_job'.
[2025-09-29 04:06:07] [ACCESS_ATTEMPT] User 'suthan@jobhunt.top' (Role: 'super_admin') attempting to access view: 'post_job'.
[2025-09-29 04:06:09] [ACCESS_ATTEMPT] User 'suthan@jobhunt.top' (Role: 'super_admin') attempting to access view: 'post_job'.
[2025-09-29 04:06:18] [AI_SUMMARY_SKIP] AI Summary generation skipped for job 'Network Engineer 10': API Key is placeholder or empty.
[2025-09-29 04:06:22] [AI_SUMMARY_SUCCESS] AI summary generated successfully for job 'Network Engineer 10'.
[2025-09-29 04:06:22] [JOB_POST_REVIEW_READY] Job post by 'suthan@jobhunt.top' (Title: 'Network Engineer 10') ready for review.
[2025-09-29 04:06:22] [ACCESS_ATTEMPT] User 'suthan@jobhunt.top' (Role: 'super_admin') attempting to access view: 'post_job'.
[2025-09-29 04:06:38] [ACCESS_ATTEMPT] User 'suthan@jobhunt.top' (Role: 'super_admin') attempting to access view: 'post_job'.
[2025-09-29 04:06:50] [ACCESS_ATTEMPT] User 'suthan@jobhunt.top' (Role: 'super_admin') attempting to access view: 'post_job'.
[2025-09-29 04:06:52] [ACCESS_ATTEMPT] User 'suthan@jobhunt.top' (Role: 'super_admin') attempting to access view: 'post_job'.
[2025-09-29 04:06:56] [AI_SUMMARY_SKIP] AI Summary generation skipped for job 'Network Engineer 10': API Key is placeholder or empty.
[2025-09-29 04:06:59] [AI_SUMMARY_SUCCESS] AI summary generated successfully for job 'Network Engineer 10'.
[2025-09-29 04:06:59] [JOB_POST_REVIEW_READY] Job post by 'suthan@jobhunt.top' (Title: 'Network Engineer 10') ready for review.
[2025-09-29 04:06:59] [ACCESS_ATTEMPT] User 'suthan@jobhunt.top' (Role: 'super_admin') attempting to access view: 'post_job'.
[2025-09-29 04:07:11] [ACCESS_ATTEMPT] User 'suthan@jobhunt.top' (Role: 'super_admin') attempting to access view: 'post_job'.
[2025-09-29 04:07:36] [ACCESS_ATTEMPT] User 'suthan@jobhunt.top' (Role: 'super_admin') attempting to access view: 'post_job'.
[2025-09-29 04:07:38] [ACCESS_ATTEMPT] User 'suthan@jobhunt.top' (Role: 'super_admin') attempting to access view: 'post_job'.
[2025-09-29 04:07:47] [AI_SUMMARY_SKIP] AI Summary generation skipped for job 'Network Engineer 10': API Key is placeholder or empty.
[2025-09-29 04:07:50] [AI_SUMMARY_SUCCESS] AI summary generated successfully for job 'Network Engineer 10'.
[2025-09-29 04:07:50] [JOB_POST_REVIEW_READY] Job post by 'suthan@jobhunt.top' (Title: 'Network Engineer 10') ready for review.
[2025-09-29 04:07:50] [ACCESS_ATTEMPT] User 'suthan@jobhunt.top' (Role: 'super_admin') attempting to access view: 'post_job'.
[2025-09-29 04:12:28] [ACCESS_ATTEMPT] User 'suthan@jobhunt.top' (Role: 'super_admin') attempting to access view: 'post_job'.
[2025-09-29 04:12:46] [ACCESS_ATTEMPT] User 'suthan@jobhunt.top' (Role: 'super_admin') attempting to access view: 'post_job'.
[2025-09-29 04:12:51] [ACCESS_ATTEMPT] User 'suthan@jobhunt.top' (Role: 'super_admin') attempting to access view: 'post_job'.
[2025-09-29 04:12:59] [AI_SUMMARY_SKIP] AI Summary generation skipped for job 'Network Engineer 10': API Key is placeholder or empty.
[2025-09-29 04:13:03] [AI_SUMMARY_SUCCESS] AI summary generated successfully for job 'Network Engineer 10'.
[2025-09-29 04:13:03] [JOB_POST_REVIEW_READY] Job post by 'suthan@jobhunt.top' (Title: 'Network Engineer 10') ready for review.
[2025-09-29 04:13:03] [ACCESS_ATTEMPT] User 'suthan@jobhunt.top' (Role: 'super_admin') attempting to access view: 'post_job'.
[2025-09-29 04:17:34] [ACCESS_ATTEMPT] User 'suthan@jobhunt.top' (Role: 'super_admin') attempting to access view: 'post_job'.
[2025-09-29 04:17:51] [ACCESS_ATTEMPT] User 'suthan@jobhunt.top' (Role: 'super_admin') attempting to access view: 'post_job'.
[2025-09-29 04:18:27] [ACCESS_ATTEMPT] User 'suthan@jobhunt.top' (Role: 'super_admin') attempting to access view: 'post_job'.
[2025-09-29 04:19:00] [ACCESS_ATTEMPT] User 'suthan@jobhunt.top' (Role: 'super_admin') attempting to access view: 'post_job'.
[2025-09-29 04:19:09] [ACCESS_ATTEMPT] User 'suthan@jobhunt.top' (Role: 'super_admin') attempting to access view: 'post_job'.
[2025-09-29 04:19:22] [ACCESS_ATTEMPT] User 'suthan@jobhunt.top' (Role: 'super_admin') attempting to access view: 'post_job'.
[2025-09-29 04:19:56] [AI_SUMMARY_SKIP] AI Summary generation skipped for job 'Network Engineer 10': API Key is placeholder or empty.
[2025-09-29 04:20:00] [AI_SUMMARY_SUCCESS] AI summary generated successfully for job 'Network Engineer 10'.
[2025-09-29 04:20:00] [JOB_POST_REVIEW_READY] Job post by 'suthan@jobhunt.top' (Title: 'Network Engineer 10') ready for review.
[2025-09-29 04:20:00] [ACCESS_ATTEMPT] User 'suthan@jobhunt.top' (Role: 'super_admin') attempting to access view: 'post_job'.
[2025-09-29 04:20:06] [ACCESS_ATTEMPT] User 'suthan@jobhunt.top' (Role: 'super_admin') attempting to access view: 'post_job'.
[2025-09-29 04:20:08] [AI_SUMMARY_SKIP] AI Summary generation skipped for job 'Network Engineer 10': API Key is placeholder or empty.
[2025-09-29 04:20:12] [AI_SUMMARY_SUCCESS] AI summary generated successfully for job 'Network Engineer 10'.
[2025-09-29 04:20:12] [JOB_POST_REVIEW_READY] Job post by 'suthan@jobhunt.top' (Title: 'Network Engineer 10') ready for review.
[2025-09-29 04:20:12] [ACCESS_ATTEMPT] User 'suthan@jobhunt.top' (Role: 'super_admin') attempting to access view: 'post_job'.
[2025-09-29 04:20:27] [JOB_POST_SUCCESS] Job ID '1759099827_4753' (Title: 'Network Engineer 10') posted successfully by 'suthan@jobhunt.top'.
[2025-09-29 04:20:27] [AI_IMAGE_WARNING] GD library not available. Cannot create placeholder image for job ID '1759099827_4753'.
[2025-09-29 04:20:27] [ACCESS_ATTEMPT] User 'suthan@jobhunt.top' (Role: 'super_admin') attempting to access view: 'post_job'.
[2025-09-29 04:20:42] [ACCESS_ATTEMPT] User 'suthan@jobhunt.top' (Role: 'super_admin') attempting to access view: 'manage_jobs'.
[2025-09-29 04:20:45] [ACCESS_ATTEMPT] User 'suthan@jobhunt.top' (Role: 'super_admin') attempting to access view: 'post_job'.
[2025-09-29 04:20:54] [JOB_POST_DUPLICATE] Duplicate job post attempt by 'suthan@jobhunt.top'. Title: 'Network Engineer 10'. Contacts: P-9789765026 E-s.ariharasuthan@gmail.com.
[2025-09-29 04:20:54] [ACCESS_ATTEMPT] User 'suthan@jobhunt.top' (Role: 'super_admin') attempting to access view: 'post_job'.
[2025-09-29 04:20:57] [ACCESS_ATTEMPT] User 'suthan@jobhunt.top' (Role: 'super_admin') attempting to access view: 'post_job'.
[2025-09-29 04:21:00] [JOB_POST_DUPLICATE] Duplicate job post attempt by 'suthan@jobhunt.top'. Title: 'Network Engineer 10'. Contacts: P-9789765026 E-s.ariharasuthan@gmail.com.
[2025-09-29 04:21:00] [ACCESS_ATTEMPT] User 'suthan@jobhunt.top' (Role: 'super_admin') attempting to access view: 'post_job'.
[2025-09-29 04:21:10] [AI_SUMMARY_SKIP] AI Summary generation skipped for job 'Network Engineer 10n': API Key is placeholder or empty.
[2025-09-29 04:21:14] [AI_SUMMARY_SUCCESS] AI summary generated successfully for job 'Network Engineer 10n'.
[2025-09-29 04:21:14] [JOB_POST_REVIEW_READY] Job post by 'suthan@jobhunt.top' (Title: 'Network Engineer 10n') ready for review.
[2025-09-29 04:21:14] [ACCESS_ATTEMPT] User 'suthan@jobhunt.top' (Role: 'super_admin') attempting to access view: 'post_job'.
[2025-09-29 04:21:21] [ACCESS_ATTEMPT] User 'suthan@jobhunt.top' (Role: 'super_admin') attempting to access view: 'post_job'.
[2025-09-29 04:21:25] [ACCESS_ATTEMPT] User 'suthan@jobhunt.top' (Role: 'super_admin') attempting to access view: 'post_job'.
[2025-09-29 04:21:31] [ACCESS_ATTEMPT] User 'suthan@jobhunt.top' (Role: 'super_admin') attempting to access view: 'post_job'.
[2025-09-29 04:21:32] [ACCESS_ATTEMPT] User 'suthan@jobhunt.top' (Role: 'super_admin') attempting to access view: 'post_job'.
[2025-09-29 04:21:32] [ACCESS_ATTEMPT] User 'suthan@jobhunt.top' (Role: 'super_admin') attempting to access view: 'post_job'.
[2025-09-29 04:21:33] [ACCESS_ATTEMPT] User 'suthan@jobhunt.top' (Role: 'super_admin') attempting to access view: 'post_job'.
[2025-09-29 04:21:34] [JOB_POST_SUCCESS] Job ID '1759099894_5922' (Title: 'Network Engineer 10n') posted successfully by 'suthan@jobhunt.top'.
[2025-09-29 04:21:34] [AI_IMAGE_WARNING] GD library not available. Cannot create placeholder image for job ID '1759099894_5922'.
[2025-09-29 04:21:34] [ACCESS_ATTEMPT] User 'suthan@jobhunt.top' (Role: 'super_admin') attempting to access view: 'post_job'.
[2025-09-29 04:22:26] [ACCESS_ATTEMPT] User 'suthan@jobhunt.top' (Role: 'super_admin') attempting to access view: 'post_job'.
[2025-09-29 04:22:34] [JOB_POST_DUPLICATE] Duplicate job post attempt by 'suthan@jobhunt.top'. Title: 'Network Engineer 10'. Contacts: P-97897650266 E-s.ariharasuthan@gmail.com.
[2025-09-29 04:22:34] [ACCESS_ATTEMPT] User 'suthan@jobhunt.top' (Role: 'super_admin') attempting to access view: 'post_job'.
[2025-09-29 04:22:46] [AI_SUMMARY_SKIP] AI Summary generation skipped for job 'Network Engineer 10': API Key is placeholder or empty.
[2025-09-29 04:22:49] [AI_SUMMARY_SUCCESS] AI summary generated successfully for job 'Network Engineer 10'.
[2025-09-29 04:22:49] [JOB_POST_REVIEW_READY] Job post by 'suthan@jobhunt.top' (Title: 'Network Engineer 10') ready for review.
[2025-09-29 04:22:49] [ACCESS_ATTEMPT] User 'suthan@jobhunt.top' (Role: 'super_admin') attempting to access view: 'post_job'.
[2025-09-29 04:22:55] [ACCESS_ATTEMPT] User 'suthan@jobhunt.top' (Role: 'super_admin') attempting to access view: 'post_job'.
[2025-09-29 04:23:14] [ACCESS_ATTEMPT] User 'suthan@jobhunt.top' (Role: 'super_admin') attempting to access view: 'post_job'.
[2025-09-29 04:23:17] [ACCESS_ATTEMPT] User 'suthan@jobhunt.top' (Role: 'super_admin') attempting to access view: 'post_job'.
[2025-09-29 04:23:26] [AI_SUMMARY_SKIP] AI Summary generation skipped for job 'Network Engineer 10j': API Key is placeholder or empty.
[2025-09-29 04:23:29] [AI_SUMMARY_SUCCESS] AI summary generated successfully for job 'Network Engineer 10j'.
[2025-09-29 04:23:29] [JOB_POST_REVIEW_READY] Job post by 'suthan@jobhunt.top' (Title: 'Network Engineer 10j') ready for review.
[2025-09-29 04:23:29] [ACCESS_ATTEMPT] User 'suthan@jobhunt.top' (Role: 'super_admin') attempting to access view: 'post_job'.
[2025-09-29 04:23:36] [JOB_POST_SUCCESS] Job ID '1759100016_1396' (Title: 'Network Engineer 10j') posted successfully by 'suthan@jobhunt.top'.
[2025-09-29 04:23:36] [AI_IMAGE_WARNING] GD library not available. Cannot create placeholder image for job ID '1759100016_1396'.
[2025-09-29 04:23:36] [ACCESS_ATTEMPT] User 'suthan@jobhunt.top' (Role: 'super_admin') attempting to access view: 'post_job'.
[2025-09-29 04:23:45] [ACCESS_ATTEMPT] User 'suthan@jobhunt.top' (Role: 'super_admin') attempting to access view: 'manage_jobs'.
[2025-09-29 04:23:47] [ACCESS_ATTEMPT] User 'suthan@jobhunt.top' (Role: 'super_admin') attempting to access view: 'post_job'.
[2025-09-29 04:24:50] [ACCESS_ATTEMPT] User 'suthan@jobhunt.top' (Role: 'super_admin') attempting to access view: 'post_job'.
